product,recommended,transactions
10 COLOUR SPACEBOY PEN,HAND WARMER SCOTTY DOG DESIGN,1
10 COLOUR SPACEBOY PEN,HAND WARMER UNION JACK,1
10 COLOUR SPACEBOY PEN,12 PENCIL SMALL TUBE WOODLAND,1
10 COLOUR SPACEBOY PEN,12 PENCILS SMALL TUBE RED RETROSPOT,1
10 COLOUR SPACEBOY PEN,12 PENCILS SMALL TUBE SKULL,1
12 DAISY PEGS IN WOOD BOX,CARD GINGHAM ROSE,1
12 DAISY PEGS IN WOOD BOX,72 SWEETHEART FAIRY CAKE CASES,1
12 DAISY PEGS IN WOOD BOX,HANGING HEART ZINC T-LIGHT HOLDER,1
12 DAISY PEGS IN WOOD BOX,"DECOUPAGE,GREETING CARD,",1
12 DAISY PEGS IN WOOD BOX,CARD BILLBOARD FONT,1
12 EGG HOUSE PAINTED WOOD,BAG 250G SWIRLY MARBLES,1
12 EGG HOUSE PAINTED WOOD,GARAGE KEY FOB,1
12 EGG HOUSE PAINTED WOOD,CERAMIC CAKE DESIGN SPOTTED MUG,1
12 EGG HOUSE PAINTED WOOD,HEART DECORATION RUSTIC HANGING,1
12 EGG HOUSE PAINTED WOOD,ASSORTED COLOUR MINI CASES,1
12 PENCIL SMALL TUBE WOODLAND,GIN + TONIC DIET METAL SIGN,2
12 PENCIL SMALL TUBE WOODLAND,LAUNDRY 15C METAL SIGN,2
12 PENCIL SMALL TUBE WOODLAND,LUNCH BAG SPACEBOY DESIGN,2
12 PENCIL SMALL TUBE WOODLAND,LUNCH BAG WOODLAND,2
12 PENCIL SMALL TUBE WOODLAND,12 PENCILS SMALL TUBE SKULL,2
12 PENCILS SMALL TUBE RED RETROSPOT,GREEN POLKADOT BOWL,2
12 PENCILS SMALL TUBE RED RETROSPOT,HAND WARMER UNION JACK,2
12 PENCILS SMALL TUBE RED RETROSPOT,12 PENCILS SMALL TUBE SKULL,2
12 PENCILS SMALL TUBE RED RETROSPOT,CHRISTMAS LIGHTS 10 REINDEER,2
12 PENCILS SMALL TUBE RED RETROSPOT,TRADITIONAL WOODEN CATCH CUP GAME,2
12 PENCILS SMALL TUBE SKULL,LAUNDRY 15C METAL SIGN,2
12 PENCILS SMALL TUBE SKULL,LUNCH BAG DOLLY GIRL DESIGN,2
12 PENCILS SMALL TUBE SKULL,LUNCH BAG SPACEBOY DESIGN,2
12 PENCILS SMALL TUBE SKULL,12 PENCIL SMALL TUBE WOODLAND,2
12 PENCILS SMALL TUBE SKULL,12 PENCILS SMALL TUBE RED RETROSPOT,2
12 PENCILS TALL TUBE POSY,JUMBO BAG VINTAGE LEAF,1
12 PENCILS TALL TUBE POSY,CHILDRENS CUTLERY SPACEBOY,1
12 PENCILS TALL TUBE POSY,CARROT CHARLIE+LOLA COASTER SET,1
12 PENCILS TALL TUBE POSY,JUMBO BAG OWLS,1
12 PENCILS TALL TUBE POSY,IVORY KITCHEN SCALES,1
12 PENCILS TALL TUBE RED RETROSPOT,IVORY KITCHEN SCALES,1
12 PENCILS TALL TUBE RED RETROSPOT,HEN HOUSE DECORATION,1
12 PENCILS TALL TUBE RED RETROSPOT,FULL ENGLISH BREAKFAST PLATE,1
12 PENCILS TALL TUBE RED RETROSPOT,CHRISTMAS TOILET ROLL,1
12 PENCILS TALL TUBE RED RETROSPOT,HEART OF WICKER LARGE,1
12 PENCILS TALL TUBE SKULLS,PACK OF 12 SKULL TISSUES,2
12 PENCILS TALL TUBE SKULLS,SMALL WHITE HEART OF WICKER,2
12 PENCILS TALL TUBE SKULLS,12 PENCILS TALL TUBE WOODLAND,2
12 PENCILS TALL TUBE SKULLS,LUNCH BAG CARS BLUE,1
12 PENCILS TALL TUBE SKULLS,GAOLERS KEYS DECORATIVE GARDEN,1
12 PENCILS TALL TUBE WOODLAND,PACK OF 12 SKULL TISSUES,2
12 PENCILS TALL TUBE WOODLAND,SMALL WHITE HEART OF WICKER,2
12 PENCILS TALL TUBE WOODLAND,12 PENCILS TALL TUBE SKULLS,2
12 PENCILS TALL TUBE WOODLAND,GIN + TONIC DIET METAL SIGN,1
12 PENCILS TALL TUBE WOODLAND,DOORMAT RED RETROSPOT,1
12 RED ROSE PEG PLACE SETTINGS,CHILDRENS CUTLERY POLKADOT PINK,1
12 RED ROSE PEG PLACE SETTINGS,JUMBO BAG OWLS,1
12 RED ROSE PEG PLACE SETTINGS,CHILDRENS CUTLERY SPACEBOY,1
12 RED ROSE PEG PLACE SETTINGS,LUNCH BAG RED RETROSPOT,1
12 RED ROSE PEG PLACE SETTINGS,HEART OF WICKER LARGE,1
15CM CHRISTMAS GLASS BALL 20 LIGHTS,GARDENERS KNEELING PAD KEEP CALM,3
15CM CHRISTMAS GLASS BALL 20 LIGHTS,ANTIQUE SILVER BAUBLE LAMP,2
15CM CHRISTMAS GLASS BALL 20 LIGHTS,GREEN CHRISTMAS TREE CARD HOLDER,2
15CM CHRISTMAS GLASS BALL 20 LIGHTS,SET 6 PAPER TABLE LANTERN STARS,2
15CM CHRISTMAS GLASS BALL 20 LIGHTS,6 GIFT TAGS VINTAGE CHRISTMAS,2
16 PIECE CUTLERY SET PANTRY DESIGN,COSY HOUR CIGAR BOX MATCHES,1
16 PIECE CUTLERY SET PANTRY DESIGN,CINAMMON & ORANGE WREATH,1
16 PIECE CUTLERY SET PANTRY DESIGN,CARAVAN SQUARE TISSUE BOX,1
16 PIECE CUTLERY SET PANTRY DESIGN,LARGE YELLOW BABUSHKA NOTEBOOK,1
16 PIECE CUTLERY SET PANTRY DESIGN,PANTRY WASHING UP BRUSH,1
18PC WOODEN CUTLERY SET DISPOSABLE,CHILDRENS CUTLERY POLKADOT PINK,1
18PC WOODEN CUTLERY SET DISPOSABLE,CHILDRENS CUTLERY RETROSPOT RED,1
18PC WOODEN CUTLERY SET DISPOSABLE,CIRCUS PARADE BABY GIFT SET,1
18PC WOODEN CUTLERY SET DISPOSABLE,HANGING HEART ZINC T-LIGHT HOLDER,1
18PC WOODEN CUTLERY SET DISPOSABLE,6PC WOOD PLATE SET DISPOSABLE,1
20 DOLLY PEGS RETROSPOT,JAM MAKING SET PRINTED,2
20 DOLLY PEGS RETROSPOT,ALARM CLOCK BAKELIKE GREEN,2
20 DOLLY PEGS RETROSPOT,SET OF 12 FAIRY CAKE BAKING CASES,2
20 DOLLY PEGS RETROSPOT,SET OF 4 PANTRY JELLY MOULDS,2
20 DOLLY PEGS RETROSPOT,VINTAGE DOILY TRAVEL SEWING KIT,2
200 RED + WHITE BENDY STRAWS,LARGE WHITE HEART OF WICKER,2
200 RED + WHITE BENDY STRAWS,SMALL WHITE HEART OF WICKER,2
200 RED + WHITE BENDY STRAWS,CHARLIE & LOLA WASTEPAPER BIN BLUE,1
200 RED + WHITE BENDY STRAWS,ABSTRACT CIRCLES POCKET BOOK,1
200 RED + WHITE BENDY STRAWS,JUMBO BAG PINK POLKADOT,1
3 DRAWER ANTIQUE WHITE WOOD CABINET,LUNCH BAG SPACEBOY DESIGN,1
3 DRAWER ANTIQUE WHITE WOOD CABINET,MAGNETS PACK OF 4 SWALLOWS,1
3 DRAWER ANTIQUE WHITE WOOD CABINET,BLUE HARMONICA IN BOX,1
3 DRAWER ANTIQUE WHITE WOOD CABINET,GUMBALL COAT RACK,1
3 DRAWER ANTIQUE WHITE WOOD CABINET,HOT WATER BOTTLE KEEP CALM,1
3 HEARTS HANGING DECORATION RUSTIC,SET OF 3 WOODEN HEART DECORATIONS,2
3 HEARTS HANGING DECORATION RUSTIC,LUNCH BAG DOLLY GIRL DESIGN,1
3 HEARTS HANGING DECORATION RUSTIC,LUNCH BAG PAISLEY PARK,1
3 HEARTS HANGING DECORATION RUSTIC,12 PENCIL SMALL TUBE WOODLAND,1
3 HEARTS HANGING DECORATION RUSTIC,12 PENCILS SMALL TUBE RED RETROSPOT,1
3 HOOK HANGER MAGIC GARDEN,FRENCH BLUE METAL DOOR SIGN 1,1
3 HOOK HANGER MAGIC GARDEN,FRENCH BLUE METAL DOOR SIGN 2,1
3 HOOK HANGER MAGIC GARDEN,DECORATIVE WICKER HEART LARGE,1
3 HOOK HANGER MAGIC GARDEN,JUMBO SHOPPER VINTAGE RED PAISLEY,1
3 HOOK HANGER MAGIC GARDEN,DOORMAT RED RETROSPOT,1
3 HOOK PHOTO SHELF ANTIQUE WHITE,SMALL WHITE HEART OF WICKER,4
3 HOOK PHOTO SHELF ANTIQUE WHITE,FAMILY ALBUM WHITE PICTURE FRAME,3
3 HOOK PHOTO SHELF ANTIQUE WHITE,LUNCH BAG  BLACK SKULL.,3
3 HOOK PHOTO SHELF ANTIQUE WHITE,LUNCH BAG CARS BLUE,3
3 HOOK PHOTO SHELF ANTIQUE WHITE,LUNCH BAG SUKI DESIGN,3
3 PIECE SPACEBOY COOKIE CUTTER SET,GINGERBREAD MAN COOKIE CUTTER,3
3 PIECE SPACEBOY COOKIE CUTTER SET,BLUE DINER WALL CLOCK,2
3 PIECE SPACEBOY COOKIE CUTTER SET,IVORY DINER WALL CLOCK,2
3 PIECE SPACEBOY COOKIE CUTTER SET,COOK WITH WINE METAL SIGN,2
3 PIECE SPACEBOY COOKIE CUTTER SET,GIN + TONIC DIET METAL SIGN,2
3 RAFFIA RIBBONS 50'S CHRISTMAS,3 RAFFIA RIBBONS VINTAGE CHRISTMAS,2
3 RAFFIA RIBBONS 50'S CHRISTMAS,6 RIBBONS ELEGANT CHRISTMAS,2
3 RAFFIA RIBBONS 50'S CHRISTMAS,6 GIFT TAGS 50'S CHRISTMAS,2
3 RAFFIA RIBBONS 50'S CHRISTMAS,PACK 3 BOXES CHRISTMAS PANNETONE,2
3 RAFFIA RIBBONS 50'S CHRISTMAS,ROLL WRAP 50'S CHRISTMAS,2
3 RAFFIA RIBBONS VINTAGE CHRISTMAS,3 RAFFIA RIBBONS 50'S CHRISTMAS,2
3 RAFFIA RIBBONS VINTAGE CHRISTMAS,6 RIBBONS ELEGANT CHRISTMAS,2
3 RAFFIA RIBBONS VINTAGE CHRISTMAS,6 GIFT TAGS 50'S CHRISTMAS,2
3 RAFFIA RIBBONS VINTAGE CHRISTMAS,PACK 3 BOXES CHRISTMAS PANNETONE,2
3 RAFFIA RIBBONS VINTAGE CHRISTMAS,ROLL WRAP 50'S CHRISTMAS,2
3 STRIPEY MICE FELTCRAFT,LUNCH BAG WOODLAND,1
3 STRIPEY MICE FELTCRAFT,MAKE YOUR OWN PLAYTIME CARD KIT,1
3 STRIPEY MICE FELTCRAFT,JUNGLE POPSICLES ICE LOLLY MOULDS,1
3 STRIPEY MICE FELTCRAFT,BUNDLE OF 3 ALPHABET EXERCISE BOOKS,1
3 STRIPEY MICE FELTCRAFT,BUNDLE OF 3 RETRO NOTE BOOKS,1
3 TRADITIONAL BISCUIT CUTTERS  SET,DOGGY RUBBER,1
3 TRADITIONAL BISCUIT CUTTERS  SET,ANTIQUE SILVER BAUBLE LAMP,1
3 TRADITIONAL BISCUIT CUTTERS  SET,FELTCRAFT HAIRBAND PINK AND PURPLE,1
3 TRADITIONAL BISCUIT CUTTERS  SET,FELTCRAFT HAIRBAND RED AND BLUE,1
3 TRADITIONAL BISCUIT CUTTERS  SET,FELTCRAFT HAIRBANDS PINK AND WHITE,1
36 DOILIES VINTAGE CHRISTMAS,3D CHRISTMAS STAMPS STICKERS,3
36 DOILIES VINTAGE CHRISTMAS,3D TRADITIONAL CHRISTMAS STICKERS,2
36 DOILIES VINTAGE CHRISTMAS,PAPER CHAIN KIT 50'S CHRISTMAS,2
36 DOILIES VINTAGE CHRISTMAS,ROCKING HORSE RED CHRISTMAS,2
36 DOILIES VINTAGE CHRISTMAS,SET OF 20 VINTAGE CHRISTMAS NAPKINS,2
36 FOIL HEART CAKE CASES,36 FOIL STAR CAKE CASES,2
36 FOIL HEART CAKE CASES,RETROSPOT PARTY BAG + STICKER SET,2
36 FOIL HEART CAKE CASES,CERAMIC HEART FAIRY CAKE MONEY BANK,1
36 FOIL HEART CAKE CASES,BALLOON ART MAKE YOUR OWN FLOWERS,1
36 FOIL HEART CAKE CASES,CERAMIC LOVE HEART MONEY BANK,1
36 FOIL STAR CAKE CASES,36 FOIL HEART CAKE CASES,2
36 FOIL STAR CAKE CASES,RETROSPOT PARTY BAG + STICKER SET,2
36 FOIL STAR CAKE CASES,KEY RING BASEBALL BOOT UNION JACK,1
36 FOIL STAR CAKE CASES,LARGE WHITE HEART OF WICKER,1
36 FOIL STAR CAKE CASES,CHARLIE + LOLA RED HOT WATER BOTTLE,1
36 PENCILS TUBE RED RETROSPOT,LUNCH BOX I LOVE LONDON,2
36 PENCILS TUBE RED RETROSPOT,MAGIC DRAWING SLATE CIRCUS PARADE,2
36 PENCILS TUBE RED RETROSPOT,CIRCUS PARADE LUNCH BOX,2
36 PENCILS TUBE RED RETROSPOT,PLASTERS IN TIN CIRCUS PARADE,2
36 PENCILS TUBE RED RETROSPOT,PLASTERS IN TIN SPACEBOY,2
36 PENCILS TUBE SKULLS,CERAMIC PIRATE CHEST MONEY BANK,2
36 PENCILS TUBE SKULLS,36 PENCILS TUBE WOODLAND,2
36 PENCILS TUBE SKULLS,PLASTERS IN TIN SKULLS,2
36 PENCILS TUBE SKULLS,RED  HARMONICA IN BOX,2
36 PENCILS TUBE SKULLS,WHITE HANGING HEART T-LIGHT HOLDER,2
36 PENCILS TUBE WOODLAND,BAKING SET SPACEBOY DESIGN,2
36 PENCILS TUBE WOODLAND,FELTCRAFT DOLL MOLLY,2
36 PENCILS TUBE WOODLAND,MAGIC DRAWING SLATE SPACEBOY,2
36 PENCILS TUBE WOODLAND,JUMBO BAG VINTAGE DOILY,2
36 PENCILS TUBE WOODLAND,MAGIC DRAWING SLATE DOLLY GIRL,2
3D CHRISTMAS STAMPS STICKERS,PAPER CHAIN KIT 50'S CHRISTMAS,5
3D CHRISTMAS STAMPS STICKERS,6 GIFT TAGS VINTAGE CHRISTMAS,4
3D CHRISTMAS STAMPS STICKERS,3D TRADITIONAL CHRISTMAS STICKERS,4
3D CHRISTMAS STAMPS STICKERS,JUMBO BAG 50'S CHRISTMAS,3
3D CHRISTMAS STAMPS STICKERS,VINTAGE CHRISTMAS GIFT BAG LARGE,3
3D TRADITIONAL CHRISTMAS STICKERS,3D CHRISTMAS STAMPS STICKERS,4
3D TRADITIONAL CHRISTMAS STICKERS,CHICK GREY HOT WATER BOTTLE,3
3D TRADITIONAL CHRISTMAS STICKERS,HOT WATER BOTTLE I AM SO POORLY,3
3D TRADITIONAL CHRISTMAS STICKERS,HAND WARMER UNION JACK,3
3D TRADITIONAL CHRISTMAS STICKERS,HOT WATER BOTTLE TEA AND SYMPATHY,3
3D VINTAGE CHRISTMAS STICKERS,3D TRADITIONAL CHRISTMAS STICKERS,3
3D VINTAGE CHRISTMAS STICKERS,3D CHRISTMAS STAMPS STICKERS,3
3D VINTAGE CHRISTMAS STICKERS,50'S CHRISTMAS PAPER GIFT BAG,2
3D VINTAGE CHRISTMAS STICKERS,CHILDRENS CUTLERY RETROSPOT RED,2
3D VINTAGE CHRISTMAS STICKERS,6 GIFT TAGS 50'S CHRISTMAS,2
4 IVORY DINNER CANDLES SILVER FLOCK,HANGING PHOTO CLIP ROPE LADDER,1
4 IVORY DINNER CANDLES SILVER FLOCK,CREAM HEART CARD HOLDER,1
4 IVORY DINNER CANDLES SILVER FLOCK,DOCTOR'S BAG SOFT TOY,1
4 IVORY DINNER CANDLES SILVER FLOCK,CHRISTMAS LIGHTS 10 REINDEER,1
4 IVORY DINNER CANDLES SILVER FLOCK,FELTCRAFT CUSHION OWL,1
4 LILY  BOTANICAL DINNER CANDLES,CREAM SWEETHEART MINI CHEST,1
4 LILY  BOTANICAL DINNER CANDLES,KINGS CHOICE GIANT TUBE MATCHES,1
4 LILY  BOTANICAL DINNER CANDLES,BAKING SET 9 PIECE RETROSPOT,1
4 LILY  BOTANICAL DINNER CANDLES,RETROSPOT GIANT TUBE MATCHES,1
4 LILY  BOTANICAL DINNER CANDLES,VINTAGE UNION JACK MEMOBOARD,1
4 PINK DINNER CANDLE SILVER FLOCK,FELTCRAFT GIRL NICOLE KIT,1
4 PINK DINNER CANDLE SILVER FLOCK,FELTCRAFT DOLL EMILY,1
4 PINK DINNER CANDLE SILVER FLOCK,FELTCRAFT PRINCESS LOLA DOLL,1
4 PINK DINNER CANDLE SILVER FLOCK,CHRISTMAS LIGHTS 10 REINDEER,1
4 PINK DINNER CANDLE SILVER FLOCK,4 IVORY DINNER CANDLES SILVER FLOCK,1
4 PINK FLOCK CHRISTMAS BALLS,CAKE PLATE LOVEBIRD WHITE,1
4 PINK FLOCK CHRISTMAS BALLS,DRAWER KNOB CRACKLE GLAZE GREEN,1
4 PINK FLOCK CHRISTMAS BALLS,HANGING QUILTED PATCHWORK APPLES,1
4 PINK FLOCK CHRISTMAS BALLS,DRAWER KNOB CRACKLE GLAZE PINK,1
4 PINK FLOCK CHRISTMAS BALLS,DISCO BALL CHRISTMAS DECORATION,1
4 PURPLE FLOCK DINNER CANDLES,FELTCRAFT GIRL NICOLE KIT,1
4 PURPLE FLOCK DINNER CANDLES,FELTCRAFT DOLL EMILY,1
4 PURPLE FLOCK DINNER CANDLES,FELTCRAFT PRINCESS LOLA DOLL,1
4 PURPLE FLOCK DINNER CANDLES,CHRISTMAS LIGHTS 10 REINDEER,1
4 PURPLE FLOCK DINNER CANDLES,4 IVORY DINNER CANDLES SILVER FLOCK,1
4 ROSE PINK DINNER CANDLES,JUMBO BAG WOODLAND ANIMALS,1
4 ROSE PINK DINNER CANDLES,JUMBO BAG RED RETROSPOT,1
4 ROSE PINK DINNER CANDLES,JUMBO STORAGE BAG SUKI,1
4 ROSE PINK DINNER CANDLES,FRENCH BATHROOM SIGN BLUE METAL,1
4 ROSE PINK DINNER CANDLES,DOTCOM POSTAGE,1
4 SKY BLUE DINNER CANDLES,CHOCOLATE CALCULATOR,1
4 SKY BLUE DINNER CANDLES,CHILDRENS APRON SPACEBOY DESIGN,1
4 SKY BLUE DINNER CANDLES,BLUE/YELLOW CERAMIC CANDLE HOLDER,1
4 SKY BLUE DINNER CANDLES,JIGSAW TREE WITH BIRDHOUSE,1
4 SKY BLUE DINNER CANDLES,LARGE RED RETROSPOT WINDMILL,1
4 TRADITIONAL SPINNING TOPS,TRADITIONAL WOODEN SKIPPING ROPE,3
4 TRADITIONAL SPINNING TOPS,HAND WARMER BABUSHKA DESIGN,2
4 TRADITIONAL SPINNING TOPS,HAND WARMER BIRD DESIGN,2
4 TRADITIONAL SPINNING TOPS,GINGERBREAD MAN COOKIE CUTTER,2
4 TRADITIONAL SPINNING TOPS,HAND WARMER OWL DESIGN,2
5 HOOK HANGER RED MAGIC TOADSTOOL,60 CAKE CASES DOLLY GIRL DESIGN,1
5 HOOK HANGER RED MAGIC TOADSTOOL,FRENCH WC SIGN BLUE METAL,1
5 HOOK HANGER RED MAGIC TOADSTOOL,60 TEATIME FAIRY CAKE CASES,1
5 HOOK HANGER RED MAGIC TOADSTOOL,12 PENCIL SMALL TUBE WOODLAND,1
5 HOOK HANGER RED MAGIC TOADSTOOL,FRIDGE MAGNETS LA VIE EN ROSE,1
50'S CHRISTMAS GIFT BAG LARGE,6 GIFT TAGS VINTAGE CHRISTMAS,2
50'S CHRISTMAS GIFT BAG LARGE,3D CHRISTMAS STAMPS STICKERS,2
50'S CHRISTMAS GIFT BAG LARGE,6 GIFT TAGS 50'S CHRISTMAS,2
50'S CHRISTMAS GIFT BAG LARGE,3D VINTAGE CHRISTMAS STICKERS,2
50'S CHRISTMAS GIFT BAG LARGE,50'S CHRISTMAS PAPER GIFT BAG,2
50'S CHRISTMAS PAPER GIFT BAG,6 GIFT TAGS VINTAGE CHRISTMAS,2
50'S CHRISTMAS PAPER GIFT BAG,3D CHRISTMAS STAMPS STICKERS,2
50'S CHRISTMAS PAPER GIFT BAG,6 GIFT TAGS 50'S CHRISTMAS,2
50'S CHRISTMAS PAPER GIFT BAG,3D VINTAGE CHRISTMAS STICKERS,2
50'S CHRISTMAS PAPER GIFT BAG,50'S CHRISTMAS GIFT BAG LARGE,2
6 EGG HOUSE PAINTED WOOD,WOODEN CROQUET GARDEN SET,2
6 EGG HOUSE PAINTED WOOD,WOODEN ROUNDERS GARDEN SET,2
6 EGG HOUSE PAINTED WOOD,JAM MAKING SET WITH JARS,1
6 EGG HOUSE PAINTED WOOD,GARLAND WOODEN HAPPY EASTER,1
6 EGG HOUSE PAINTED WOOD,ILLUSTRATED CAT BOWL,1
6 GIFT TAGS 50'S CHRISTMAS,JUMBO BAG RED RETROSPOT,3
6 GIFT TAGS 50'S CHRISTMAS,SET 12 COLOUR PENCILS LOVE LONDON,3
6 GIFT TAGS 50'S CHRISTMAS,ROLL WRAP 50'S CHRISTMAS,3
6 GIFT TAGS 50'S CHRISTMAS,ROLL WRAP 50'S RED CHRISTMAS,3
6 GIFT TAGS 50'S CHRISTMAS,WHITE HANGING HEART T-LIGHT HOLDER,2
6 GIFT TAGS VINTAGE CHRISTMAS,3D CHRISTMAS STAMPS STICKERS,4
6 GIFT TAGS VINTAGE CHRISTMAS,JUMBO BAG 50'S CHRISTMAS,4
6 GIFT TAGS VINTAGE CHRISTMAS,PAPER CHAIN KIT 50'S CHRISTMAS,3
6 GIFT TAGS VINTAGE CHRISTMAS,VINTAGE CHRISTMAS GIFT BAG LARGE,3
6 GIFT TAGS VINTAGE CHRISTMAS,LUNCH BAG CARS BLUE,2
6 RIBBONS ELEGANT CHRISTMAS,6 GIFT TAGS 50'S CHRISTMAS,2
6 RIBBONS ELEGANT CHRISTMAS,6 RIBBONS RUSTIC CHARM,2
6 RIBBONS ELEGANT CHRISTMAS,6 RIBBONS SHIMMERING PINKS,2
6 RIBBONS ELEGANT CHRISTMAS,LUNCH BAG SPACEBOY DESIGN,2
6 RIBBONS ELEGANT CHRISTMAS,ALARM CLOCK BAKELIKE GREEN,2
6 RIBBONS EMPIRE,6 RIBBONS SHIMMERING PINKS,3
6 RIBBONS EMPIRE,6 RIBBONS RUSTIC CHARM,3
6 RIBBONS EMPIRE,WHITE SKULL HOT WATER BOTTLE,3
6 RIBBONS EMPIRE,FELTCRAFT DOLL MOLLY,2
6 RIBBONS EMPIRE,CHRISTMAS LIGHTS 10 REINDEER,2
6 RIBBONS RUSTIC CHARM,LUNCH BAG CARS BLUE,3
6 RIBBONS RUSTIC CHARM,6 RIBBONS EMPIRE,3
6 RIBBONS RUSTIC CHARM,CHOCOLATE HOT WATER BOTTLE,3
6 RIBBONS RUSTIC CHARM,PHOTO CUBE,3
6 RIBBONS RUSTIC CHARM,CHOCOLATE BOX RIBBONS,3
6 RIBBONS SHIMMERING PINKS,WHITE SKULL HOT WATER BOTTLE,3
6 RIBBONS SHIMMERING PINKS,6 RIBBONS EMPIRE,3
6 RIBBONS SHIMMERING PINKS,LUNCH BAG SPACEBOY DESIGN,2
6 RIBBONS SHIMMERING PINKS,6 RIBBONS ELEGANT CHRISTMAS,2
6 RIBBONS SHIMMERING PINKS,6 RIBBONS RUSTIC CHARM,2
60 CAKE CASES DOLLY GIRL DESIGN,72 SWEETHEART FAIRY CAKE CASES,3
60 CAKE CASES DOLLY GIRL DESIGN,60 TEATIME FAIRY CAKE CASES,2
60 CAKE CASES DOLLY GIRL DESIGN,SET 12 RETRO WHITE CHALK STICKS,2
60 CAKE CASES DOLLY GIRL DESIGN,SCOTTIE DOG HOT WATER BOTTLE,2
60 CAKE CASES DOLLY GIRL DESIGN,"AIRLINE LOUNGE,METAL SIGN",2
60 CAKE CASES VINTAGE CHRISTMAS,PAPER CHAIN KIT 50'S CHRISTMAS,2
60 CAKE CASES VINTAGE CHRISTMAS,3D CHRISTMAS STAMPS STICKERS,2
60 CAKE CASES VINTAGE CHRISTMAS,PAPER CHAIN KIT VINTAGE CHRISTMAS,2
60 CAKE CASES VINTAGE CHRISTMAS,SET OF 20 VINTAGE CHRISTMAS NAPKINS,2
60 CAKE CASES VINTAGE CHRISTMAS,6 GIFT TAGS VINTAGE CHRISTMAS,1
60 TEATIME FAIRY CAKE CASES,SET/20 STRAWBERRY PAPER NAPKINS,2
60 TEATIME FAIRY CAKE CASES,SET 12 RETRO WHITE CHALK STICKS,2
60 TEATIME FAIRY CAKE CASES,CHOCOLATE HOT WATER BOTTLE,2
60 TEATIME FAIRY CAKE CASES,STRAWBERRY CERAMIC TRINKET BOX,2
60 TEATIME FAIRY CAKE CASES,60 CAKE CASES DOLLY GIRL DESIGN,2
6PC WOOD PLATE SET DISPOSABLE,COCKTAIL SWORDS 50 PIECES,1
6PC WOOD PLATE SET DISPOSABLE,GREEN METAL BOX ARMY SUPPLIES,1
6PC WOOD PLATE SET DISPOSABLE,DOORMAT RED RETROSPOT,1
6PC WOOD PLATE SET DISPOSABLE,HAND OVER THE CHOCOLATE   SIGN,1
6PC WOOD PLATE SET DISPOSABLE,CHILDRENS CUTLERY POLKADOT PINK,1
70'S ALPHABET WALL ART,BICYCLE SAFTEY WALL ART,1
70'S ALPHABET WALL ART,DOG LICENCE WALL ART,1
70'S ALPHABET WALL ART,MINI PLAYING CARDS BUFFALO BILL,1
70'S ALPHABET WALL ART,MINI PLAYING CARDS DOLLY GIRL,1
70'S ALPHABET WALL ART,MINI PLAYING CARDS GYMKHANA,1
72 SWEETHEART FAIRY CAKE CASES,PACK OF 72 RETROSPOT CAKE CASES,4
72 SWEETHEART FAIRY CAKE CASES,SWALLOWS GREETING CARD,3
72 SWEETHEART FAIRY CAKE CASES,SET/10 PINK POLKADOT PARTY CANDLES,3
72 SWEETHEART FAIRY CAKE CASES,PACK OF 60 DINOSAUR CAKE CASES,3
72 SWEETHEART FAIRY CAKE CASES,60 CAKE CASES DOLLY GIRL DESIGN,3
75 GREEN FAIRY CAKE CASES,CARD BILLBOARD FONT,1
75 GREEN FAIRY CAKE CASES,GREEN GOOSE FEATHER TREE 60CM,1
75 GREEN FAIRY CAKE CASES,LUNCH BAG  BLACK SKULL.,1
75 GREEN FAIRY CAKE CASES,LUNCH BAG ALPHABET DESIGN,1
75 GREEN FAIRY CAKE CASES,CARD CIRCUS PARADE,1
A PRETTY THANK YOU CARD,CARD BILLBOARD FONT,1
A PRETTY THANK YOU CARD,GREEN GOOSE FEATHER TREE 60CM,1
A PRETTY THANK YOU CARD,LUNCH BAG  BLACK SKULL.,1
A PRETTY THANK YOU CARD,LUNCH BAG ALPHABET DESIGN,1
A PRETTY THANK YOU CARD,CARD CIRCUS PARADE,1
ABC TREASURE BOOK BOX,COFFEE MUG PEARS  DESIGN,1
ABC TREASURE BOOK BOX,IVORY DINER WALL CLOCK,1
ABC TREASURE BOOK BOX,CACTI T-LIGHT CANDLES,1
ABC TREASURE BOOK BOX,CREAM SLICE FLANNEL PINK SPOT,1
ABC TREASURE BOOK BOX,LUNCH BAG WOODLAND,1
ABSTRACT CIRCLES POCKET BOOK,KEY RING BASEBALL BOOT ASSORTED,1
ABSTRACT CIRCLES POCKET BOOK,36 FOIL HEART CAKE CASES,1
ABSTRACT CIRCLES POCKET BOOK,36 FOIL STAR CAKE CASES,1
ABSTRACT CIRCLES POCKET BOOK,KEY RING BASEBALL BOOT UNION JACK,1
ABSTRACT CIRCLES POCKET BOOK,CHARLIE + LOLA RED HOT WATER BOTTLE,1
ABSTRACT CIRCLES SKETCHBOOK,3D TRADITIONAL CHRISTMAS STICKERS,1
ABSTRACT CIRCLES SKETCHBOOK,GINGERBREAD MAN COOKIE CUTTER,1
ABSTRACT CIRCLES SKETCHBOOK,FELTCRAFT BUTTERFLY HEARTS,1
ABSTRACT CIRCLES SKETCHBOOK,CHRISTMAS TOILET ROLL,1
ABSTRACT CIRCLES SKETCHBOOK,FELTCRAFT CHRISTMAS FAIRY,1
"ACRYLIC HANGING JEWEL,BLUE",FOLKART CLIP ON STARS,1
"ACRYLIC HANGING JEWEL,BLUE",EASTER DECORATION EGG BUNNY,1
"ACRYLIC HANGING JEWEL,BLUE",EASTER DECORATION HANGING BUNNY,1
"ACRYLIC HANGING JEWEL,BLUE",JUMBO BAG 50'S CHRISTMAS,1
"ACRYLIC HANGING JEWEL,BLUE",BOUDOIR SQUARE TISSUE BOX,1
"ACRYLIC HANGING JEWEL,PINK",FOLKART CLIP ON STARS,1
"ACRYLIC HANGING JEWEL,PINK",EASTER DECORATION EGG BUNNY,1
"ACRYLIC HANGING JEWEL,PINK",EASTER DECORATION HANGING BUNNY,1
"ACRYLIC HANGING JEWEL,PINK",JUMBO BAG 50'S CHRISTMAS,1
"ACRYLIC HANGING JEWEL,PINK",BOUDOIR SQUARE TISSUE BOX,1
"ACRYLIC JEWEL ICICLE, PINK",FOLKART CLIP ON STARS,1
"ACRYLIC JEWEL ICICLE, PINK",EASTER DECORATION EGG BUNNY,1
"ACRYLIC JEWEL ICICLE, PINK",EASTER DECORATION HANGING BUNNY,1
"ACRYLIC JEWEL ICICLE, PINK",JUMBO BAG 50'S CHRISTMAS,1
"ACRYLIC JEWEL ICICLE, PINK",BOUDOIR SQUARE TISSUE BOX,1
ADVENT CALENDAR GINGHAM SACK,LOVELY BONBON STICKER SHEET,1
ADVENT CALENDAR GINGHAM SACK,DOG TOY WITH PINK CROCHET SKIRT,1
ADVENT CALENDAR GINGHAM SACK,CARD CHRISTMAS VILLAGE,1
ADVENT CALENDAR GINGHAM SACK,HOT BATHS METAL SIGN,1
ADVENT CALENDAR GINGHAM SACK,GARLAND WITH HEARTS AND BELLS,1
AGED GLASS SILVER T-LIGHT HOLDER,WOODEN PICTURE FRAME WHITE FINISH,1
AGED GLASS SILVER T-LIGHT HOLDER,WOODEN FRAME ANTIQUE WHITE,1
AGED GLASS SILVER T-LIGHT HOLDER,WHITE BROCANTE SOAP DISH,1
AGED GLASS SILVER T-LIGHT HOLDER,WALL ART LOVES' SECRET,1
AGED GLASS SILVER T-LIGHT HOLDER,VICTORIAN GLASS HANGING T-LIGHT,1
AIRLINE BAG VINTAGE JET SET BROWN,JUMBO STORAGE BAG SUKI,1
AIRLINE BAG VINTAGE JET SET BROWN,JUMBO BAG TOYS,1
AIRLINE BAG VINTAGE JET SET BROWN,FRENCH BLUE METAL DOOR SIGN 9,1
AIRLINE BAG VINTAGE JET SET BROWN,HEART IVORY TRELLIS SMALL,1
AIRLINE BAG VINTAGE JET SET BROWN,EDWARDIAN PARASOL NATURAL,1
AIRLINE BAG VINTAGE JET SET RED,FELTCRAFT HAIRBAND PINK AND BLUE,1
AIRLINE BAG VINTAGE JET SET RED,DOGGY RUBBER,1
AIRLINE BAG VINTAGE JET SET RED,ANTIQUE SILVER BAUBLE LAMP,1
AIRLINE BAG VINTAGE JET SET RED,FELTCRAFT HAIRBAND PINK AND PURPLE,1
AIRLINE BAG VINTAGE JET SET RED,FELTCRAFT HAIRBAND RED AND BLUE,1
AIRLINE BAG VINTAGE JET SET WHITE,AIRLINE BAG VINTAGE WORLD CHAMPION,1
AIRLINE BAG VINTAGE JET SET WHITE,CARRIAGE,1
AIRLINE BAG VINTAGE JET SET WHITE,WHITE SQUARE TABLE CLOCK,1
AIRLINE BAG VINTAGE WORLD CHAMPION,AIRLINE BAG VINTAGE JET SET WHITE,1
AIRLINE BAG VINTAGE WORLD CHAMPION,CARRIAGE,1
AIRLINE BAG VINTAGE WORLD CHAMPION,WHITE SQUARE TABLE CLOCK,1
"AIRLINE LOUNGE,METAL SIGN",60 TEATIME FAIRY CAKE CASES,2
"AIRLINE LOUNGE,METAL SIGN",60 CAKE CASES DOLLY GIRL DESIGN,2
"AIRLINE LOUNGE,METAL SIGN",METAL DECORATION NAUGHTY CHILDREN,2
"AIRLINE LOUNGE,METAL SIGN",WOODEN BOX OF DOMINOES,1
"AIRLINE LOUNGE,METAL SIGN",VINTAGE RED TEATIME MUG,1
ALARM CLOCK BAKELIKE CHOCOLATE,ALARM CLOCK BAKELIKE GREEN,4
ALARM CLOCK BAKELIKE CHOCOLATE,LUNCH BAG SPACEBOY DESIGN,3
ALARM CLOCK BAKELIKE CHOCOLATE,ALARM CLOCK BAKELIKE IVORY,3
ALARM CLOCK BAKELIKE CHOCOLATE,DOORMAT SPOTTY HOME SWEET HOME,3
ALARM CLOCK BAKELIKE CHOCOLATE,60 TEATIME FAIRY CAKE CASES,2
ALARM CLOCK BAKELIKE GREEN,ALARM CLOCK BAKELIKE RED,7
ALARM CLOCK BAKELIKE GREEN,ALARM CLOCK BAKELIKE PINK,6
ALARM CLOCK BAKELIKE GREEN,ALARM CLOCK BAKELIKE IVORY,5
ALARM CLOCK BAKELIKE GREEN,ALARM CLOCK BAKELIKE ORANGE,5
ALARM CLOCK BAKELIKE GREEN,LUNCH BAG SPACEBOY DESIGN,5
ALARM CLOCK BAKELIKE IVORY,ALARM CLOCK BAKELIKE GREEN,5
ALARM CLOCK BAKELIKE IVORY,ALARM CLOCK BAKELIKE RED,4
ALARM CLOCK BAKELIKE IVORY,ALARM CLOCK BAKELIKE CHOCOLATE,3
ALARM CLOCK BAKELIKE IVORY,ALARM CLOCK BAKELIKE PINK,3
ALARM CLOCK BAKELIKE IVORY,MAGNETS PACK OF 4 SWALLOWS,3
ALARM CLOCK BAKELIKE ORANGE,ALARM CLOCK BAKELIKE GREEN,5
ALARM CLOCK BAKELIKE ORANGE,LUNCH BAG SPACEBOY DESIGN,3
ALARM CLOCK BAKELIKE ORANGE,ALARM CLOCK BAKELIKE RED,3
ALARM CLOCK BAKELIKE ORANGE,PLASTERS IN TIN CIRCUS PARADE,3
ALARM CLOCK BAKELIKE ORANGE,CHARLOTTE BAG PINK POLKADOT,2
ALARM CLOCK BAKELIKE PINK,ALARM CLOCK BAKELIKE GREEN,6
ALARM CLOCK BAKELIKE PINK,ALARM CLOCK BAKELIKE RED,6
ALARM CLOCK BAKELIKE PINK,FELTCRAFT PRINCESS LOLA DOLL,3
ALARM CLOCK BAKELIKE PINK,HEART OF WICKER SMALL,3
ALARM CLOCK BAKELIKE PINK,LUNCH BAG  BLACK SKULL.,3
ALARM CLOCK BAKELIKE RED,ALARM CLOCK BAKELIKE GREEN,7
ALARM CLOCK BAKELIKE RED,ALARM CLOCK BAKELIKE PINK,6
ALARM CLOCK BAKELIKE RED,REGENCY CAKESTAND 3 TIER,5
ALARM CLOCK BAKELIKE RED,ROUND SNACK BOXES SET OF4 WOODLAND,4
ALARM CLOCK BAKELIKE RED,ALARM CLOCK BAKELIKE IVORY,4
ALPHABET STENCIL CRAFT,HAPPY STENCIL CRAFT,3
ALPHABET STENCIL CRAFT,WATERING CAN PINK BUNNY,2
ALPHABET STENCIL CRAFT,TOADSTOOL BEDSIDE LIGHT,2
ALPHABET STENCIL CRAFT,TRADITIONAL KNITTING NANCY,2
ALPHABET STENCIL CRAFT,SET OF 20 KIDS COOKIE CUTTERS,2
ALUMINIUM STAMPED HEART,DOORMAT RED RETROSPOT,1
ALUMINIUM STAMPED HEART,JUMBO BAG VINTAGE LEAF,1
ALUMINIUM STAMPED HEART,CHILDRENS APRON SPACEBOY DESIGN,1
ALUMINIUM STAMPED HEART,"KEY FOB , SHED",1
ALUMINIUM STAMPED HEART,COOK WITH WINE METAL SIGN,1
ANGEL DECORATION 3 BUTTONS,CHRISTMAS HANGING STAR WITH BELL,3
ANGEL DECORATION 3 BUTTONS,ANGEL DECORATION PAINTED ZINC,2
ANGEL DECORATION 3 BUTTONS,ANGEL DECORATION STARS ON DRESS,2
ANGEL DECORATION 3 BUTTONS,HANGING HEART WITH BELL,2
ANGEL DECORATION 3 BUTTONS,BROWN CHECK CAT DOORSTOP,2
ANGEL DECORATION PAINTED ZINC,CHRISTMAS HANGING STAR WITH BELL,2
ANGEL DECORATION PAINTED ZINC,ANGEL DECORATION 3 BUTTONS,2
ANGEL DECORATION PAINTED ZINC,STAR DECORATION RUSTIC,2
ANGEL DECORATION PAINTED ZINC,STAR DECORATION PAINTED ZINC,2
ANGEL DECORATION PAINTED ZINC,WOODEN HEART CHRISTMAS SCANDINAVIAN,2
ANGEL DECORATION STARS ON DRESS,CHRISTMAS HANGING STAR WITH BELL,2
ANGEL DECORATION STARS ON DRESS,ANGEL DECORATION 3 BUTTONS,2
ANGEL DECORATION STARS ON DRESS,HANGING HEART WITH BELL,2
ANGEL DECORATION STARS ON DRESS,BROWN CHECK CAT DOORSTOP,2
ANGEL DECORATION STARS ON DRESS,SMALL PARISIENNE HEART PHOTO FRAME,2
ANTIQUE ALL GLASS CANDLESTICK,COFFEE MUG DOG + BALL DESIGN,1
ANTIQUE ALL GLASS CANDLESTICK,GENTLEMAN SHIRT REPAIR KIT,1
ANTIQUE ALL GLASS CANDLESTICK,ALARM CLOCK BAKELIKE GREEN,1
ANTIQUE ALL GLASS CANDLESTICK,ALARM CLOCK BAKELIKE IVORY,1
ANTIQUE ALL GLASS CANDLESTICK,LARGE CHINESE STYLE SCISSOR,1
ANTIQUE CREAM CUTLERY SHELF,IF YOU CAN'T STAND THE HEAT MUG,1
ANTIQUE CREAM CUTLERY SHELF,HOT BATHS METAL SIGN,1
ANTIQUE CREAM CUTLERY SHELF,LUNCH BAG  BLACK SKULL.,1
ANTIQUE CREAM CUTLERY SHELF,GIN + TONIC DIET METAL SIGN,1
ANTIQUE CREAM CUTLERY SHELF,BLACK/BLUE POLKADOT UMBRELLA,1
ANTIQUE GLASS DRESSING TABLE POT,ROUND SNACK BOXES SET OF 4 SKULLS,2
ANTIQUE GLASS DRESSING TABLE POT,BISCUIT TIN VINTAGE CHRISTMAS,2
ANTIQUE GLASS DRESSING TABLE POT,SET OF 2 CHRISTMAS DECOUPAGE CANDLE,2
ANTIQUE GLASS DRESSING TABLE POT,AREA PATROLLED METAL SIGN,2
ANTIQUE GLASS DRESSING TABLE POT,LUNCH BAG WOODLAND,2
ANTIQUE GLASS PEDESTAL BOWL,ANTIQUE TALL SWIRLGLASS TRINKET POT,2
ANTIQUE GLASS PEDESTAL BOWL,3 HOOK PHOTO SHELF ANTIQUE WHITE,1
ANTIQUE GLASS PEDESTAL BOWL,BROCANTE SHELF WITH HOOKS,1
ANTIQUE GLASS PEDESTAL BOWL,LUNCH BAG CARS BLUE,1
ANTIQUE GLASS PEDESTAL BOWL,IVORY GIANT GARDEN THERMOMETER,1
ANTIQUE IVORY WIRE BOWL SMALL,BLUE GIANT GARDEN THERMOMETER,1
ANTIQUE IVORY WIRE BOWL SMALL,LUNCH BAG SUKI DESIGN,1
ANTIQUE IVORY WIRE BOWL SMALL,6 RIBBONS RUSTIC CHARM,1
ANTIQUE IVORY WIRE BOWL SMALL,BLUE STRIPE CERAMIC DRAWER KNOB,1
ANTIQUE IVORY WIRE BOWL SMALL,LUNCH BAG ALPHABET DESIGN,1
ANTIQUE SILVER BAUBLE LAMP,BUBBLEGUM RING ASSORTED,2
ANTIQUE SILVER BAUBLE LAMP,GARDENERS KNEELING PAD KEEP CALM,2
ANTIQUE SILVER BAUBLE LAMP,GARDENERS KNEELING PAD CUP OF TEA,2
ANTIQUE SILVER BAUBLE LAMP,JUMBO BAG VINTAGE CHRISTMAS,2
ANTIQUE SILVER BAUBLE LAMP,ASSORTED COLOURS SILK FAN,2
ANTIQUE SILVER T-LIGHT GLASS,T-LIGHT GLASS FLUTED ANTIQUE,3
ANTIQUE SILVER T-LIGHT GLASS,ZINC FOLKART SLEIGH BELLS,2
ANTIQUE SILVER T-LIGHT GLASS,HANGING HEART ZINC T-LIGHT HOLDER,2
ANTIQUE SILVER T-LIGHT GLASS,LUNCH BAG SUKI DESIGN,1
ANTIQUE SILVER T-LIGHT GLASS,JAM JAR WITH GREEN LID,1
ANTIQUE SILVER TEA GLASS ENGRAVED,CHRISTMAS STAR WISH LIST CHALKBOARD,1
ANTIQUE SILVER TEA GLASS ENGRAVED,ASSORTED COLOUR BIRD ORNAMENT,1
ANTIQUE SILVER TEA GLASS ENGRAVED,ZINC FOLKART SLEIGH BELLS,1
ANTIQUE SILVER TEA GLASS ENGRAVED,HANGING HEART ZINC T-LIGHT HOLDER,1
ANTIQUE SILVER TEA GLASS ENGRAVED,ANTIQUE SILVER T-LIGHT GLASS,1
ANTIQUE SILVER TEA GLASS ETCHED,GLASS  BEURRE DISH,1
ANTIQUE SILVER TEA GLASS ETCHED,NATURAL SLATE HEART CHALKBOARD,1
ANTIQUE TALL SWIRLGLASS TRINKET POT,ANTIQUE GLASS PEDESTAL BOWL,2
ANTIQUE TALL SWIRLGLASS TRINKET POT,BROCANTE SHELF WITH HOOKS,1
ANTIQUE TALL SWIRLGLASS TRINKET POT,CLASSIC GLASS COOKIE JAR,1
ANTIQUE TALL SWIRLGLASS TRINKET POT,LUNCH BAG SUKI DESIGN,1
ANTIQUE TALL SWIRLGLASS TRINKET POT,ANTIQUE GLASS DRESSING TABLE POT,1
APPLE BATH SPONGE,ICE CREAM SUNDAE LIP GLOSS,2
APPLE BATH SPONGE,ASSORTED COLOURS SILK FAN,1
APPLE BATH SPONGE,GIRAFFE WOODEN RULER,1
APPLE BATH SPONGE,JUMBO BAG VINTAGE CHRISTMAS,1
APPLE BATH SPONGE,CREAM SLICE FLANNEL PINK SPOT,1
APRON MODERN VINTAGE COTTON,CHARLIE AND LOLA FIGURES TINS,1
APRON MODERN VINTAGE COTTON,CHARLIE AND LOLA TABLE TINS,1
APRON MODERN VINTAGE COTTON,BISCUITS SMALL BOWL LIGHT BLUE,1
APRON MODERN VINTAGE COTTON,GLASS CHALICE GREEN  SMALL,1
APRON MODERN VINTAGE COTTON,JARDIN ETCHED GLASS LARGE BELL JAR,1
AREA PATROLLED METAL SIGN,LUNCH BAG  BLACK SKULL.,6
AREA PATROLLED METAL SIGN,LUNCH BAG WOODLAND,4
AREA PATROLLED METAL SIGN,LUNCH BAG DOLLY GIRL DESIGN,4
AREA PATROLLED METAL SIGN,JUMBO STORAGE BAG SUKI,4
AREA PATROLLED METAL SIGN,JUMBO BAG VINTAGE LEAF,4
ASS FLORAL PRINT MULTI SCREWDRIVER,ENGLISH ROSE GARDEN SECATEURS,3
ASS FLORAL PRINT MULTI SCREWDRIVER,BAKING SET 9 PIECE RETROSPOT,2
ASS FLORAL PRINT MULTI SCREWDRIVER,ENGLISH ROSE SPIRIT LEVEL,2
ASS FLORAL PRINT MULTI SCREWDRIVER,RED GINGHAM ROSE JEWELLERY BOX,2
ASS FLORAL PRINT MULTI SCREWDRIVER,SET OF 3 CAKE TINS PANTRY DESIGN,2
ASSORTED BOTTLE TOP  MAGNETS,FRIDGE MAGNETS US DINER ASSORTED,2
ASSORTED BOTTLE TOP  MAGNETS,MAGNETS PACK OF 4 SWALLOWS,2
ASSORTED BOTTLE TOP  MAGNETS,FRIDGE MAGNETS LES ENFANTS ASSORTED,2
ASSORTED BOTTLE TOP  MAGNETS,DOORMAT SPOTTY HOME SWEET HOME,1
ASSORTED BOTTLE TOP  MAGNETS,"AIRLINE LOUNGE,METAL SIGN",1
ASSORTED COLOUR BIRD ORNAMENT,WHITE HANGING HEART T-LIGHT HOLDER,4
ASSORTED COLOUR BIRD ORNAMENT,BIRD HOUSE HOT WATER BOTTLE,3
ASSORTED COLOUR BIRD ORNAMENT,ALARM CLOCK BAKELIKE GREEN,3
ASSORTED COLOUR BIRD ORNAMENT,PAINTED METAL PEARS ASSORTED,3
ASSORTED COLOUR BIRD ORNAMENT,T-LIGHT GLASS FLUTED ANTIQUE,3
ASSORTED COLOUR LIZARD SUCTION HOOK,HANGING HEART MIRROR DECORATION,2
ASSORTED COLOUR LIZARD SUCTION HOOK,LUNCH BAG RED RETROSPOT,2
ASSORTED COLOUR LIZARD SUCTION HOOK,PACK OF 60 DINOSAUR CAKE CASES,2
ASSORTED COLOUR LIZARD SUCTION HOOK,SKULL SHOULDER BAG,2
ASSORTED COLOUR LIZARD SUCTION HOOK,TREASURE TIN GYMKHANA DESIGN,2
ASSORTED COLOUR MINI CASES,WHITE HANGING HEART T-LIGHT HOLDER,3
ASSORTED COLOUR MINI CASES,RETROSPOT TEA SET CERAMIC 11 PC,3
ASSORTED COLOUR MINI CASES,LUNCH BAG CARS BLUE,3
ASSORTED COLOUR MINI CASES,SET OF 4 KNICK KNACK TINS DOILY,2
ASSORTED COLOUR MINI CASES,PARTY BUNTING,2
ASSORTED COLOUR T-LIGHT HOLDER,VINTAGE CREAM 3 BASKET CAKE STAND,1
ASSORTED COLOUR T-LIGHT HOLDER,TRAVEL CARD WALLET FLOWER MEADOW,1
ASSORTED COLOUR T-LIGHT HOLDER,SWEETHEART CERAMIC TRINKET BOX,1
ASSORTED COLOUR T-LIGHT HOLDER,STRAWBERRY CERAMIC TRINKET BOX,1
ASSORTED COLOUR T-LIGHT HOLDER,SMALL SKULL WINDMILL,1
ASSORTED COLOURS SILK FAN,REGENCY CAKESTAND 3 TIER,3
ASSORTED COLOURS SILK FAN,TRADITIONAL KNITTING NANCY,3
ASSORTED COLOURS SILK FAN,WHITE HANGING HEART T-LIGHT HOLDER,3
ASSORTED COLOURS SILK FAN,TREASURE TIN GYMKHANA DESIGN,2
ASSORTED COLOURS SILK FAN,POTTERING IN THE SHED METAL SIGN,2
ASSORTED EASTER DECORATIONS  BELLS,GARLAND WOODEN HAPPY EASTER,1
ASSORTED EASTER DECORATIONS  BELLS,FENG SHUI PILLAR CANDLE,1
ASSORTED EASTER DECORATIONS  BELLS,CREAM FELT EASTER EGG BASKET,1
ASSORTED EASTER DECORATIONS  BELLS,BUNNY EGG GARLAND,1
ASSORTED EASTER DECORATIONS  BELLS,DECORATION  PINK CHICK MAGIC GARDEN,1
"ASSORTED FLOWER COLOUR ""LEIS""",JUMBO STORAGE BAG SUKI,2
"ASSORTED FLOWER COLOUR ""LEIS""",SET OF 4 PANTRY JELLY MOULDS,2
"ASSORTED FLOWER COLOUR ""LEIS""",BULL DOG BOTTLE TOP WALL CLOCK,1
"ASSORTED FLOWER COLOUR ""LEIS""",DOORMAT WELCOME PUPPIES,1
"ASSORTED FLOWER COLOUR ""LEIS""",GREEN METAL BOX ARMY SUPPLIES,1
ASSORTED INCENSE PACK,BLUE POLKADOT WRAP,1
ASSORTED INCENSE PACK,WRAP SUKI AND FRIENDS,1
ASSORTED INCENSE PACK,CARD SUKI BIRTHDAY,1
ASSORTED INCENSE PACK,PAPER BUNTING COLOURED LACE,1
ASSORTED INCENSE PACK,PAPER BUNTING RETROSPOT,1
ASSORTED MONKEY SUCTION CUP HOOK,LARGE CAKE STAND  HANGING STRAWBERY,1
ASSORTED MONKEY SUCTION CUP HOOK,ASSORTED COLOURS SILK FAN,1
ASSORTED MONKEY SUCTION CUP HOOK,CAKE STAND LOVEBIRD 2 TIER WHITE,1
ASSORTED MONKEY SUCTION CUP HOOK,NOVELTY BISCUITS CAKE STAND 3 TIER,1
ASSORTED MONKEY SUCTION CUP HOOK,PARTY BUNTING,1
ASSORTED TUTTI FRUTTI BRACELET,ASSORTED COLOUR BIRD ORNAMENT,1
ASSORTED TUTTI FRUTTI BRACELET,MAGNETS PACK OF 4 VINTAGE COLLAGE,1
ASSORTED TUTTI FRUTTI BRACELET,MAGNETS PACK OF 4 SWALLOWS,1
ASSORTED TUTTI FRUTTI BRACELET,LARGE PURPLE BABUSHKA NOTEBOOK,1
ASSORTED TUTTI FRUTTI BRACELET,EMERGENCY FIRST AID TIN,1
ASSORTED TUTTI FRUTTI HEART BOX,DECORATIVE WICKER HEART LARGE,1
ASSORTED TUTTI FRUTTI HEART BOX,IVORY WICKER HEART LARGE,1
ASSORTED TUTTI FRUTTI HEART BOX,LAUNDRY 15C METAL SIGN,1
ASSORTED TUTTI FRUTTI HEART BOX,CHOCOLATE THIS WAY METAL SIGN,1
ASSORTED TUTTI FRUTTI HEART BOX,HEART MIRROR ANTIQUE WHITE,1
ASSTD DESIGN 3D PAPER STICKERS,CAKES AND BOWS GIFT  TAPE,1
ASSTD DESIGN 3D PAPER STICKERS,6 RIBBONS SHIMMERING PINKS,1
ASSTD DESIGN 3D PAPER STICKERS,LARGE CAKE TOWEL PINK SPOTS,1
ASSTD DESIGN 3D PAPER STICKERS,LOVE HEART POCKET WARMER,1
ASSTD DESIGN 3D PAPER STICKERS,LARGE CAKE TOWEL CHOCOLATE SPOTS,1
ASSTD MULTICOLOUR CIRCLES MUG,BREAD BIN DINER STYLE PINK,2
ASSTD MULTICOLOUR CIRCLES MUG,REGENCY CAKESTAND 3 TIER,2
ASSTD MULTICOLOUR CIRCLES MUG,BLUE POLKADOT COFFEE MUG,1
ASSTD MULTICOLOUR CIRCLES MUG,GUMBALL MAGAZINE RACK,1
ASSTD MULTICOLOUR CIRCLES MUG,CHILDRENS CUTLERY POLKADOT PINK,1
BAG 125G SWIRLY MARBLES,BALLOON WATER BOMB PACK OF 35,1
BAG 125G SWIRLY MARBLES,BLUE HARMONICA IN BOX,1
BAG 125G SWIRLY MARBLES,CHARLOTTE BAG VINTAGE ALPHABET,1
BAG 125G SWIRLY MARBLES,CHARLOTTE BAG APPLES DESIGN,1
BAG 125G SWIRLY MARBLES,GROW A FLYTRAP OR SUNFLOWER IN TIN,1
BAG 250G SWIRLY MARBLES,VINTAGE CREAM 3 BASKET CAKE STAND,1
BAG 250G SWIRLY MARBLES,TRAVEL CARD WALLET FLOWER MEADOW,1
BAG 250G SWIRLY MARBLES,SWEETHEART CERAMIC TRINKET BOX,1
BAG 250G SWIRLY MARBLES,STRAWBERRY CERAMIC TRINKET BOX,1
BAG 250G SWIRLY MARBLES,SMALL SKULL WINDMILL,1
BAKING MOULD EASTER EGG MILK CHOC,LARGE POPCORN HOLDER,1
BAKING MOULD EASTER EGG MILK CHOC,FRENCH BLUE METAL DOOR SIGN 6,1
BAKING MOULD EASTER EGG MILK CHOC,BAKING MOULD EASTER EGG WHITE CHOC,1
BAKING MOULD EASTER EGG MILK CHOC,BAKING MOULD TOFFEE CUP CHOCOLATE,1
BAKING MOULD EASTER EGG MILK CHOC,FRENCH BLUE METAL DOOR SIGN NO,1
BAKING MOULD EASTER EGG WHITE CHOC,LARGE POPCORN HOLDER,1
BAKING MOULD EASTER EGG WHITE CHOC,FRENCH BLUE METAL DOOR SIGN 6,1
BAKING MOULD EASTER EGG WHITE CHOC,BAKING MOULD EASTER EGG MILK CHOC,1
BAKING MOULD EASTER EGG WHITE CHOC,BAKING MOULD TOFFEE CUP CHOCOLATE,1
BAKING MOULD EASTER EGG WHITE CHOC,FRENCH BLUE METAL DOOR SIGN NO,1
BAKING MOULD TOFFEE CUP CHOCOLATE,LARGE POPCORN HOLDER,1
BAKING MOULD TOFFEE CUP CHOCOLATE,FRENCH BLUE METAL DOOR SIGN 6,1
BAKING MOULD TOFFEE CUP CHOCOLATE,BAKING MOULD EASTER EGG MILK CHOC,1
BAKING MOULD TOFFEE CUP CHOCOLATE,BAKING MOULD EASTER EGG WHITE CHOC,1
BAKING MOULD TOFFEE CUP CHOCOLATE,FRENCH BLUE METAL DOOR SIGN NO,1
BAKING SET 9 PIECE RETROSPOT,BAKING SET SPACEBOY DESIGN,6
BAKING SET 9 PIECE RETROSPOT,RED GINGHAM ROSE JEWELLERY BOX,4
BAKING SET 9 PIECE RETROSPOT,RETROSPOT TEA SET CERAMIC 11 PC,4
BAKING SET 9 PIECE RETROSPOT,SET OF 3 CAKE TINS PANTRY DESIGN,3
BAKING SET 9 PIECE RETROSPOT,PACK OF 72 RETROSPOT CAKE CASES,3
BAKING SET SPACEBOY DESIGN,BAKING SET 9 PIECE RETROSPOT,6
BAKING SET SPACEBOY DESIGN,PLASTERS IN TIN SPACEBOY,3
BAKING SET SPACEBOY DESIGN,RED  HARMONICA IN BOX,2
BAKING SET SPACEBOY DESIGN,ASSORTED COLOUR BIRD ORNAMENT,2
BAKING SET SPACEBOY DESIGN,COLOUR GLASS T-LIGHT HOLDER HANGING,2
BALLOON ART MAKE YOUR OWN FLOWERS,DAISIES  HONEYCOMB GARLAND,1
BALLOON ART MAKE YOUR OWN FLOWERS,36 FOIL HEART CAKE CASES,1
BALLOON ART MAKE YOUR OWN FLOWERS,36 FOIL STAR CAKE CASES,1
BALLOON ART MAKE YOUR OWN FLOWERS,BLUE HAPPY BIRTHDAY BUNTING,1
BALLOON ART MAKE YOUR OWN FLOWERS,EIGHT PIECE SNAKE  SET,1
BALLOON PUMP WITH 10 BALLOONS,LARGE RED RETROSPOT WINDMILL,1
BALLOON PUMP WITH 10 BALLOONS,GREEN/BLUE CERAMIC CANDLE HOLDER,1
BALLOON PUMP WITH 10 BALLOONS,CLASSIC GLASS COOKIE JAR,1
BALLOON PUMP WITH 10 BALLOONS,4 SKY BLUE DINNER CANDLES,1
BALLOON PUMP WITH 10 BALLOONS,JUMBO BAG DOLLY GIRL DESIGN,1
BALLOON WATER BOMB PACK OF 35,CHARLOTTE BAG APPLES DESIGN,1
BALLOON WATER BOMB PACK OF 35,GROW A FLYTRAP OR SUNFLOWER IN TIN,1
BALLOON WATER BOMB PACK OF 35,BAG 125G SWIRLY MARBLES,1
BALLOON WATER BOMB PACK OF 35,BLUE HARMONICA IN BOX,1
BALLOON WATER BOMB PACK OF 35,CHARLOTTE BAG VINTAGE ALPHABET,1
BALLOONS  WRITING SET,LUNCH BAG WOODLAND,3
BALLOONS  WRITING SET,DINOSAURS  WRITING SET,3
BALLOONS  WRITING SET,ROUND SNACK BOXES SET OF4 WOODLAND,3
BALLOONS  WRITING SET,JUMBO BAG RED RETROSPOT,2
BALLOONS  WRITING SET,FELTCRAFT BUTTERFLY HEARTS,2
BANQUET BIRTHDAY  CARD,BLUE HAPPY BIRTHDAY BUNTING,1
BANQUET BIRTHDAY  CARD,"FANCY FONT BIRTHDAY CARD,",1
BANQUET BIRTHDAY  CARD,GINGHAM ROSE WRAP,1
BANQUET BIRTHDAY  CARD,ENAMEL FIRE BUCKET CREAM,1
BANQUET BIRTHDAY  CARD,BIRTHDAY BANQUET GIFT WRAP,1
BATH BUILDING BLOCK WORD,HERB MARKER THYME,2
BATH BUILDING BLOCK WORD,HERB MARKER MINT,2
BATH BUILDING BLOCK WORD,LOVE BUILDING BLOCK WORD,2
BATH BUILDING BLOCK WORD,HERB MARKER PARSLEY,2
BATH BUILDING BLOCK WORD,COOK WITH WINE METAL SIGN,2
BATHROOM METAL SIGN,HOT BATHS METAL SIGN,3
BATHROOM METAL SIGN,BLUE POLKADOT BOWL,2
BATHROOM METAL SIGN,SINGLE HEART ZINC T-LIGHT HOLDER,2
BATHROOM METAL SIGN,RED RETROSPOT PEG BAG,2
BATHROOM METAL SIGN,SET/4 SKULL BADGES,2
BATHROOM SCALES RUBBER DUCKS,WHITE HANGING HEART T-LIGHT HOLDER,1
BEACH HUT MIRROR,DOORMAT NEW ENGLAND,1
BEACH HUT MIRROR,DOORMAT FAIRY CAKE,1
BEACH HUT MIRROR,DOORMAT FANCY FONT HOME SWEET HOME,1
BEACH HUT MIRROR,DOORMAT HEARTS,1
BEACH HUT MIRROR,ENGLISH ROSE SCENTED HANGING FLOWER,1
BEACH HUT SHELF W 3 DRAWERS,FRENCH ENAMEL CANDLEHOLDER,1
BEACH HUT SHELF W 3 DRAWERS,HEART OF WICKER SMALL,1
BEACH HUT SHELF W 3 DRAWERS,MA CAMPAGNE CUTLERY BOX,1
BEACH HUT SHELF W 3 DRAWERS,FRENCH FLORAL CUSHION COVER,1
BEACH HUT SHELF W 3 DRAWERS,ENAMEL FLOWER JUG CREAM,1
BEADED CRYSTAL HEART BLUE  LARGE,COTTON APRON PANTRY DESIGN,1
BEADED CRYSTAL HEART BLUE  LARGE,CHILDRENS APRON SPACEBOY DESIGN,1
BEADED CRYSTAL HEART BLUE  LARGE,JUMBO STORAGE BAG SUKI,1
BEADED CRYSTAL HEART BLUE  LARGE,BROWN  PIRATE TREASURE CHEST,1
BEADED CRYSTAL HEART BLUE  LARGE,BEADED CRYSTAL HEART GREEN LARGE,1
BEADED CRYSTAL HEART GREEN LARGE,JUMBO  BAG BAROQUE BLACK WHITE,1
BEADED CRYSTAL HEART GREEN LARGE,JUMBO BAG PINK VINTAGE PAISLEY,1
BEADED CRYSTAL HEART GREEN LARGE,JUMBO BAG RED RETROSPOT,1
BEADED CRYSTAL HEART GREEN LARGE,CREAM SWEETHEART MINI CHEST,1
BEADED CRYSTAL HEART GREEN LARGE,BOX OF 24 COCKTAIL PARASOLS,1
BEADED CRYSTAL HEART PINK LARGE,GINGHAM HEART  DOORSTOP RED,1
BEADED CRYSTAL HEART PINK LARGE,36 FOIL HEART CAKE CASES,1
BEADED CRYSTAL HEART PINK LARGE,36 FOIL STAR CAKE CASES,1
BEADED CRYSTAL HEART PINK LARGE,BROWN  PIRATE TREASURE CHEST,1
BEADED CRYSTAL HEART PINK LARGE,CHARLIE & LOLA WASTEPAPER BIN BLUE,1
BELLE JARDINIERE CUSHION COVER,DRAWER KNOB CRACKLE GLAZE BLUE,1
BELLE JARDINIERE CUSHION COVER,CHILLI LIGHTS,1
BELLE JARDINIERE CUSHION COVER,4 PINK FLOCK CHRISTMAS BALLS,1
BELLE JARDINIERE CUSHION COVER,CAKE PLATE LOVEBIRD WHITE,1
BELLE JARDINIERE CUSHION COVER,DRAWER KNOB CRACKLE GLAZE GREEN,1
BEWARE OF THE CAT METAL SIGN,HAND WARMER UNION JACK,4
BEWARE OF THE CAT METAL SIGN,LUNCH BAG SUKI DESIGN,4
BEWARE OF THE CAT METAL SIGN,WHITE SKULL HOT WATER BOTTLE,3
BEWARE OF THE CAT METAL SIGN,CHOCOLATE THIS WAY METAL SIGN,3
BEWARE OF THE CAT METAL SIGN,PARTY METAL SIGN,3
BICYCLE PUNCTURE REPAIR KIT,60 TEATIME FAIRY CAKE CASES,1
BICYCLE PUNCTURE REPAIR KIT,CLASSIC BICYCLE CLIPS,1
BICYCLE PUNCTURE REPAIR KIT,LOVE HOT WATER BOTTLE,1
BICYCLE PUNCTURE REPAIR KIT,"AIRLINE LOUNGE,METAL SIGN",1
BICYCLE PUNCTURE REPAIR KIT,CLASSIC CHROME BICYCLE BELL,1
BICYCLE SAFTEY WALL ART,MAGNETS PACK OF 4 CHILDHOOD MEMORY,1
BICYCLE SAFTEY WALL ART,GIRAFFE WOODEN RULER,1
BICYCLE SAFTEY WALL ART,BLUE DINER WALL CLOCK,1
BICYCLE SAFTEY WALL ART,LARGE YELLOW BABUSHKA NOTEBOOK,1
BICYCLE SAFTEY WALL ART,APPLE BATH SPONGE,1
BIG DOUGHNUT FRIDGE MAGNETS,KITCHEN METAL SIGN,1
BIG DOUGHNUT FRIDGE MAGNETS,FAMILY ALBUM WHITE PICTURE FRAME,1
BIG DOUGHNUT FRIDGE MAGNETS,HOMEMADE JAM SCENTED CANDLES,1
BIG DOUGHNUT FRIDGE MAGNETS,GINGHAM HEART  DOORSTOP RED,1
BIG DOUGHNUT FRIDGE MAGNETS,HEART OF WICKER SMALL,1
BIRD DECORATION RED RETROSPOT,BOX OF 24 COCKTAIL PARASOLS,2
BIRD DECORATION RED RETROSPOT,ALARM CLOCK BAKELIKE RED,2
BIRD DECORATION RED RETROSPOT,PHOTO CUBE,2
BIRD DECORATION RED RETROSPOT,SET 12 RETRO WHITE CHALK STICKS,2
BIRD DECORATION RED RETROSPOT,ALARM CLOCK BAKELIKE PINK,1
BIRD HOUSE HOT WATER BOTTLE,HEART OF WICKER SMALL,3
BIRD HOUSE HOT WATER BOTTLE,SCOTTIE DOG HOT WATER BOTTLE,3
BIRD HOUSE HOT WATER BOTTLE,WHITE SKULL HOT WATER BOTTLE,3
BIRD HOUSE HOT WATER BOTTLE,LUNCH BAG PINK POLKADOT,3
BIRD HOUSE HOT WATER BOTTLE,LUNCH BAG SPACEBOY DESIGN,3
BIRDCAGE DECORATION TEALIGHT HOLDER,HANGING HEART WITH BELL,1
BIRDCAGE DECORATION TEALIGHT HOLDER,JAZZ HEARTS ADDRESS BOOK,1
BIRDCAGE DECORATION TEALIGHT HOLDER,CARD HOLDER GINGHAM HEART,1
BIRDCAGE DECORATION TEALIGHT HOLDER,FAIRY CAKES NOTEBOOK A6 SIZE,1
BIRDCAGE DECORATION TEALIGHT HOLDER,JAZZ HEARTS PURSE NOTEBOOK,1
BIRDS MOBILE VINTAGE DESIGN,DOORMAT WELCOME TO OUR HOME,1
BIRDS MOBILE VINTAGE DESIGN,HAND WARMER BIRD DESIGN,1
BIRDS MOBILE VINTAGE DESIGN,LUNCH BAG VINTAGE LEAF DESIGN,1
BIRDS MOBILE VINTAGE DESIGN,CHILDRENS CUTLERY DOLLY GIRL,1
BIRDS MOBILE VINTAGE DESIGN,ENAMEL FLOWER JUG CREAM,1
BIRTHDAY BANQUET GIFT WRAP,BOX OF 24 COCKTAIL PARASOLS,1
BIRTHDAY BANQUET GIFT WRAP,GUMBALL COAT RACK,1
BIRTHDAY BANQUET GIFT WRAP,BLUE HAPPY BIRTHDAY BUNTING,1
BIRTHDAY BANQUET GIFT WRAP,BANQUET BIRTHDAY  CARD,1
BIRTHDAY BANQUET GIFT WRAP,"FANCY FONT BIRTHDAY CARD,",1
"BIRTHDAY CARD, RETRO SPOT",BLUE VINTAGE SPOT BEAKER,2
"BIRTHDAY CARD, RETRO SPOT",RED VINTAGE SPOT BEAKER,2
"BIRTHDAY CARD, RETRO SPOT",SET OF 3 CAKE TINS PANTRY DESIGN,2
"BIRTHDAY CARD, RETRO SPOT",ENGLISH ROSE SPIRIT LEVEL,1
"BIRTHDAY CARD, RETRO SPOT",GREEN VINTAGE SPOT BEAKER,1
BISCUIT TIN 50'S CHRISTMAS,JUMBO BAG 50'S CHRISTMAS,3
BISCUIT TIN 50'S CHRISTMAS,3D CHRISTMAS STAMPS STICKERS,2
BISCUIT TIN 50'S CHRISTMAS,JUMBO BAG VINTAGE CHRISTMAS,2
BISCUIT TIN 50'S CHRISTMAS,LUNCH BAG CARS BLUE,2
BISCUIT TIN 50'S CHRISTMAS,GARDENERS KNEELING PAD KEEP CALM,2
BISCUIT TIN VINTAGE CHRISTMAS,SET OF 12 FAIRY CAKE BAKING CASES,2
BISCUIT TIN VINTAGE CHRISTMAS,RIBBON REEL CHRISTMAS SOCK BAUBLE,2
BISCUIT TIN VINTAGE CHRISTMAS,AREA PATROLLED METAL SIGN,2
BISCUIT TIN VINTAGE CHRISTMAS,ROUND SNACK BOXES SET OF 4 SKULLS,2
BISCUIT TIN VINTAGE CHRISTMAS,CHRISTMAS CRAFT TREE TOP ANGEL,2
BISCUIT TIN VINTAGE GREEN,COFFEE MUG PEARS  DESIGN,1
BISCUIT TIN VINTAGE GREEN,YELLOW GIANT GARDEN THERMOMETER,1
BISCUIT TIN VINTAGE GREEN,IVORY GIANT GARDEN THERMOMETER,1
BISCUIT TIN VINTAGE GREEN,CLOTHES PEGS RETROSPOT PACK 24,1
BISCUIT TIN VINTAGE GREEN,BISCUIT TIN VINTAGE RED,1
BISCUIT TIN VINTAGE RED,CAKES AND RABBITS DESIGN FLANNEL,1
BISCUIT TIN VINTAGE RED,JUMBO BAG WOODLAND ANIMALS,1
BISCUIT TIN VINTAGE RED,DELUXE SEWING KIT,1
BISCUIT TIN VINTAGE RED,JUMBO SHOPPER VINTAGE RED PAISLEY,1
BISCUIT TIN VINTAGE RED,IVORY GIANT GARDEN THERMOMETER,1
BISCUITS SMALL BOWL LIGHT BLUE,SMALL CHOCOLATES PINK BOWL,2
BISCUITS SMALL BOWL LIGHT BLUE,SMALL DOLLY MIX DESIGN ORANGE BOWL,2
BISCUITS SMALL BOWL LIGHT BLUE,SMALL MARSHMALLOWS PINK BOWL,2
BISCUITS SMALL BOWL LIGHT BLUE,DOORMAT NEW ENGLAND,1
BISCUITS SMALL BOWL LIGHT BLUE,DO NOT TOUCH MY STUFF DOOR HANGER,1
BLACK AND WHITE CAT BOWL,LOVE HEART POCKET WARMER,1
BLACK AND WHITE CAT BOWL,DOORSTOP RACING CAR DESIGN,1
BLACK AND WHITE CAT BOWL,COLOURING PENCILS BROWN TUBE,1
BLACK AND WHITE CAT BOWL,HEARTS GIFT TAPE,1
BLACK AND WHITE CAT BOWL,BLACK AND WHITE DOG BOWL,1
BLACK AND WHITE DOG BOWL,LOVE HEART POCKET WARMER,1
BLACK AND WHITE DOG BOWL,DOORSTOP RACING CAR DESIGN,1
BLACK AND WHITE DOG BOWL,COLOURING PENCILS BROWN TUBE,1
BLACK AND WHITE DOG BOWL,HEARTS GIFT TAPE,1
BLACK AND WHITE DOG BOWL,BLACK AND WHITE CAT BOWL,1
BLACK BIRD GARDEN DESIGN MUG,CERAMIC CAKE DESIGN SPOTTED MUG,1
BLACK BIRD GARDEN DESIGN MUG,DOORMAT NEW ENGLAND,1
BLACK BIRD GARDEN DESIGN MUG,DOORMAT FAIRY CAKE,1
BLACK BIRD GARDEN DESIGN MUG,DOORMAT FANCY FONT HOME SWEET HOME,1
BLACK BIRD GARDEN DESIGN MUG,DOORMAT HEARTS,1
BLACK CHAMPAGNE GLASS,CUBIC MUG PINK POLKADOT,1
BLACK CHAMPAGNE GLASS,LARGE CAKE STAND HANGING HEARTS,1
BLACK CHAMPAGNE GLASS,ENAMEL BLUE RIM BISCUIT BIN,1
BLACK CHAMPAGNE GLASS,CHARLIE + LOLA BISCUITS TINS,1
BLACK CHAMPAGNE GLASS,BLUE EGG  SPOON,1
BLACK CHRISTMAS TREE 120CM,HOME SWEET HOME BLACKBOARD,1
BLACK CHRISTMAS TREE 120CM,HAND WARMER BIRD DESIGN,1
BLACK CHRISTMAS TREE 120CM,HOT WATER BOTTLE TEA AND SYMPATHY,1
BLACK CHRISTMAS TREE 120CM,CHOCOLATE HOT WATER BOTTLE,1
BLACK CHRISTMAS TREE 120CM,BLUE HAPPY BIRTHDAY BUNTING,1
BLACK ENCHANTED FOREST PLACEMAT,EIGHT PIECE SNAKE  SET,2
BLACK ENCHANTED FOREST PLACEMAT,CERAMIC PIRATE CHEST MONEY BANK,2
BLACK ENCHANTED FOREST PLACEMAT,CHRYSANTHEMUM SKETCHBOOK,1
BLACK ENCHANTED FOREST PLACEMAT,GUMBALL COAT RACK,1
BLACK ENCHANTED FOREST PLACEMAT,HANGING HEART MIRROR DECORATION,1
BLACK HEART CARD HOLDER,CREAM HEART CARD HOLDER,2
BLACK HEART CARD HOLDER,DOORMAT HEARTS,1
BLACK HEART CARD HOLDER,AREA PATROLLED METAL SIGN,1
BLACK HEART CARD HOLDER,DOORMAT HOME SWEET HOME BLUE,1
BLACK HEART CARD HOLDER,FRENCH BLUE METAL DOOR SIGN 0,1
BLACK KITCHEN SCALES,CANDLEHOLDER PINK HANGING HEART,1
BLACK KITCHEN SCALES,BREAD BIN DINER STYLE RED,1
BLACK KITCHEN SCALES,JUMBO BAG RED RETROSPOT,1
BLACK KITCHEN SCALES,GUMBALL COAT RACK,1
BLACK KITCHEN SCALES,GARLAND WITH HEARTS AND BELLS,1
BLACK MEDIUM GLASS CAKE STAND,FELTCRAFT CUSHION RABBIT,1
BLACK MEDIUM GLASS CAKE STAND,DOORMAT HEARTS,1
BLACK MEDIUM GLASS CAKE STAND,DOORMAT HOME SWEET HOME BLUE,1
BLACK MEDIUM GLASS CAKE STAND,FELTCRAFT HAIRBANDS PINK AND WHITE,1
BLACK MEDIUM GLASS CAKE STAND,FOLKART HEART NAPKIN RINGS,1
BLACK PIRATE TREASURE CHEST,GREEN REGENCY TEACUP AND SAUCER,1
BLACK PIRATE TREASURE CHEST,LOVELY BONBON STICKER SHEET,1
BLACK PIRATE TREASURE CHEST,DOG TOY WITH PINK CROCHET SKIRT,1
BLACK PIRATE TREASURE CHEST,CARD CHRISTMAS VILLAGE,1
BLACK PIRATE TREASURE CHEST,HOT BATHS METAL SIGN,1
BLACK RECORD COVER FRAME,LUNCH BAG VINTAGE LEAF DESIGN,1
BLACK RECORD COVER FRAME,ZINC FOLKART SLEIGH BELLS,1
BLACK RECORD COVER FRAME,JUMBO BAG VINTAGE LEAF,1
BLACK RECORD COVER FRAME,CHRISTMAS LIGHTS 10 REINDEER,1
BLACK RECORD COVER FRAME,LUNCH BAG DOLLY GIRL DESIGN,1
BLACK TEA TOWEL CLASSIC DESIGN,LARGE CAKE TOWEL CHOCOLATE SPOTS,1
BLACK TEA TOWEL CLASSIC DESIGN,6 RIBBONS SHIMMERING PINKS,1
BLACK TEA TOWEL CLASSIC DESIGN,HAND TOWEL PALE BLUE W FLOWERS,1
BLACK TEA TOWEL CLASSIC DESIGN,HAND TOWEL PINK FLOWER AND DAISY,1
BLACK TEA TOWEL CLASSIC DESIGN,HAND WARMER BABUSHKA DESIGN,1
"BLACK TEA,COFFEE,SUGAR JARS",FAMILY ALBUM WHITE PICTURE FRAME,1
"BLACK TEA,COFFEE,SUGAR JARS",ENAMEL BLUE RIM BISCUIT BIN,1
"BLACK TEA,COFFEE,SUGAR JARS",FRENCH LAVENDER SCENT HEART,1
"BLACK TEA,COFFEE,SUGAR JARS",CERAMIC BOWL WITH LOVE HEART DESIGN,1
"BLACK TEA,COFFEE,SUGAR JARS",HEART CALCULATOR,1
BLACK WINE GLASS,CUBIC MUG PINK POLKADOT,1
BLACK WINE GLASS,BLACK CHAMPAGNE GLASS,1
BLACK WINE GLASS,LARGE CAKE STAND HANGING HEARTS,1
BLACK WINE GLASS,ENAMEL BLUE RIM BISCUIT BIN,1
BLACK WINE GLASS,CHARLIE + LOLA BISCUITS TINS,1
BLACK/BLUE POLKADOT UMBRELLA,RED RETROSPOT UMBRELLA,4
BLACK/BLUE POLKADOT UMBRELLA,EDWARDIAN PARASOL RED,2
BLACK/BLUE POLKADOT UMBRELLA,GARDENERS KNEELING PAD CUP OF TEA,2
BLACK/BLUE POLKADOT UMBRELLA,COOK WITH WINE METAL SIGN,2
BLACK/BLUE POLKADOT UMBRELLA,GARDENERS KNEELING PAD KEEP CALM,2
BLOND DOLL DOORSTOP,STRAWBERRY CHARLOTTE BAG,2
BLOND DOLL DOORSTOP,CHARLOTTE BAG SUKI DESIGN,1
BLOND DOLL DOORSTOP,JUMBO STORAGE BAG SUKI,1
BLOND DOLL DOORSTOP,JUMBO BAG SPACEBOY DESIGN,1
BLOND DOLL DOORSTOP,HOT WATER BOTTLE KEEP CALM,1
BLUE  DIAMANTE PEN IN GIFT BOX,RED RETROSPOT APRON,2
BLUE  DIAMANTE PEN IN GIFT BOX,GLASS JAR DAISY FRESH COTTON WOOL,1
BLUE  DIAMANTE PEN IN GIFT BOX,GLASS  BEURRE DISH,1
BLUE  DIAMANTE PEN IN GIFT BOX,"KEY FOB , BACK DOOR",1
BLUE  DIAMANTE PEN IN GIFT BOX,BLACK ENCHANTED FOREST PLACEMAT,1
BLUE & WHITE BREAKFAST TRAY,GUMBALL MONOCHROME COAT RACK,1
BLUE & WHITE BREAKFAST TRAY,BREAD BIN DINER STYLE MINT,1
BLUE & WHITE BREAKFAST TRAY,BREAD BIN DINER STYLE PINK,1
BLUE & WHITE BREAKFAST TRAY,FLOOR LAMP SHADE WOOD BASE,1
BLUE & WHITE BREAKFAST TRAY,GLASS  BEURRE DISH,1
BLUE BIRDHOUSE DECORATION,DOLLY GIRL CHILDRENS EGG CUP,1
BLUE BIRDHOUSE DECORATION,FELTCRAFT CUSHION BUTTERFLY,1
BLUE BIRDHOUSE DECORATION,HANGING WOOD AND FELT HEART,1
BLUE BIRDHOUSE DECORATION,FELTCRAFT CUSHION RABBIT,1
BLUE BIRDHOUSE DECORATION,EASTER CRAFT 4 CHICKS,1
BLUE CIRCLES DESIGN TEDDY,CHILDREN'S APRON DOLLY GIRL,1
BLUE CIRCLES DESIGN TEDDY,BUBBLEGUM RING ASSORTED,1
BLUE CIRCLES DESIGN TEDDY,EGG FRYING PAN PINK,1
BLUE CIRCLES DESIGN TEDDY,EGG FRYING PAN RED,1
BLUE CIRCLES DESIGN TEDDY,CHOCOLATE CALCULATOR,1
BLUE DINER WALL CLOCK,GINGERBREAD MAN COOKIE CUTTER,3
BLUE DINER WALL CLOCK,TRADITIONAL WOODEN SKIPPING ROPE,2
BLUE DINER WALL CLOCK,TRADITIONAL KNITTING NANCY,2
BLUE DINER WALL CLOCK,SMALL WHITE HEART OF WICKER,2
BLUE DINER WALL CLOCK,PINK DINER WALL CLOCK,2
BLUE DRAWER KNOB ACRYLIC EDWARDIAN,BUTTON BOX,2
BLUE DRAWER KNOB ACRYLIC EDWARDIAN,FRENCH BLUE METAL DOOR SIGN 1,2
BLUE DRAWER KNOB ACRYLIC EDWARDIAN,CLEAR DRAWER KNOB ACRYLIC EDWARDIAN,2
BLUE DRAWER KNOB ACRYLIC EDWARDIAN,SET OF 4 PANTRY JELLY MOULDS,2
BLUE DRAWER KNOB ACRYLIC EDWARDIAN,SKULL SHOULDER BAG,2
BLUE EGG  SPOON,LOVE HEART TRINKET POT,2
BLUE EGG  SPOON,BLACK WINE GLASS,1
BLUE EGG  SPOON,LADS ONLY TISSUE BOX,1
BLUE EGG  SPOON,BLUE POLKADOT EGG CUP,1
BLUE EGG  SPOON,HANGING HEART MIRROR DECORATION,1
BLUE GIANT GARDEN THERMOMETER,HEART OF WICKER SMALL,3
BLUE GIANT GARDEN THERMOMETER,GREEN GIANT GARDEN THERMOMETER,3
BLUE GIANT GARDEN THERMOMETER,PINK DINER WALL CLOCK,2
BLUE GIANT GARDEN THERMOMETER,SMALL WHITE HEART OF WICKER,2
BLUE GIANT GARDEN THERMOMETER,NATURAL SLATE CHALKBOARD LARGE,2
BLUE HANGING GINGHAM EASTER HEN,DOLLY GIRL CHILDRENS EGG CUP,1
BLUE HANGING GINGHAM EASTER HEN,FELTCRAFT CUSHION BUTTERFLY,1
BLUE HANGING GINGHAM EASTER HEN,HANGING WOOD AND FELT HEART,1
BLUE HANGING GINGHAM EASTER HEN,FELTCRAFT CUSHION RABBIT,1
BLUE HANGING GINGHAM EASTER HEN,EASTER CRAFT 4 CHICKS,1
BLUE HAPPY BIRTHDAY BUNTING,PINK HAPPY BIRTHDAY BUNTING,3
BLUE HAPPY BIRTHDAY BUNTING,HAND WARMER BIRD DESIGN,2
BLUE HAPPY BIRTHDAY BUNTING,HAND OVER THE CHOCOLATE   SIGN,2
BLUE HAPPY BIRTHDAY BUNTING,BLUE POLKADOT BOWL,2
BLUE HAPPY BIRTHDAY BUNTING,HOT WATER BOTTLE I AM SO POORLY,2
BLUE HARMONICA IN BOX,RED  HARMONICA IN BOX,4
BLUE HARMONICA IN BOX,3D CHRISTMAS STAMPS STICKERS,2
BLUE HARMONICA IN BOX,TRADITIONAL CHRISTMAS RIBBONS,2
BLUE HARMONICA IN BOX,WHITE HANGING HEART T-LIGHT HOLDER,2
BLUE HARMONICA IN BOX,WOODEN BOX OF DOMINOES,2
BLUE HEART COMPACT MIRROR,LOVE HEART TRINKET POT,1
BLUE HEART COMPACT MIRROR,BLACK CHAMPAGNE GLASS,1
BLUE HEART COMPACT MIRROR,CUBIC MUG PINK POLKADOT,1
BLUE HEART COMPACT MIRROR,LARGE CAKE STAND HANGING HEARTS,1
BLUE HEART COMPACT MIRROR,ENAMEL BLUE RIM BISCUIT BIN,1
BLUE KNITTED EGG COSY,LOVE HEART TRINKET POT,1
BLUE KNITTED EGG COSY,BLACK CHAMPAGNE GLASS,1
BLUE KNITTED EGG COSY,CUBIC MUG PINK POLKADOT,1
BLUE KNITTED EGG COSY,LARGE CAKE STAND HANGING HEARTS,1
BLUE KNITTED EGG COSY,ENAMEL BLUE RIM BISCUIT BIN,1
BLUE OWL SOFT TOY,DOLLY GIRL CHILDRENS EGG CUP,1
BLUE OWL SOFT TOY,FELTCRAFT CUSHION BUTTERFLY,1
BLUE OWL SOFT TOY,HANGING WOOD AND FELT HEART,1
BLUE OWL SOFT TOY,FELTCRAFT CUSHION RABBIT,1
BLUE OWL SOFT TOY,EASTER CRAFT 4 CHICKS,1
BLUE PAISLEY TISSUE BOX,JUMBO STORAGE BAG SUKI,2
BLUE PAISLEY TISSUE BOX,JUMBO SHOPPER VINTAGE RED PAISLEY,2
BLUE PAISLEY TISSUE BOX,EMPIRE TISSUE BOX,2
BLUE PAISLEY TISSUE BOX,CHARLOTTE BAG SUKI DESIGN,2
BLUE PAISLEY TISSUE BOX,JUMBO BAG SPACEBOY DESIGN,2
BLUE PARTY BAGS,CARROT CHARLIE+LOLA COASTER SET,1
BLUE PARTY BAGS,LUNCH BAG PINK POLKADOT,1
BLUE PARTY BAGS,JUMBO BAG DOILEY PATTERNS,1
BLUE PARTY BAGS,CHILDRENS CUTLERY DOLLY GIRL,1
BLUE PARTY BAGS,ENAMEL BREAD BIN CREAM,1
BLUE POLKADOT BEAKER,EMPIRE TISSUE BOX,2
BLUE POLKADOT BEAKER,ENGLISH ROSE GARDEN SECATEURS,1
BLUE POLKADOT BEAKER,CHARLOTTE BAG SUKI DESIGN,1
BLUE POLKADOT BEAKER,CHARLOTTE BAG VINTAGE ALPHABET,1
BLUE POLKADOT BEAKER,CLASSIC FRENCH STYLE BASKET NATURAL,1
BLUE POLKADOT BOWL,WHITE SKULL HOT WATER BOTTLE,4
BLUE POLKADOT BOWL,HOT BATHS METAL SIGN,3
BLUE POLKADOT BOWL,HOT WATER BOTTLE I AM SO POORLY,3
BLUE POLKADOT BOWL,CHOCOLATE HOT WATER BOTTLE,3
BLUE POLKADOT BOWL,PINK POLKADOT BOWL,3
BLUE POLKADOT COFFEE MUG,GINGHAM HEART DECORATION,1
BLUE POLKADOT COFFEE MUG,JUMBO BAG RED RETROSPOT,1
BLUE POLKADOT COFFEE MUG,CHILDRENS CUTLERY POLKADOT PINK,1
BLUE POLKADOT COFFEE MUG,CHILDRENS CUTLERY RETROSPOT RED,1
BLUE POLKADOT COFFEE MUG,JAM JAR WITH PINK LID,1
BLUE POLKADOT CUP,CHARLOTTE BAG SUKI DESIGN,2
BLUE POLKADOT CUP,RED RETROSPOT CHARLOTTE BAG,2
BLUE POLKADOT CUP,STRAWBERRY CERAMIC TRINKET BOX,2
BLUE POLKADOT CUP,CERAMIC CHERRY CAKE MONEY BANK,1
BLUE POLKADOT CUP,CERAMIC HEART FAIRY CAKE MONEY BANK,1
BLUE POLKADOT EGG CUP,CERAMIC BOWL WITH LOVE HEART DESIGN,1
BLUE POLKADOT EGG CUP,BLACK CHAMPAGNE GLASS,1
BLUE POLKADOT EGG CUP,LOVE HEART TRINKET POT,1
BLUE POLKADOT EGG CUP,CUBIC MUG PINK POLKADOT,1
BLUE POLKADOT EGG CUP,LARGE CAKE STAND HANGING HEARTS,1
BLUE POLKADOT KIDS BAG,FUNKY DIVA PEN,1
BLUE POLKADOT KIDS BAG,LIGHT GARLAND BUTTERFILES PINK,1
BLUE POLKADOT KIDS BAG,LARGE WHITE HEART OF WICKER,1
BLUE POLKADOT KIDS BAG,GIFT BAG PSYCHEDELIC APPLES,1
BLUE POLKADOT KIDS BAG,"FANCY FONT BIRTHDAY CARD,",1
BLUE POLKADOT PLATE,6 RIBBONS RUSTIC CHARM,1
BLUE POLKADOT PLATE,6 RIBBONS SHIMMERING PINKS,1
BLUE POLKADOT PLATE,JUMBO BAG PINK VINTAGE PAISLEY,1
BLUE POLKADOT PLATE,FAWN BLUE HOT WATER BOTTLE,1
BLUE POLKADOT PLATE,60 TEATIME FAIRY CAKE CASES,1
BLUE POLKADOT WASHING UP GLOVES,VINTAGE CREAM 3 BASKET CAKE STAND,1
BLUE POLKADOT WASHING UP GLOVES,TRAVEL CARD WALLET FLOWER MEADOW,1
BLUE POLKADOT WASHING UP GLOVES,SWEETHEART CERAMIC TRINKET BOX,1
BLUE POLKADOT WASHING UP GLOVES,STRAWBERRY CERAMIC TRINKET BOX,1
BLUE POLKADOT WASHING UP GLOVES,SMALL SKULL WINDMILL,1
BLUE POLKADOT WRAP,RED RETROSPOT WRAP,3
BLUE POLKADOT WRAP,HANGING JAM JAR T-LIGHT HOLDER,2
BLUE POLKADOT WRAP,ASSORTED COLOUR BIRD ORNAMENT,2
BLUE POLKADOT WRAP,WHITE HANGING HEART T-LIGHT HOLDER,2
BLUE POLKADOT WRAP,LUNCH BOX I LOVE LONDON,1
BLUE PUDDING SPOON,RED PUDDING SPOON,2
BLUE PUDDING SPOON,LUNCH BAG PINK POLKADOT,1
BLUE PUDDING SPOON,DOORSTOP RETROSPOT HEART,1
BLUE PUDDING SPOON,CHILDRENS CUTLERY POLKADOT PINK,1
BLUE PUDDING SPOON,CHILDRENS CUTLERY RETROSPOT RED,1
BLUE ROSE FABRIC MIRROR,COTTON APRON PANTRY DESIGN,1
BLUE ROSE FABRIC MIRROR,36 FOIL HEART CAKE CASES,1
BLUE ROSE FABRIC MIRROR,36 FOIL STAR CAKE CASES,1
BLUE ROSE FABRIC MIRROR,"LETTER ""S"" BLING KEY RING",1
BLUE ROSE FABRIC MIRROR,GLITTER HEART DECORATION,1
BLUE SCANDINAVIAN PAISLEY WRAP,PINK PAISLEY ROSE GIFT WRAP,1
BLUE SCANDINAVIAN PAISLEY WRAP,RED RETROSPOT WRAP,1
BLUE SCANDINAVIAN PAISLEY WRAP,ROLL WRAP 50'S RED CHRISTMAS,1
BLUE SCANDINAVIAN PAISLEY WRAP,ROLL WRAP VINTAGE CHRISTMAS,1
BLUE SCANDINAVIAN PAISLEY WRAP,ROLL WRAP VINTAGE SPOT,1
BLUE SPOT CERAMIC DRAWER KNOB,RED STRIPE CERAMIC DRAWER KNOB,3
BLUE SPOT CERAMIC DRAWER KNOB,WHITE SPOT RED CERAMIC DRAWER KNOB,3
BLUE SPOT CERAMIC DRAWER KNOB,DRAWER KNOB CERAMIC IVORY,2
BLUE SPOT CERAMIC DRAWER KNOB,JUMBO STORAGE BAG SUKI,2
BLUE SPOT CERAMIC DRAWER KNOB,BLUE STRIPE CERAMIC DRAWER KNOB,2
BLUE STRIPE CERAMIC DRAWER KNOB,RED STRIPE CERAMIC DRAWER KNOB,4
BLUE STRIPE CERAMIC DRAWER KNOB,LUNCH BAG SUKI DESIGN,3
BLUE STRIPE CERAMIC DRAWER KNOB,JUMBO SHOPPER VINTAGE RED PAISLEY,2
BLUE STRIPE CERAMIC DRAWER KNOB,LUNCH BAG ALPHABET DESIGN,2
BLUE STRIPE CERAMIC DRAWER KNOB,DRAWER KNOB CERAMIC IVORY,2
BLUE VINTAGE SPOT BEAKER,RED VINTAGE SPOT BEAKER,3
BLUE VINTAGE SPOT BEAKER,CHILDRENS CUTLERY SPACEBOY,2
BLUE VINTAGE SPOT BEAKER,COWBOYS AND INDIANS BIRTHDAY CARD,2
BLUE VINTAGE SPOT BEAKER,"BIRTHDAY CARD, RETRO SPOT",2
BLUE VINTAGE SPOT BEAKER,REVOLVER WOODEN RULER,2
BLUE/CREAM STRIPE CUSHION COVER,HOT BATHS SOAP HOLDER,1
BLUE/CREAM STRIPE CUSHION COVER,LETTER HOLDER HOME SWEET HOME,1
BLUE/CREAM STRIPE CUSHION COVER,4 PINK FLOCK CHRISTMAS BALLS,1
BLUE/CREAM STRIPE CUSHION COVER,DRAWER KNOB CRACKLE GLAZE BLUE,1
BLUE/CREAM STRIPE CUSHION COVER,CHILLI LIGHTS,1
BLUE/YELLOW CERAMIC CANDLE HOLDER,DOLLY GIRL LUNCH BOX,1
BLUE/YELLOW CERAMIC CANDLE HOLDER,CHILDREN'S APRON DOLLY GIRL,1
BLUE/YELLOW CERAMIC CANDLE HOLDER,BUBBLEGUM RING ASSORTED,1
BLUE/YELLOW CERAMIC CANDLE HOLDER,EGG FRYING PAN PINK,1
BLUE/YELLOW CERAMIC CANDLE HOLDER,BLUE CIRCLES DESIGN TEDDY,1
BOHEMIAN COLLAGE STATIONERY SET,FLORAL FOLK STATIONERY SET,1
BOHEMIAN COLLAGE STATIONERY SET,LUNCH BAG  BLACK SKULL.,1
BOHEMIAN COLLAGE STATIONERY SET,METAL SIGN EMPIRE TEA,1
BOHEMIAN COLLAGE STATIONERY SET,MODERN FLORAL STATIONERY SET,1
BOHEMIAN COLLAGE STATIONERY SET,RED GINGHAM ROSE JEWELLERY BOX,1
BOOM BOX SPEAKER BOYS,GREEN REGENCY TEACUP AND SAUCER,1
BOOM BOX SPEAKER BOYS,LOVELY BONBON STICKER SHEET,1
BOOM BOX SPEAKER BOYS,DOG TOY WITH PINK CROCHET SKIRT,1
BOOM BOX SPEAKER BOYS,CARD CHRISTMAS VILLAGE,1
BOOM BOX SPEAKER BOYS,HOT BATHS METAL SIGN,1
BOOZE & WOMEN GREETING CARD,I CAN ONLY PLEASE ONE PERSON MUG,1
BOOZE & WOMEN GREETING CARD,60 CAKE CASES DOLLY GIRL DESIGN,1
BOOZE & WOMEN GREETING CARD,CACTI T-LIGHT CANDLES,1
BOOZE & WOMEN GREETING CARD,12 PENCIL SMALL TUBE WOODLAND,1
BOOZE & WOMEN GREETING CARD,60 TEATIME FAIRY CAKE CASES,1
BOTTLE BAG RETROSPOT,LUNCH BAG PINK POLKADOT,2
BOTTLE BAG RETROSPOT,CHOCOLATE BOX RIBBONS,1
BOTTLE BAG RETROSPOT,I CAN ONLY PLEASE ONE PERSON MUG,1
BOTTLE BAG RETROSPOT,CHOCOLATE HOT WATER BOTTLE,1
BOTTLE BAG RETROSPOT,IVORY PAPER CUP CAKE CASES,1
BOUDOIR SQUARE TISSUE BOX,CLOTHES PEGS RETROSPOT PACK 24,1
BOUDOIR SQUARE TISSUE BOX,DOORMAT NEW ENGLAND,1
BOUDOIR SQUARE TISSUE BOX,CERAMIC STRAWBERRY DESIGN MUG,1
BOUDOIR SQUARE TISSUE BOX,ENGLISH ROSE SCENTED HANGING FLOWER,1
BOUDOIR SQUARE TISSUE BOX,BLOND DOLL DOORSTOP,1
BOX OF 24 COCKTAIL PARASOLS,ALARM CLOCK BAKELIKE RED,3
BOX OF 24 COCKTAIL PARASOLS,PACK OF 72 RETROSPOT CAKE CASES,3
BOX OF 24 COCKTAIL PARASOLS,NATURAL SLATE RECTANGLE CHALKBOARD,3
BOX OF 24 COCKTAIL PARASOLS,PHOTO CUBE,3
BOX OF 24 COCKTAIL PARASOLS,ROUND SNACK BOXES SET OF4 WOODLAND,3
BOX OF 6 ASSORTED COLOUR TEASPOONS,RIBBON REEL STRIPES DESIGN,2
BOX OF 6 ASSORTED COLOUR TEASPOONS,PINK CREAM FELT CRAFT TRINKET BOX,2
BOX OF 6 ASSORTED COLOUR TEASPOONS,MEMO BOARD COTTAGE DESIGN,2
BOX OF 6 ASSORTED COLOUR TEASPOONS,WHITE HANGING HEART T-LIGHT HOLDER,1
BOX OF 6 ASSORTED COLOUR TEASPOONS,VINTAGE CREAM DOG FOOD CONTAINER,1
BOX OF 6 CHRISTMAS CAKE DECORATIONS,GREEN REGENCY TEACUP AND SAUCER,1
BOX OF 6 CHRISTMAS CAKE DECORATIONS,LOVELY BONBON STICKER SHEET,1
BOX OF 6 CHRISTMAS CAKE DECORATIONS,DOG TOY WITH PINK CROCHET SKIRT,1
BOX OF 6 CHRISTMAS CAKE DECORATIONS,CARD CHRISTMAS VILLAGE,1
BOX OF 6 CHRISTMAS CAKE DECORATIONS,HOT BATHS METAL SIGN,1
BOX OF 6 MINI 50'S CRACKERS,JUMBO BAG 50'S CHRISTMAS,1
BOX OF 6 MINI 50'S CRACKERS,GARDENERS KNEELING PAD KEEP CALM,1
BOX OF 6 MINI 50'S CRACKERS,LETTER HOLDER HOME SWEET HOME,1
BOX OF 6 MINI 50'S CRACKERS,HOME SWEET HOME BLACKBOARD,1
BOX OF 6 MINI 50'S CRACKERS,GLITTER CHRISTMAS TREE WITH BELLS,1
BOX OF 6 MINI VINTAGE CRACKERS,BISCUIT TIN VINTAGE CHRISTMAS,2
BOX OF 6 MINI VINTAGE CRACKERS,LUNCH BAG VINTAGE DOILY,2
BOX OF 6 MINI VINTAGE CRACKERS,JAM MAKING SET PRINTED,2
BOX OF 6 MINI VINTAGE CRACKERS,CHRISTMAS CRAFT TREE TOP ANGEL,2
BOX OF 6 MINI VINTAGE CRACKERS,PAPER CHAIN KIT VINTAGE CHRISTMAS,2
BOX OF VINTAGE ALPHABET BLOCKS,VINTAGE HEADS AND TAILS CARD GAME,2
BOX OF VINTAGE ALPHABET BLOCKS,ASSORTED COLOUR BIRD ORNAMENT,1
BOX OF VINTAGE ALPHABET BLOCKS,CHILDS BREAKFAST SET SPACEBOY,1
BOX OF VINTAGE ALPHABET BLOCKS,CAKE STAND 3 TIER MAGIC GARDEN,1
BOX OF VINTAGE ALPHABET BLOCKS,CHILDREN'S CIRCUS PARADE MUG,1
BOYS VINTAGE TIN SEASIDE BUCKET,DOLLY GIRL LUNCH BOX,1
BOYS VINTAGE TIN SEASIDE BUCKET,CHILDREN'S APRON DOLLY GIRL,1
BOYS VINTAGE TIN SEASIDE BUCKET,BUBBLEGUM RING ASSORTED,1
BOYS VINTAGE TIN SEASIDE BUCKET,EGG FRYING PAN PINK,1
BOYS VINTAGE TIN SEASIDE BUCKET,BLUE CIRCLES DESIGN TEDDY,1
BREAD BIN DINER STYLE IVORY,BLACK CHRISTMAS TREE 120CM,1
BREAD BIN DINER STYLE IVORY,HOT WATER BOTTLE KEEP CALM,1
BREAD BIN DINER STYLE IVORY,BREAD BIN DINER STYLE PINK,1
BREAD BIN DINER STYLE IVORY,CHILLI LIGHTS,1
BREAD BIN DINER STYLE IVORY,HOME SWEET HOME BLACKBOARD,1
BREAD BIN DINER STYLE MINT,FLOOR LAMP SHADE WOOD BASE,1
BREAD BIN DINER STYLE MINT,GLASS  BEURRE DISH,1
BREAD BIN DINER STYLE MINT,GUMBALL MAGAZINE RACK,1
BREAD BIN DINER STYLE MINT,GUMBALL MONOCHROME COAT RACK,1
BREAD BIN DINER STYLE MINT,BREAD BIN DINER STYLE PINK,1
BREAD BIN DINER STYLE PINK,ASSTD MULTICOLOUR CIRCLES MUG,2
BREAD BIN DINER STYLE PINK,REGENCY CAKESTAND 3 TIER,2
BREAD BIN DINER STYLE PINK,JAM MAKING SET WITH JARS,1
BREAD BIN DINER STYLE PINK,MEDIUM CERAMIC TOP STORAGE JAR,1
BREAD BIN DINER STYLE PINK,JUMBO BAG RED RETROSPOT,1
BREAD BIN DINER STYLE RED,CARAVAN SQUARE TISSUE BOX,1
BREAD BIN DINER STYLE RED,4 TRADITIONAL SPINNING TOPS,1
BREAD BIN DINER STYLE RED,JUMBO BAG RED RETROSPOT,1
BREAD BIN DINER STYLE RED,GARLAND WITH HEARTS AND BELLS,1
BREAD BIN DINER STYLE RED,CARRIAGE,1
BROCADE RING PURSE,ENAMEL MEASURING JUG CREAM,1
BROCADE RING PURSE,HOME SWEET HOME BLACKBOARD,1
BROCADE RING PURSE,ASSORTED COLOURS SILK FAN,1
BROCADE RING PURSE,I'M ON HOLIDAY METAL SIGN,1
BROCADE RING PURSE,LARGE CERAMIC TOP STORAGE JAR,1
BROCANTE SHELF WITH HOOKS,HANGING HEART JAR T-LIGHT HOLDER,1
BROCANTE SHELF WITH HOOKS,LARGE CIRCULAR MIRROR MOBILE,1
BROCANTE SHELF WITH HOOKS,ASSORTED COLOUR BIRD ORNAMENT,1
BROCANTE SHELF WITH HOOKS,ANTIQUE TALL SWIRLGLASS TRINKET POT,1
BROCANTE SHELF WITH HOOKS,IVORY GIANT GARDEN THERMOMETER,1
BROWN  PIRATE TREASURE CHEST,LARGE WHITE HEART OF WICKER,2
BROWN  PIRATE TREASURE CHEST,DARK BIRD HOUSE TREE DECORATION,2
BROWN  PIRATE TREASURE CHEST,"LETTER ""S"" BLING KEY RING",2
BROWN  PIRATE TREASURE CHEST,6 RIBBONS EMPIRE,2
BROWN  PIRATE TREASURE CHEST,6 RIBBONS RUSTIC CHARM,2
BROWN CHECK CAT DOORSTOP,LUNCH BAG PINK POLKADOT,2
BROWN CHECK CAT DOORSTOP,ENGLISH ROSE GARDEN SECATEURS,2
BROWN CHECK CAT DOORSTOP,GREEN GIANT GARDEN THERMOMETER,2
BROWN CHECK CAT DOORSTOP,LUNCH BAG VINTAGE DOILY,2
BROWN CHECK CAT DOORSTOP,HANGING HEART WITH BELL,2
BUBBLEGUM RING ASSORTED,SET OF 2 CHRISTMAS DECOUPAGE CANDLE,3
BUBBLEGUM RING ASSORTED,PAPER CHAIN KIT 50'S CHRISTMAS,3
BUBBLEGUM RING ASSORTED,TREASURE TIN GYMKHANA DESIGN,3
BUBBLEGUM RING ASSORTED,JUMBO BAG VINTAGE CHRISTMAS,3
BUBBLEGUM RING ASSORTED,JUMBO BAG 50'S CHRISTMAS,3
BUFFALO BILL TREASURE BOOK BOX,LARGE PURPLE BABUSHKA NOTEBOOK,1
BUFFALO BILL TREASURE BOOK BOX,LARGE RED BABUSHKA NOTEBOOK,1
BUFFALO BILL TREASURE BOOK BOX,HAND WARMER BABUSHKA DESIGN,1
BUFFALO BILL TREASURE BOOK BOX,ANTIQUE SILVER BAUBLE LAMP,1
BUFFALO BILL TREASURE BOOK BOX,JUMBO BAG VINTAGE CHRISTMAS,1
BULL DOG BOTTLE OPENER,JUMBO STORAGE BAG SUKI,2
BULL DOG BOTTLE OPENER,JUMBO BAG PINK POLKADOT,2
BULL DOG BOTTLE OPENER,JUMBO SHOPPER VINTAGE RED PAISLEY,2
BULL DOG BOTTLE OPENER,JUMBO BAG VINTAGE LEAF,2
BULL DOG BOTTLE OPENER,JUMBO BAG RED RETROSPOT,2
BULL DOG BOTTLE TOP WALL CLOCK,COFFEE MUG APPLES DESIGN,1
BULL DOG BOTTLE TOP WALL CLOCK,GIN + TONIC DIET METAL SIGN,1
BULL DOG BOTTLE TOP WALL CLOCK,FUNKY DIVA PEN,1
BULL DOG BOTTLE TOP WALL CLOCK,GINGERBREAD MAN COOKIE CUTTER,1
BULL DOG BOTTLE TOP WALL CLOCK,COFFEE MUG PEARS  DESIGN,1
BUNDLE OF 3 ALPHABET EXERCISE BOOKS,BUNDLE OF 3 SCHOOL EXERCISE BOOKS,3
BUNDLE OF 3 ALPHABET EXERCISE BOOKS,LUNCH BAG APPLE DESIGN,2
BUNDLE OF 3 ALPHABET EXERCISE BOOKS,FELTCRAFT BUTTERFLY HEARTS,2
BUNDLE OF 3 ALPHABET EXERCISE BOOKS,BALLOONS  WRITING SET,2
BUNDLE OF 3 ALPHABET EXERCISE BOOKS,LUNCH BAG PINK POLKADOT,2
BUNDLE OF 3 RETRO NOTE BOOKS,BUNDLE OF 3 SCHOOL EXERCISE BOOKS,3
BUNDLE OF 3 RETRO NOTE BOOKS,LUNCH BAG APPLE DESIGN,2
BUNDLE OF 3 RETRO NOTE BOOKS,LUNCH BAG SUKI DESIGN,2
BUNDLE OF 3 RETRO NOTE BOOKS,JUMBO BAG DOLLY GIRL DESIGN,2
BUNDLE OF 3 RETRO NOTE BOOKS,FELTCRAFT PRINCESS LOLA DOLL,2
BUNDLE OF 3 SCHOOL EXERCISE BOOKS,BUNDLE OF 3 ALPHABET EXERCISE BOOKS,3
BUNDLE OF 3 SCHOOL EXERCISE BOOKS,BUNDLE OF 3 RETRO NOTE BOOKS,3
BUNDLE OF 3 SCHOOL EXERCISE BOOKS,LUNCH BOX I LOVE LONDON,2
BUNDLE OF 3 SCHOOL EXERCISE BOOKS,JUMBO BAG PEARS,2
BUNDLE OF 3 SCHOOL EXERCISE BOOKS,BALLOONS  WRITING SET,2
BUNNY EGG GARLAND,HOMEMADE JAM SCENTED CANDLES,1
BUNNY EGG GARLAND,GARLAND WOODEN HAPPY EASTER,1
BUNNY EGG GARLAND,FENG SHUI PILLAR CANDLE,1
BUNNY EGG GARLAND,CREAM FELT EASTER EGG BASKET,1
BUNNY EGG GARLAND,DECORATION  PINK CHICK MAGIC GARDEN,1
BUNNY WOODEN PAINTED WITH BIRD,DOORMAT FANCY FONT HOME SWEET HOME,2
BUNNY WOODEN PAINTED WITH BIRD,ALARM CLOCK BAKELIKE RED,2
BUNNY WOODEN PAINTED WITH BIRD,DOORMAT WELCOME TO OUR HOME,1
BUNNY WOODEN PAINTED WITH BIRD,DOORMAT RESPECTABLE HOUSE,1
BUNNY WOODEN PAINTED WITH BIRD,LUNCH BAG WOODLAND,1
BUTTON BOX,BLUE DRAWER KNOB ACRYLIC EDWARDIAN,2
BUTTON BOX,FRENCH BLUE METAL DOOR SIGN 1,2
BUTTON BOX,CLEAR DRAWER KNOB ACRYLIC EDWARDIAN,2
BUTTON BOX,SET OF 4 PANTRY JELLY MOULDS,2
BUTTON BOX,SKULL SHOULDER BAG,2
CABIN BAG VINTAGE RETROSPOT,LOVE HEART POCKET WARMER,1
CABIN BAG VINTAGE RETROSPOT,HAND WARMER BABUSHKA DESIGN,1
CABIN BAG VINTAGE RETROSPOT,ROSE CARAVAN DOORSTOP,1
CABIN BAG VINTAGE RETROSPOT,S/4 VALENTINE DECOUPAGE HEART BOX,1
CABIN BAG VINTAGE RETROSPOT,SET 3 WICKER STORAGE BASKETS,1
CACTI T-LIGHT CANDLES,LUNCH BAG WOODLAND,2
CACTI T-LIGHT CANDLES,SINGLE HEART ZINC T-LIGHT HOLDER,2
CACTI T-LIGHT CANDLES,ABC TREASURE BOOK BOX,1
CACTI T-LIGHT CANDLES,FANNY'S REST STOPMETAL SIGN,1
CACTI T-LIGHT CANDLES,12 PENCIL SMALL TUBE WOODLAND,1
CAKE PLATE LOVEBIRD WHITE,DOORSTOP RACING CAR DESIGN,2
CAKE PLATE LOVEBIRD WHITE,DRAWER KNOB CRACKLE GLAZE GREEN,1
CAKE PLATE LOVEBIRD WHITE,ASSORTED COLOUR LIZARD SUCTION HOOK,1
CAKE PLATE LOVEBIRD WHITE,BLACK AND WHITE CAT BOWL,1
CAKE PLATE LOVEBIRD WHITE,BLACK AND WHITE DOG BOWL,1
CAKE STAND 3 TIER MAGIC GARDEN,CHILDREN'S CIRCUS PARADE MUG,1
CAKE STAND 3 TIER MAGIC GARDEN,BOX OF VINTAGE ALPHABET BLOCKS,1
CAKE STAND 3 TIER MAGIC GARDEN,MINI PAINT SET VINTAGE,1
CAKE STAND 3 TIER MAGIC GARDEN,PACK OF 60 PINK PAISLEY CAKE CASES,1
CAKE STAND 3 TIER MAGIC GARDEN,PICTURE DOMINOES,1
CAKE STAND LOVEBIRD 2 TIER WHITE,ASSORTED MONKEY SUCTION CUP HOOK,1
CAKE STAND LOVEBIRD 2 TIER WHITE,ASSORTED COLOURS SILK FAN,1
CAKE STAND LOVEBIRD 2 TIER WHITE,LARGE CAKE STAND  HANGING STRAWBERY,1
CAKE STAND LOVEBIRD 2 TIER WHITE,NOVELTY BISCUITS CAKE STAND 3 TIER,1
CAKE STAND LOVEBIRD 2 TIER WHITE,PARTY BUNTING,1
CAKES AND BOWS GIFT  TAPE,LARGE CAKE TOWEL PINK SPOTS,1
CAKES AND BOWS GIFT  TAPE,6 RIBBONS SHIMMERING PINKS,1
CAKES AND BOWS GIFT  TAPE,LOVE HEART POCKET WARMER,1
CAKES AND BOWS GIFT  TAPE,LARGE CAKE TOWEL CHOCOLATE SPOTS,1
CAKES AND BOWS GIFT  TAPE,HAND TOWEL PALE BLUE W FLOWERS,1
CAKES AND RABBITS DESIGN FLANNEL,KITTENS DESIGN FLANNEL,1
CAKES AND RABBITS DESIGN FLANNEL,LOVEBIRD HANGING DECORATION WHITE,1
CAKES AND RABBITS DESIGN FLANNEL,JUMBO BAG PINK POLKADOT,1
CAKES AND RABBITS DESIGN FLANNEL,JUMBO BAG WOODLAND ANIMALS,1
CAKES AND RABBITS DESIGN FLANNEL,JUMBO SHOPPER VINTAGE RED PAISLEY,1
CALENDAR IN SEASON DESIGN,GREEN REGENCY TEACUP AND SAUCER,1
CALENDAR IN SEASON DESIGN,LOVELY BONBON STICKER SHEET,1
CALENDAR IN SEASON DESIGN,DOG TOY WITH PINK CROCHET SKIRT,1
CALENDAR IN SEASON DESIGN,CARD CHRISTMAS VILLAGE,1
CALENDAR IN SEASON DESIGN,HOT BATHS METAL SIGN,1
CAMOUFLAGE LED TORCH,GREEN REGENCY TEACUP AND SAUCER,1
CAMOUFLAGE LED TORCH,LOVELY BONBON STICKER SHEET,1
CAMOUFLAGE LED TORCH,DOG TOY WITH PINK CROCHET SKIRT,1
CAMOUFLAGE LED TORCH,CARD CHRISTMAS VILLAGE,1
CAMOUFLAGE LED TORCH,HOT BATHS METAL SIGN,1
CANDLEHOLDER PINK HANGING HEART,RED HANGING HEART T-LIGHT HOLDER,2
CANDLEHOLDER PINK HANGING HEART,RED WOOLLY HOTTIE WHITE HEART.,2
CANDLEHOLDER PINK HANGING HEART,WHITE HANGING HEART T-LIGHT HOLDER,2
CANDLEHOLDER PINK HANGING HEART,LUNCH BAG RED RETROSPOT,1
CANDLEHOLDER PINK HANGING HEART,LUNCH BAG WOODLAND,1
CANDY HEART HANGING DECORATION,DOORMAT KEEP CALM AND COME IN,1
CANDY HEART HANGING DECORATION,BLACK BIRD GARDEN DESIGN MUG,1
CANDY HEART HANGING DECORATION,CERAMIC STRAWBERRY DESIGN MUG,1
CANDY HEART HANGING DECORATION,FRENCH LAVENDER SCENT HEART,1
CANDY HEART HANGING DECORATION,BOUDOIR SQUARE TISSUE BOX,1
CANDY SPOT EGG WARMER HARE,FRENCH ENAMEL CANDLEHOLDER,1
CANDY SPOT EGG WARMER HARE,GARLAND WOODEN HAPPY EASTER,1
CANDY SPOT EGG WARMER HARE,RETROSPOT LAMP,1
CANDY SPOT EGG WARMER HARE,WOODEN FRAME ANTIQUE WHITE,1
CARAVAN SQUARE TISSUE BOX,HEART OF WICKER SMALL,2
CARAVAN SQUARE TISSUE BOX,FRENCH ENAMEL CANDLEHOLDER,2
CARAVAN SQUARE TISSUE BOX,CINAMMON & ORANGE WREATH,2
CARAVAN SQUARE TISSUE BOX,WORLD WAR 2 GLIDERS ASSTD DESIGNS,2
CARAVAN SQUARE TISSUE BOX,ASSORTED COLOUR BIRD ORNAMENT,1
CARD BILLBOARD FONT,72 SWEETHEART FAIRY CAKE CASES,2
CARD BILLBOARD FONT,SWALLOWS GREETING CARD,2
CARD BILLBOARD FONT,12 DAISY PEGS IN WOOD BOX,1
CARD BILLBOARD FONT,LUNCH BAG SUKI DESIGN,1
CARD BILLBOARD FONT,DOORMAT AIRMAIL,1
CARD BIRTHDAY COWBOY,HOME SWEET HOME METAL SIGN,1
CARD BIRTHDAY COWBOY,12 DAISY PEGS IN WOOD BOX,1
CARD BIRTHDAY COWBOY,DECORATIVE FLORE BATHROOM BOTTLE,1
CARD BIRTHDAY COWBOY,DECORATIVE ROSE BATHROOM BOTTLE,1
CARD BIRTHDAY COWBOY,EMPIRE BIRTHDAY CARD,1
CARD CAT AND TREE,LUNCH BAG WOODLAND,2
CARD CAT AND TREE,CARD SUKI BIRTHDAY,2
CARD CAT AND TREE,LUNCH BAG SPACEBOY DESIGN,2
CARD CAT AND TREE,CARD DOG AND BALL,2
CARD CAT AND TREE,GIN + TONIC DIET METAL SIGN,2
CARD CHRISTMAS VILLAGE,GUMBALL COAT RACK,2
CARD CHRISTMAS VILLAGE,PACK OF 72 RETROSPOT CAKE CASES,2
CARD CHRISTMAS VILLAGE,RECIPE BOX PANTRY YELLOW DESIGN,2
CARD CHRISTMAS VILLAGE,ROLL WRAP VINTAGE CHRISTMAS,2
CARD CHRISTMAS VILLAGE,HOT BATHS METAL SIGN,1
CARD CIRCUS PARADE,72 SWEETHEART FAIRY CAKE CASES,2
CARD CIRCUS PARADE,GUMBALL COAT RACK,2
CARD CIRCUS PARADE,60 CAKE CASES DOLLY GIRL DESIGN,2
CARD CIRCUS PARADE,LUNCH BAG SPACEBOY DESIGN,2
CARD CIRCUS PARADE,MAGNETS PACK OF 4 SWALLOWS,2
CARD DOG AND BALL,CARD CAT AND TREE,2
CARD DOG AND BALL,CARD SUKI BIRTHDAY,2
CARD DOG AND BALL,LUNCH BAG WOODLAND,2
CARD DOG AND BALL,LUNCH BAG SPACEBOY DESIGN,2
CARD DOG AND BALL,GIN + TONIC DIET METAL SIGN,2
CARD DOLLY GIRL,SPACEBOY BIRTHDAY CARD,4
CARD DOLLY GIRL,ALARM CLOCK BAKELIKE RED,2
CARD DOLLY GIRL,LUNCH BAG DOLLY GIRL DESIGN,2
CARD DOLLY GIRL,JUMBO BAG SPACEBOY DESIGN,2
CARD DOLLY GIRL,LUNCH BAG SPACEBOY DESIGN,2
CARD GINGHAM ROSE,GUMBALL COAT RACK,2
CARD GINGHAM ROSE,72 SWEETHEART FAIRY CAKE CASES,2
CARD GINGHAM ROSE,EMPIRE BIRTHDAY CARD,2
CARD GINGHAM ROSE,"FANCY FONT BIRTHDAY CARD,",2
CARD GINGHAM ROSE,PARTY BUNTING,2
CARD HOLDER GINGHAM HEART,BROWN CHECK CAT DOORSTOP,2
CARD HOLDER GINGHAM HEART,HEART T-LIGHT HOLDER WILLIE WINKIE,2
CARD HOLDER GINGHAM HEART,DOORMAT HOME SWEET HOME BLUE,1
CARD HOLDER GINGHAM HEART,ENGLISH ROSE SPIRIT LEVEL,1
CARD HOLDER GINGHAM HEART,FRENCH BLUE METAL DOOR SIGN 0,1
CARD I LOVE LONDON,ALARM CLOCK BAKELIKE GREEN,2
CARD I LOVE LONDON,SET OF 3 BIRD LIGHT PINK FEATHER,2
CARD I LOVE LONDON,RABBIT NIGHT LIGHT,2
CARD I LOVE LONDON,SPACEBOY MINI BACKPACK,2
CARD I LOVE LONDON,PACK OF 72 RETROSPOT CAKE CASES,2
CARD MOTORBIKE SANTA,LARGE WHITE HEART OF WICKER,2
CARD MOTORBIKE SANTA,HOT BATHS METAL SIGN,2
CARD MOTORBIKE SANTA,CHARLOTTE BAG DOLLY GIRL DESIGN,1
CARD MOTORBIKE SANTA,CHARLOTTE BAG PINK POLKADOT,1
CARD MOTORBIKE SANTA,EGG CUP MILKMAID HEIDI,1
CARD PARTY GAMES,GREEN POLKADOT BOWL,1
CARD PARTY GAMES,GREEN REGENCY TEACUP AND SAUCER,1
CARD PARTY GAMES,LOVELY BONBON STICKER SHEET,1
CARD PARTY GAMES,DOG TOY WITH PINK CROCHET SKIRT,1
CARD PARTY GAMES,CARD CHRISTMAS VILLAGE,1
CARD PSYCHEDELIC APPLES,GREEN POLKADOT BOWL,1
CARD PSYCHEDELIC APPLES,GREEN REGENCY TEACUP AND SAUCER,1
CARD PSYCHEDELIC APPLES,LOVELY BONBON STICKER SHEET,1
CARD PSYCHEDELIC APPLES,DOG TOY WITH PINK CROCHET SKIRT,1
CARD PSYCHEDELIC APPLES,CARD CHRISTMAS VILLAGE,1
CARD SUKI BIRTHDAY,LUNCH BAG SPACEBOY DESIGN,3
CARD SUKI BIRTHDAY,LUNCH BAG WOODLAND,3
CARD SUKI BIRTHDAY,BATHROOM METAL SIGN,2
CARD SUKI BIRTHDAY,ALARM CLOCK BAKELIKE GREEN,2
CARD SUKI BIRTHDAY,VINTAGE KID DOLLY CARD,2
CARDHOLDER GINGHAM CHRISTMAS TREE,HAND WARMER RED RETROSPOT,1
CARDHOLDER GINGHAM CHRISTMAS TREE,6 RIBBONS RUSTIC CHARM,1
CARDHOLDER GINGHAM CHRISTMAS TREE,GREY HEART HOT WATER BOTTLE,1
CARDHOLDER GINGHAM CHRISTMAS TREE,4 TRADITIONAL SPINNING TOPS,1
CARDHOLDER GINGHAM CHRISTMAS TREE,ZINC BOX SIGN HOME,1
CARDHOLDER GINGHAM STAR,HAND WARMER UNION JACK,1
CARDHOLDER GINGHAM STAR,CHRISTMAS TABLE SILVER CANDLE SPIKE,1
CARDHOLDER GINGHAM STAR,HAND WARMER BIRD DESIGN,1
CARDHOLDER GINGHAM STAR,ALARM CLOCK BAKELIKE CHOCOLATE,1
CARDHOLDER GINGHAM STAR,HOT WATER BOTTLE TEA AND SYMPATHY,1
CARRIAGE,JAM MAKING SET PRINTED,2
CARRIAGE,AIRLINE BAG VINTAGE WORLD CHAMPION,1
CARRIAGE,12 EGG HOUSE PAINTED WOOD,1
CARRIAGE,CLOTHES PEGS RETROSPOT PACK 24,1
CARRIAGE,BUBBLEGUM RING ASSORTED,1
CARROT CHARLIE+LOLA COASTER SET,LUNCH BAG APPLE DESIGN,2
CARROT CHARLIE+LOLA COASTER SET,LUNCH BAG RED RETROSPOT,2
CARROT CHARLIE+LOLA COASTER SET,POLYESTER FILLER PAD 45X45CM,2
CARROT CHARLIE+LOLA COASTER SET,EDWARDIAN PARASOL RED,2
CARROT CHARLIE+LOLA COASTER SET,LUNCH BAG PINK POLKADOT,2
CARTOON  PENCIL SHARPENERS,LUNCH BAG ALPHABET DESIGN,1
CARTOON  PENCIL SHARPENERS,BUNNY WOODEN PAINTED WITH BIRD,1
CARTOON  PENCIL SHARPENERS,JIGSAW TREE WITH BIRDHOUSE,1
CARTOON  PENCIL SHARPENERS,DOORMAT KEEP CALM AND COME IN,1
CARTOON  PENCIL SHARPENERS,HOUSE SHAPE PENCIL SHARPENER,1
CERAMIC BOWL WITH LOVE HEART DESIGN,HANGING HEART MIRROR DECORATION,1
CERAMIC BOWL WITH LOVE HEART DESIGN,BLACK CHAMPAGNE GLASS,1
CERAMIC BOWL WITH LOVE HEART DESIGN,LOVE HEART TRINKET POT,1
CERAMIC BOWL WITH LOVE HEART DESIGN,CUBIC MUG PINK POLKADOT,1
CERAMIC BOWL WITH LOVE HEART DESIGN,LARGE CAKE STAND HANGING HEARTS,1
CERAMIC CAKE DESIGN SPOTTED MUG,SWEETHEART CERAMIC TRINKET BOX,2
CERAMIC CAKE DESIGN SPOTTED MUG,PINK HEART SHAPE EGG FRYING PAN,2
CERAMIC CAKE DESIGN SPOTTED MUG,ROUND PINK HEART MIRROR,2
CERAMIC CAKE DESIGN SPOTTED MUG,DAIRY MAID LARGE MILK JUG,2
CERAMIC CAKE DESIGN SPOTTED MUG,COSMETIC BAG VINTAGE ROSE PAISLEY,2
CERAMIC CAKE DESIGN SPOTTED PLATE,RED LOVE HEART SHAPE CUP,2
CERAMIC CAKE DESIGN SPOTTED PLATE,MAGIC DRAWING SLATE PURDEY,1
CERAMIC CAKE DESIGN SPOTTED PLATE,BROWN  PIRATE TREASURE CHEST,1
CERAMIC CAKE DESIGN SPOTTED PLATE,GLASS JAR DAISY FRESH COTTON WOOL,1
CERAMIC CAKE DESIGN SPOTTED PLATE,CHOCOLATE BOX RIBBONS,1
CERAMIC CHERRY CAKE MONEY BANK,CERAMIC STRAWBERRY CAKE MONEY BANK,3
CERAMIC CHERRY CAKE MONEY BANK,PIGGY BANK RETROSPOT,3
CERAMIC CHERRY CAKE MONEY BANK,CERAMIC HEART FAIRY CAKE MONEY BANK,2
CERAMIC CHERRY CAKE MONEY BANK,HAND WARMER BIRD DESIGN,2
CERAMIC CHERRY CAKE MONEY BANK,DOORSTOP RETROSPOT HEART,2
CERAMIC HEART FAIRY CAKE MONEY BANK,CERAMIC CHERRY CAKE MONEY BANK,2
CERAMIC HEART FAIRY CAKE MONEY BANK,BIRD HOUSE HOT WATER BOTTLE,2
CERAMIC HEART FAIRY CAKE MONEY BANK,3 PIECE SPACEBOY COOKIE CUTTER SET,2
CERAMIC HEART FAIRY CAKE MONEY BANK,FELTCRAFT CHRISTMAS FAIRY,2
CERAMIC HEART FAIRY CAKE MONEY BANK,CHILDRENS APRON SPACEBOY DESIGN,2
CERAMIC LOVE HEART MONEY BANK,TEA TIME OVEN GLOVE,2
CERAMIC LOVE HEART MONEY BANK,LARGE HEART MEASURING SPOONS,1
CERAMIC LOVE HEART MONEY BANK,GINGHAM HEART  DOORSTOP RED,1
CERAMIC LOVE HEART MONEY BANK,GINGHAM HEART DECORATION,1
CERAMIC LOVE HEART MONEY BANK,LOVE HEART POCKET WARMER,1
CERAMIC PIRATE CHEST MONEY BANK,EIGHT PIECE SNAKE  SET,2
CERAMIC PIRATE CHEST MONEY BANK,BLACK ENCHANTED FOREST PLACEMAT,2
CERAMIC PIRATE CHEST MONEY BANK,GUMBALL COAT RACK,2
CERAMIC PIRATE CHEST MONEY BANK,DAIRY MAID LARGE MILK JUG,2
CERAMIC PIRATE CHEST MONEY BANK,36 PENCILS TUBE SKULLS,2
CERAMIC STRAWBERRY CAKE MONEY BANK,CERAMIC CHERRY CAKE MONEY BANK,3
CERAMIC STRAWBERRY CAKE MONEY BANK,PIGGY BANK RETROSPOT,3
CERAMIC STRAWBERRY CAKE MONEY BANK,CERAMIC STRAWBERRY MONEY BOX,2
CERAMIC STRAWBERRY CAKE MONEY BANK,PACK OF 72 RETROSPOT CAKE CASES,2
CERAMIC STRAWBERRY CAKE MONEY BANK,JUMBO BAG PINK VINTAGE PAISLEY,2
CERAMIC STRAWBERRY DESIGN MUG,DOORMAT FANCY FONT HOME SWEET HOME,1
CERAMIC STRAWBERRY DESIGN MUG,BLACK BIRD GARDEN DESIGN MUG,1
CERAMIC STRAWBERRY DESIGN MUG,DOORMAT HEARTS,1
CERAMIC STRAWBERRY DESIGN MUG,ENGLISH ROSE SCENTED HANGING FLOWER,1
CERAMIC STRAWBERRY DESIGN MUG,BOUDOIR SQUARE TISSUE BOX,1
CERAMIC STRAWBERRY MONEY BOX,JUMBO BAG PINK VINTAGE PAISLEY,2
CERAMIC STRAWBERRY MONEY BOX,CERAMIC STRAWBERRY CAKE MONEY BANK,2
CERAMIC STRAWBERRY MONEY BOX,CERAMIC CHERRY CAKE MONEY BANK,2
CERAMIC STRAWBERRY MONEY BOX,PIGGY BANK RETROSPOT,2
CERAMIC STRAWBERRY MONEY BOX,PLASTERS IN TIN SKULLS,2
CERAMIC STRAWBERRY TRINKET TRAY,GREEN POLKADOT BOWL,1
CERAMIC STRAWBERRY TRINKET TRAY,CARD HOLDER GINGHAM HEART,1
CERAMIC STRAWBERRY TRINKET TRAY,HEART T-LIGHT HOLDER WILLIE WINKIE,1
CERAMIC STRAWBERRY TRINKET TRAY,FLYING PIG WATERING CAN,1
CERAMIC STRAWBERRY TRINKET TRAY,12 PENCILS SMALL TUBE RED RETROSPOT,1
CHARLIE & LOLA WASTEPAPER BIN BLUE,CERAMIC LOVE HEART MONEY BANK,1
CHARLIE & LOLA WASTEPAPER BIN BLUE,JUMBO BAG PINK VINTAGE PAISLEY,1
CHARLIE & LOLA WASTEPAPER BIN BLUE,JUMBO BAG RED RETROSPOT,1
CHARLIE & LOLA WASTEPAPER BIN BLUE,ABSTRACT CIRCLES POCKET BOOK,1
CHARLIE & LOLA WASTEPAPER BIN BLUE,LUNCH BAG  BLACK SKULL.,1
CHARLIE & LOLA WASTEPAPER BIN FLORA,LUNCH BAG PINK POLKADOT,1
CHARLIE & LOLA WASTEPAPER BIN FLORA,LUNCH BAG  BLACK SKULL.,1
CHARLIE & LOLA WASTEPAPER BIN FLORA,LUNCH BAG RED RETROSPOT,1
CHARLIE & LOLA WASTEPAPER BIN FLORA,LUNCH BAG VINTAGE DOILY,1
CHARLIE & LOLA WASTEPAPER BIN FLORA,JUMBO BAG PINK VINTAGE PAISLEY,1
CHARLIE + LOLA BISCUITS TINS,LARGE CAKE STAND HANGING HEARTS,2
CHARLIE + LOLA BISCUITS TINS,CHARLIE AND LOLA FIGURES TINS,2
CHARLIE + LOLA BISCUITS TINS,GLASS CHALICE GREEN  SMALL,1
CHARLIE + LOLA BISCUITS TINS,LOVE HEART TRINKET POT,1
CHARLIE + LOLA BISCUITS TINS,BLUE STRIPE CERAMIC DRAWER KNOB,1
CHARLIE + LOLA RED HOT WATER BOTTLE,"LETTER ""S"" BLING KEY RING",1
CHARLIE + LOLA RED HOT WATER BOTTLE,LUNCH BAG RED RETROSPOT,1
CHARLIE + LOLA RED HOT WATER BOTTLE,IVORY HANGING DECORATION  HEART,1
CHARLIE + LOLA RED HOT WATER BOTTLE,HEART FILIGREE DOVE  SMALL,1
CHARLIE + LOLA RED HOT WATER BOTTLE,FOOD/DRINK SPONGE STICKERS,1
CHARLIE AND LOLA FIGURES TINS,LUNCH BAG RED RETROSPOT,2
CHARLIE AND LOLA FIGURES TINS,JUMBO BAG SPACEBOY DESIGN,2
CHARLIE AND LOLA FIGURES TINS,CHARLIE + LOLA BISCUITS TINS,2
CHARLIE AND LOLA FIGURES TINS,LUNCH BAG PINK POLKADOT,2
CHARLIE AND LOLA FIGURES TINS,LUNCH BAG SPACEBOY DESIGN,2
CHARLIE AND LOLA TABLE TINS,CHARLIE AND LOLA FIGURES TINS,2
CHARLIE AND LOLA TABLE TINS,LARGE WHITE HEART OF WICKER,1
CHARLIE AND LOLA TABLE TINS,CHARLIE + LOLA BISCUITS TINS,1
CHARLIE AND LOLA TABLE TINS,GREEN POLKADOT BOWL,1
CHARLIE AND LOLA TABLE TINS,JUMBO BAG APPLES,1
CHARLIE+LOLA PINK HOT WATER BOTTLE,LUNCH BAG SPACEBOY DESIGN,2
CHARLIE+LOLA PINK HOT WATER BOTTLE,LUNCH BAG  BLACK SKULL.,2
CHARLIE+LOLA PINK HOT WATER BOTTLE,LUNCH BAG WOODLAND,2
CHARLIE+LOLA PINK HOT WATER BOTTLE,JUMBO STORAGE BAG SUKI,2
CHARLIE+LOLA PINK HOT WATER BOTTLE,RED  HARMONICA IN BOX,2
CHARLIE+LOLA RED HOT WATER BOTTLE,36 FOIL HEART CAKE CASES,1
CHARLIE+LOLA RED HOT WATER BOTTLE,LARGE CAKE STAND  HANGING STRAWBERY,1
CHARLOTTE BAG APPLES DESIGN,RED RETROSPOT CHARLOTTE BAG,4
CHARLOTTE BAG APPLES DESIGN,CHARLOTTE BAG DOLLY GIRL DESIGN,3
CHARLOTTE BAG APPLES DESIGN,LUNCH BAG APPLE DESIGN,2
CHARLOTTE BAG APPLES DESIGN,JUMBO BAG STRAWBERRY,2
CHARLOTTE BAG APPLES DESIGN,JUMBO BAG PEARS,2
CHARLOTTE BAG DOLLY GIRL DESIGN,RED RETROSPOT CHARLOTTE BAG,6
CHARLOTTE BAG DOLLY GIRL DESIGN,WOODLAND CHARLOTTE BAG,4
CHARLOTTE BAG DOLLY GIRL DESIGN,STRAWBERRY CHARLOTTE BAG,4
CHARLOTTE BAG DOLLY GIRL DESIGN,CHARLOTTE BAG PINK POLKADOT,4
CHARLOTTE BAG DOLLY GIRL DESIGN,JUMBO BAG DOLLY GIRL DESIGN,4
CHARLOTTE BAG PINK POLKADOT,CHARLOTTE BAG DOLLY GIRL DESIGN,4
CHARLOTTE BAG PINK POLKADOT,RED RETROSPOT CHARLOTTE BAG,4
CHARLOTTE BAG PINK POLKADOT,DINOSAURS  WRITING SET,3
CHARLOTTE BAG PINK POLKADOT,WHITE SKULL HOT WATER BOTTLE,3
CHARLOTTE BAG PINK POLKADOT,PHOTO CUBE,3
CHARLOTTE BAG SUKI DESIGN,WOODLAND CHARLOTTE BAG,3
CHARLOTTE BAG SUKI DESIGN,RED RETROSPOT CHARLOTTE BAG,3
CHARLOTTE BAG SUKI DESIGN,LUNCH BAG SPACEBOY DESIGN,3
CHARLOTTE BAG SUKI DESIGN,JUMBO BAG PINK VINTAGE PAISLEY,3
CHARLOTTE BAG SUKI DESIGN,JUMBO BAG SPACEBOY DESIGN,3
CHARLOTTE BAG VINTAGE ALPHABET,JUMBO BAG APPLES,2
CHARLOTTE BAG VINTAGE ALPHABET,LUNCH BAG SPACEBOY DESIGN,2
CHARLOTTE BAG VINTAGE ALPHABET,LUNCH BAG VINTAGE DOILY,2
CHARLOTTE BAG VINTAGE ALPHABET,CHARLOTTE BAG APPLES DESIGN,2
CHARLOTTE BAG VINTAGE ALPHABET,JUMBO BAG ALPHABET,2
CHERRY BLOSSOM  DECORATIVE FLASK,LUNCH BAG RED RETROSPOT,1
CHERRY BLOSSOM  DECORATIVE FLASK,DINOSAUR LUNCH BOX WITH CUTLERY,1
CHERRY BLOSSOM  DECORATIVE FLASK,LUNCH BAG WOODLAND,1
CHERRY BLOSSOM  DECORATIVE FLASK,LUNCH BAG SPACEBOY DESIGN,1
CHERRY BLOSSOM  DECORATIVE FLASK,LUNCH BAG VINTAGE LEAF DESIGN,1
CHERUB HEART DECORATION SILVER,60 CAKE CASES VINTAGE CHRISTMAS,1
CHERUB HEART DECORATION SILVER,CHRISTMAS METAL TAGS ASSORTED,1
CHERUB HEART DECORATION SILVER,HEART OF WICKER SMALL,1
CHERUB HEART DECORATION SILVER,GARDENERS KNEELING PAD KEEP CALM,1
CHERUB HEART DECORATION SILVER,3D CHRISTMAS STAMPS STICKERS,1
CHICK GREY HOT WATER BOTTLE,3D TRADITIONAL CHRISTMAS STICKERS,3
CHICK GREY HOT WATER BOTTLE,LUNCH BAG SPACEBOY DESIGN,2
CHICK GREY HOT WATER BOTTLE,HOT WATER BOTTLE TEA AND SYMPATHY,2
CHICK GREY HOT WATER BOTTLE,LUNCH BAG VINTAGE DOILY,2
CHICK GREY HOT WATER BOTTLE,HOT BATHS METAL SIGN,2
CHILDREN'S APRON DOLLY GIRL,EGG FRYING PAN BLUE,1
CHILDREN'S APRON DOLLY GIRL,DINOSAUR HEIGHT CHART STICKER SET,1
CHILDREN'S APRON DOLLY GIRL,EGG FRYING PAN IVORY,1
CHILDREN'S APRON DOLLY GIRL,BUBBLEGUM RING ASSORTED,1
CHILDREN'S APRON DOLLY GIRL,BLUE CIRCLES DESIGN TEDDY,1
CHILDREN'S CIRCUS PARADE MUG,FRENCH BLUE METAL DOOR SIGN 0,1
CHILDREN'S CIRCUS PARADE MUG,BOX OF VINTAGE ALPHABET BLOCKS,1
CHILDREN'S CIRCUS PARADE MUG,BAKING MOULD EASTER EGG MILK CHOC,1
CHILDREN'S CIRCUS PARADE MUG,BAKING MOULD EASTER EGG WHITE CHOC,1
CHILDREN'S CIRCUS PARADE MUG,BAKING MOULD TOFFEE CUP CHOCOLATE,1
CHILDREN'S SPACEBOY MUG,GINGERBREAD MAN COOKIE CUTTER,1
CHILDREN'S SPACEBOY MUG,FRENCH BLUE METAL DOOR SIGN NO,1
CHILDREN'S SPACEBOY MUG,FRENCH BLUE METAL DOOR SIGN 0,1
CHILDREN'S SPACEBOY MUG,BAKING MOULD EASTER EGG MILK CHOC,1
CHILDREN'S SPACEBOY MUG,BAKING MOULD EASTER EGG WHITE CHOC,1
CHILDRENS APRON APPLES DESIGN,CHILLI LIGHTS,3
CHILDRENS APRON APPLES DESIGN,JUMBO BAG PINK VINTAGE PAISLEY,2
CHILDRENS APRON APPLES DESIGN,HOT WATER BOTTLE I AM SO POORLY,2
CHILDRENS APRON APPLES DESIGN,HAND WARMER BIRD DESIGN,2
CHILDRENS APRON APPLES DESIGN,ALARM CLOCK BAKELIKE RED,2
CHILDRENS APRON SPACEBOY DESIGN,PINK FAIRY CAKE CHILDRENS APRON,3
CHILDRENS APRON SPACEBOY DESIGN,CHILLI LIGHTS,2
CHILDRENS APRON SPACEBOY DESIGN,LUNCH BAG  BLACK SKULL.,2
CHILDRENS APRON SPACEBOY DESIGN,LUNCH BAG SUKI DESIGN,2
CHILDRENS APRON SPACEBOY DESIGN,CHILDRENS APRON APPLES DESIGN,2
CHILDRENS CUTLERY DOLLY GIRL,CHILDRENS CUTLERY SPACEBOY,4
CHILDRENS CUTLERY DOLLY GIRL,SPOTTY BUNTING,4
CHILDRENS CUTLERY DOLLY GIRL,LUNCH BAG APPLE DESIGN,3
CHILDRENS CUTLERY DOLLY GIRL,LUNCH BAG PINK POLKADOT,3
CHILDRENS CUTLERY DOLLY GIRL,HEART OF WICKER SMALL,3
CHILDRENS CUTLERY POLKADOT BLUE,CHICK GREY HOT WATER BOTTLE,2
CHILDRENS CUTLERY POLKADOT BLUE,CHILDRENS CUTLERY RETROSPOT RED,2
CHILDRENS CUTLERY POLKADOT BLUE,CHOCOLATE HOT WATER BOTTLE,2
CHILDRENS CUTLERY POLKADOT BLUE,JUMBO BAG PINK VINTAGE PAISLEY,2
CHILDRENS CUTLERY POLKADOT BLUE,3D TRADITIONAL CHRISTMAS STICKERS,2
CHILDRENS CUTLERY POLKADOT GREEN,CHILDRENS CUTLERY RETROSPOT RED,2
CHILDRENS CUTLERY POLKADOT GREEN,CHILDRENS CUTLERY SPACEBOY,1
CHILDRENS CUTLERY POLKADOT GREEN,JUMBO BAG ALPHABET,1
CHILDRENS CUTLERY POLKADOT GREEN,ANTIQUE TALL SWIRLGLASS TRINKET POT,1
CHILDRENS CUTLERY POLKADOT GREEN,DOLLY GIRL CHILDRENS BOWL,1
CHILDRENS CUTLERY POLKADOT PINK,CHILDRENS CUTLERY RETROSPOT RED,4
CHILDRENS CUTLERY POLKADOT PINK,LUNCH BAG PINK POLKADOT,3
CHILDRENS CUTLERY POLKADOT PINK,LUNCH BAG CARS BLUE,3
CHILDRENS CUTLERY POLKADOT PINK,LUNCH BAG SPACEBOY DESIGN,3
CHILDRENS CUTLERY POLKADOT PINK,PACK OF 72 RETROSPOT CAKE CASES,3
CHILDRENS CUTLERY RETROSPOT RED,CHILDRENS CUTLERY POLKADOT PINK,4
CHILDRENS CUTLERY RETROSPOT RED,LUNCH BAG CARS BLUE,3
CHILDRENS CUTLERY RETROSPOT RED,JUMBO BAG RED RETROSPOT,3
CHILDRENS CUTLERY RETROSPOT RED,PARTY BUNTING,3
CHILDRENS CUTLERY RETROSPOT RED,REGENCY CAKESTAND 3 TIER,3
CHILDRENS CUTLERY SPACEBOY,CHILDRENS CUTLERY DOLLY GIRL,4
CHILDRENS CUTLERY SPACEBOY,LUNCH BAG PINK POLKADOT,3
CHILDRENS CUTLERY SPACEBOY,HEART OF WICKER SMALL,3
CHILDRENS CUTLERY SPACEBOY,SMALL WHITE HEART OF WICKER,3
CHILDRENS CUTLERY SPACEBOY,SPOTTY BUNTING,3
CHILDS BREAKFAST SET CIRCUS PARADE,FELTCRAFT CUSHION RABBIT,1
CHILDS BREAKFAST SET CIRCUS PARADE,EASTER TIN BUNNY BOUQUET,1
CHILDS BREAKFAST SET CIRCUS PARADE,KNICKERBOCKERGLORY MAGNET ASSORTED,1
CHILDS BREAKFAST SET CIRCUS PARADE,HANGING JAM JAR T-LIGHT HOLDER,1
CHILDS BREAKFAST SET CIRCUS PARADE,3 PIECE SPACEBOY COOKIE CUTTER SET,1
CHILDS BREAKFAST SET DOLLY GIRL,CHILDS BREAKFAST SET SPACEBOY,2
CHILDS BREAKFAST SET DOLLY GIRL,PACK OF 12 TRADITIONAL CRAYONS,2
CHILDS BREAKFAST SET DOLLY GIRL,BLUE/YELLOW CERAMIC CANDLE HOLDER,1
CHILDS BREAKFAST SET DOLLY GIRL,EGG FRYING PAN RED,1
CHILDS BREAKFAST SET DOLLY GIRL,CHOCOLATE CALCULATOR,1
CHILDS BREAKFAST SET SPACEBOY,CHILDS BREAKFAST SET DOLLY GIRL,2
CHILDS BREAKFAST SET SPACEBOY,PACK OF 12 TRADITIONAL CRAYONS,2
CHILDS BREAKFAST SET SPACEBOY,BLUE/YELLOW CERAMIC CANDLE HOLDER,1
CHILDS BREAKFAST SET SPACEBOY,EGG FRYING PAN RED,1
CHILDS BREAKFAST SET SPACEBOY,CHOCOLATE CALCULATOR,1
CHILDS GARDEN BRUSH BLUE,BLUE POLKADOT CUP,1
CHILDS GARDEN BRUSH BLUE,HANGING METAL RABBIT DECORATION,1
CHILDS GARDEN BRUSH BLUE,CHARLOTTE BAG SUKI DESIGN,1
CHILDS GARDEN BRUSH BLUE,LARGE CAKE STAND HANGING HEARTS,1
CHILDS GARDEN BRUSH BLUE,GARLAND WOODEN HAPPY EASTER,1
CHILDS GARDEN BRUSH PINK,BLUE POLKADOT CUP,1
CHILDS GARDEN BRUSH PINK,HANGING METAL RABBIT DECORATION,1
CHILDS GARDEN BRUSH PINK,CHARLOTTE BAG SUKI DESIGN,1
CHILDS GARDEN BRUSH PINK,LARGE CAKE STAND HANGING HEARTS,1
CHILDS GARDEN BRUSH PINK,GARLAND WOODEN HAPPY EASTER,1
CHILDS GARDEN FORK BLUE,DOORMAT WELCOME TO OUR HOME,1
CHILDS GARDEN FORK BLUE,HOME BUILDING BLOCK WORD,1
CHILDS GARDEN FORK BLUE,CREAM SWEETHEART MINI CHEST,1
CHILDS GARDEN FORK BLUE,GRAND CHOCOLATECANDLE,1
CHILDS GARDEN FORK BLUE,HAND WARMER BIRD DESIGN,1
CHILDS GARDEN FORK PINK,DOORMAT WELCOME TO OUR HOME,1
CHILDS GARDEN FORK PINK,HOME BUILDING BLOCK WORD,1
CHILDS GARDEN FORK PINK,CREAM SWEETHEART MINI CHEST,1
CHILDS GARDEN FORK PINK,GRAND CHOCOLATECANDLE,1
CHILDS GARDEN FORK PINK,HAND WARMER BIRD DESIGN,1
CHILDS GARDEN RAKE PINK,DOORMAT UNION FLAG,2
CHILDS GARDEN RAKE PINK,DOORMAT NEW ENGLAND,2
CHILDS GARDEN RAKE PINK,FELTCRAFT BUTTERFLY HEARTS,1
CHILDS GARDEN RAKE PINK,DOORMAT UNION JACK GUNS AND ROSES,1
CHILDS GARDEN RAKE PINK,FELTCRAFT CHRISTMAS FAIRY,1
CHILDS GARDEN SPADE BLUE,DOORMAT WELCOME TO OUR HOME,1
CHILDS GARDEN SPADE BLUE,HOME BUILDING BLOCK WORD,1
CHILDS GARDEN SPADE BLUE,CREAM SWEETHEART MINI CHEST,1
CHILDS GARDEN SPADE BLUE,GRAND CHOCOLATECANDLE,1
CHILDS GARDEN SPADE BLUE,HAND WARMER BIRD DESIGN,1
CHILDS GARDEN SPADE PINK,DOORMAT WELCOME TO OUR HOME,1
CHILDS GARDEN SPADE PINK,HOME BUILDING BLOCK WORD,1
CHILDS GARDEN SPADE PINK,CREAM SWEETHEART MINI CHEST,1
CHILDS GARDEN SPADE PINK,GRAND CHOCOLATECANDLE,1
CHILDS GARDEN SPADE PINK,HAND WARMER BIRD DESIGN,1
CHILLI LIGHTS,CHILDRENS APRON APPLES DESIGN,3
CHILLI LIGHTS,LUNCH BAG SPACEBOY DESIGN,3
CHILLI LIGHTS,CHILDRENS APRON SPACEBOY DESIGN,2
CHILLI LIGHTS,DOORMAT SPOTTY HOME SWEET HOME,2
CHILLI LIGHTS,PINK POLKADOT BOWL,2
CHOC TRUFFLE GOLD TRINKET POT,BUNNY EGG GARLAND,1
CHOC TRUFFLE GOLD TRINKET POT,EASTER BUNNY GARLAND OF FLOWERS,1
CHOC TRUFFLE GOLD TRINKET POT,HOMEMADE JAM SCENTED CANDLES,1
CHOC TRUFFLE GOLD TRINKET POT,GARLAND WOODEN HAPPY EASTER,1
CHOC TRUFFLE GOLD TRINKET POT,ASSORTED EASTER DECORATIONS  BELLS,1
CHOCOLATE BOX RIBBONS,6 RIBBONS RUSTIC CHARM,3
CHOCOLATE BOX RIBBONS,LUNCH BAG CARS BLUE,2
CHOCOLATE BOX RIBBONS,6 RIBBONS EMPIRE,2
CHOCOLATE BOX RIBBONS,PACK OF 72 SKULL CAKE CASES,2
CHOCOLATE BOX RIBBONS,ROMANTIC PINKS RIBBONS,2
CHOCOLATE CALCULATOR,LETTER SHAPE PENCIL SHARPENER,2
CHOCOLATE CALCULATOR,KITTY PENCIL ERASERS,2
CHOCOLATE CALCULATOR,LUNCH BAG WOODLAND,2
CHOCOLATE CALCULATOR,HAPPY STENCIL CRAFT,2
CHOCOLATE CALCULATOR,PACK OF 12 TRADITIONAL CRAYONS,2
CHOCOLATE HOT WATER BOTTLE,HOT WATER BOTTLE I AM SO POORLY,6
CHOCOLATE HOT WATER BOTTLE,SCOTTIE DOG HOT WATER BOTTLE,4
CHOCOLATE HOT WATER BOTTLE,WHITE SKULL HOT WATER BOTTLE,4
CHOCOLATE HOT WATER BOTTLE,6 RIBBONS RUSTIC CHARM,3
CHOCOLATE HOT WATER BOTTLE,BLUE POLKADOT BOWL,3
CHOCOLATE THIS WAY METAL SIGN,LUNCH BAG WOODLAND,6
CHOCOLATE THIS WAY METAL SIGN,LUNCH BAG RED RETROSPOT,5
CHOCOLATE THIS WAY METAL SIGN,HOT BATHS METAL SIGN,5
CHOCOLATE THIS WAY METAL SIGN,LUNCH BAG  BLACK SKULL.,5
CHOCOLATE THIS WAY METAL SIGN,LUNCH BAG APPLE DESIGN,4
CHRISTMAS CARD SCREEN PRINT,GREEN POLKADOT BOWL,1
CHRISTMAS CARD SCREEN PRINT,GREEN REGENCY TEACUP AND SAUCER,1
CHRISTMAS CARD SCREEN PRINT,LOVELY BONBON STICKER SHEET,1
CHRISTMAS CARD SCREEN PRINT,DOG TOY WITH PINK CROCHET SKIRT,1
CHRISTMAS CARD SCREEN PRINT,CARD CHRISTMAS VILLAGE,1
CHRISTMAS CRAFT LITTLE FRIENDS,CHRISTMAS CRAFT TREE TOP ANGEL,2
CHRISTMAS CRAFT LITTLE FRIENDS,HOT WATER BOTTLE TEA AND SYMPATHY,2
CHRISTMAS CRAFT LITTLE FRIENDS,HAND WARMER UNION JACK,2
CHRISTMAS CRAFT LITTLE FRIENDS,HAND WARMER RED LOVE HEART,2
CHRISTMAS CRAFT LITTLE FRIENDS,JUMBO BAG WOODLAND ANIMALS,2
CHRISTMAS CRAFT TREE TOP ANGEL,WHITE HANGING HEART T-LIGHT HOLDER,3
CHRISTMAS CRAFT TREE TOP ANGEL,PAPER CHAIN KIT VINTAGE CHRISTMAS,3
CHRISTMAS CRAFT TREE TOP ANGEL,SET/20 RED RETROSPOT PAPER NAPKINS,2
CHRISTMAS CRAFT TREE TOP ANGEL,RECIPE BOX PANTRY YELLOW DESIGN,2
CHRISTMAS CRAFT TREE TOP ANGEL,BISCUIT TIN VINTAGE CHRISTMAS,2
CHRISTMAS CRAFT WHITE FAIRY,CHRISTMAS CRAFT TREE TOP ANGEL,2
CHRISTMAS CRAFT WHITE FAIRY,SET/20 RED RETROSPOT PAPER NAPKINS,2
CHRISTMAS CRAFT WHITE FAIRY,FELTCRAFT BUTTERFLY HEARTS,1
CHRISTMAS CRAFT WHITE FAIRY,60 CAKE CASES VINTAGE CHRISTMAS,1
CHRISTMAS CRAFT WHITE FAIRY,GUMBALL COAT RACK,1
CHRISTMAS DECOUPAGE CANDLE,CHRISTMAS MUSICAL ZINC TREE,2
CHRISTMAS DECOUPAGE CANDLE,LUNCH BAG SPACEBOY DESIGN,2
CHRISTMAS DECOUPAGE CANDLE,DOLLY GIRL BEAKER,2
CHRISTMAS DECOUPAGE CANDLE,DINOSAURS  WRITING SET,2
CHRISTMAS DECOUPAGE CANDLE,LUNCH BAG WOODLAND,2
CHRISTMAS HANGING STAR WITH BELL,ANGEL DECORATION 3 BUTTONS,3
CHRISTMAS HANGING STAR WITH BELL,HANGING HEART WITH BELL,2
CHRISTMAS HANGING STAR WITH BELL,BROWN CHECK CAT DOORSTOP,2
CHRISTMAS HANGING STAR WITH BELL,ANGEL DECORATION PAINTED ZINC,2
CHRISTMAS HANGING STAR WITH BELL,ANGEL DECORATION STARS ON DRESS,2
CHRISTMAS HANGING TREE WITH BELL,LIPSTICK PEN BABY PINK,1
CHRISTMAS HANGING TREE WITH BELL,BROWN CHECK CAT DOORSTOP,1
CHRISTMAS HANGING TREE WITH BELL,DECORATION WOBBLY RABBIT METAL,1
CHRISTMAS HANGING TREE WITH BELL,EASTER DECORATION EGG BUNNY,1
CHRISTMAS HANGING TREE WITH BELL,LIPSTICK PEN FUSCHIA,1
CHRISTMAS LIGHTS 10 REINDEER,GREEN POLKADOT BOWL,3
CHRISTMAS LIGHTS 10 REINDEER,WHITE SKULL HOT WATER BOTTLE,3
CHRISTMAS LIGHTS 10 REINDEER,LUNCH BAG SPACEBOY DESIGN,3
CHRISTMAS LIGHTS 10 REINDEER,LUNCH BAG  BLACK SKULL.,3
CHRISTMAS LIGHTS 10 REINDEER,PAPER CHAIN KIT 50'S CHRISTMAS,3
CHRISTMAS LIGHTS 10 SANTAS,3D CHRISTMAS STAMPS STICKERS,2
CHRISTMAS LIGHTS 10 SANTAS,3D TRADITIONAL CHRISTMAS STICKERS,2
CHRISTMAS LIGHTS 10 SANTAS,WHITE SKULL HOT WATER BOTTLE,2
CHRISTMAS LIGHTS 10 SANTAS,HAND WARMER BABUSHKA DESIGN,2
CHRISTMAS LIGHTS 10 SANTAS,LOVE HOT WATER BOTTLE,2
CHRISTMAS LIGHTS 10 VINTAGE BAUBLES,ZINC FOLKART SLEIGH BELLS,2
CHRISTMAS LIGHTS 10 VINTAGE BAUBLES,BLUE POLKADOT CUP,1
CHRISTMAS LIGHTS 10 VINTAGE BAUBLES,LETTER HOLDER HOME SWEET HOME,1
CHRISTMAS LIGHTS 10 VINTAGE BAUBLES,HOT WATER BOTTLE I AM SO POORLY,1
CHRISTMAS LIGHTS 10 VINTAGE BAUBLES,ALARM CLOCK BAKELIKE CHOCOLATE,1
CHRISTMAS METAL POSTCARD WITH BELLS,GREEN POLKADOT BOWL,1
CHRISTMAS METAL POSTCARD WITH BELLS,GREEN REGENCY TEACUP AND SAUCER,1
CHRISTMAS METAL POSTCARD WITH BELLS,LOVELY BONBON STICKER SHEET,1
CHRISTMAS METAL POSTCARD WITH BELLS,DOG TOY WITH PINK CROCHET SKIRT,1
CHRISTMAS METAL POSTCARD WITH BELLS,CARD CHRISTMAS VILLAGE,1
CHRISTMAS METAL TAGS ASSORTED,CHERUB HEART DECORATION SILVER,1
CHRISTMAS METAL TAGS ASSORTED,HOME SWEET HOME BLACKBOARD,1
CHRISTMAS METAL TAGS ASSORTED,GLITTER CHRISTMAS TREE WITH BELLS,1
CHRISTMAS METAL TAGS ASSORTED,DISCO BALL CHRISTMAS DECORATION,1
CHRISTMAS METAL TAGS ASSORTED,GREEN CHRISTMAS TREE CARD HOLDER,1
CHRISTMAS MUSICAL ZINC STAR,FELTCRAFT HAIRBAND PINK AND BLUE,1
CHRISTMAS MUSICAL ZINC STAR,LUNCH BAG SUKI DESIGN,1
CHRISTMAS MUSICAL ZINC STAR,LUNCH BAG DOLLY GIRL DESIGN,1
CHRISTMAS MUSICAL ZINC STAR,GIANT 50'S CHRISTMAS CRACKER,1
CHRISTMAS MUSICAL ZINC STAR,CHRISTMAS MUSICAL ZINC TREE,1
CHRISTMAS MUSICAL ZINC TREE,LUNCH BAG SPACEBOY DESIGN,2
CHRISTMAS MUSICAL ZINC TREE,DINOSAURS  WRITING SET,2
CHRISTMAS MUSICAL ZINC TREE,LUNCH BAG WOODLAND,2
CHRISTMAS MUSICAL ZINC TREE,DOLLY GIRL BEAKER,2
CHRISTMAS MUSICAL ZINC TREE,LUNCH BAG  BLACK SKULL.,2
CHRISTMAS PUDDING TRINKET POT,CHARLOTTE BAG PINK POLKADOT,2
CHRISTMAS PUDDING TRINKET POT,CHARLOTTE BAG DOLLY GIRL DESIGN,2
CHRISTMAS PUDDING TRINKET POT,WOODLAND CHARLOTTE BAG,2
CHRISTMAS PUDDING TRINKET POT,HAND WARMER BIRD DESIGN,1
CHRISTMAS PUDDING TRINKET POT,HAND WARMER OWL DESIGN,1
CHRISTMAS RETROSPOT ANGEL WOOD,CHRISTMAS RETROSPOT STAR WOOD,2
CHRISTMAS RETROSPOT ANGEL WOOD,CHRISTMAS HANGING STAR WITH BELL,1
CHRISTMAS RETROSPOT ANGEL WOOD,HEART OF WICKER SMALL,1
CHRISTMAS RETROSPOT ANGEL WOOD,50'S CHRISTMAS GIFT BAG LARGE,1
CHRISTMAS RETROSPOT ANGEL WOOD,HEART DECORATION PAINTED ZINC,1
CHRISTMAS RETROSPOT STAR WOOD,CHRISTMAS RETROSPOT TREE WOOD,2
CHRISTMAS RETROSPOT STAR WOOD,CHRISTMAS RETROSPOT ANGEL WOOD,2
CHRISTMAS RETROSPOT STAR WOOD,ZINC FOLKART SLEIGH BELLS,2
CHRISTMAS RETROSPOT STAR WOOD,WOODEN HEART CHRISTMAS SCANDINAVIAN,2
CHRISTMAS RETROSPOT STAR WOOD,IVORY WICKER HEART MEDIUM,1
CHRISTMAS RETROSPOT TREE WOOD,ZINC FOLKART SLEIGH BELLS,2
CHRISTMAS RETROSPOT TREE WOOD,CHRISTMAS RETROSPOT STAR WOOD,2
CHRISTMAS RETROSPOT TREE WOOD,DISCO BALL CHRISTMAS DECORATION,1
CHRISTMAS RETROSPOT TREE WOOD,HEART IVORY TRELLIS SMALL,1
CHRISTMAS RETROSPOT TREE WOOD,BAKING SET 9 PIECE RETROSPOT,1
CHRISTMAS STAR WISH LIST CHALKBOARD,CHRISTMAS RETROSPOT STAR WOOD,1
CHRISTMAS STAR WISH LIST CHALKBOARD,ASSORTED COLOUR BIRD ORNAMENT,1
CHRISTMAS STAR WISH LIST CHALKBOARD,IVORY WICKER HEART MEDIUM,1
CHRISTMAS STAR WISH LIST CHALKBOARD,HEART OF WICKER SMALL,1
CHRISTMAS STAR WISH LIST CHALKBOARD,HEART DECORATION PAINTED ZINC,1
CHRISTMAS TABLE SILVER CANDLE SPIKE,HAND WARMER BIRD DESIGN,1
CHRISTMAS TABLE SILVER CANDLE SPIKE,HOT WATER BOTTLE TEA AND SYMPATHY,1
CHRISTMAS TABLE SILVER CANDLE SPIKE,DOG LICENCE WALL ART,1
CHRISTMAS TABLE SILVER CANDLE SPIKE,ALARM CLOCK BAKELIKE CHOCOLATE,1
CHRISTMAS TABLE SILVER CANDLE SPIKE,HOT WATER BOTTLE I AM SO POORLY,1
CHRISTMAS TOILET ROLL,LARGE WHITE HEART OF WICKER,2
CHRISTMAS TOILET ROLL,GARDENERS KNEELING PAD KEEP CALM,2
CHRISTMAS TOILET ROLL,GARDENERS KNEELING PAD CUP OF TEA,2
CHRISTMAS TOILET ROLL,HOT WATER BOTTLE TEA AND SYMPATHY,2
CHRISTMAS TOILET ROLL,FELTCRAFT CUSHION BUTTERFLY,1
CHRISTMAS TREE HEART DECORATION,GREEN POLKADOT BOWL,1
CHRISTMAS TREE HEART DECORATION,GREEN REGENCY TEACUP AND SAUCER,1
CHRISTMAS TREE HEART DECORATION,LOVELY BONBON STICKER SHEET,1
CHRISTMAS TREE HEART DECORATION,DOG TOY WITH PINK CROCHET SKIRT,1
CHRISTMAS TREE HEART DECORATION,CARD CHRISTMAS VILLAGE,1
CHRISTMAS TREE PAINTED ZINC,GREEN POLKADOT BOWL,1
CHRISTMAS TREE PAINTED ZINC,GREEN REGENCY TEACUP AND SAUCER,1
CHRISTMAS TREE PAINTED ZINC,LOVELY BONBON STICKER SHEET,1
CHRISTMAS TREE PAINTED ZINC,DOG TOY WITH PINK CROCHET SKIRT,1
CHRISTMAS TREE PAINTED ZINC,CARD CHRISTMAS VILLAGE,1
CHRISTMAS TREE STAR DECORATION,DARK BIRD HOUSE TREE DECORATION,2
CHRISTMAS TREE STAR DECORATION,PAPER CHAIN KIT 50'S CHRISTMAS,2
CHRISTMAS TREE STAR DECORATION,ROCKING HORSE RED CHRISTMAS,2
CHRISTMAS TREE STAR DECORATION,SET OF 3 WOODEN STOCKING DECORATION,2
CHRISTMAS TREE STAR DECORATION,SWISS CHALET TREE DECORATION,2
CHRYSANTHEMUM SKETCHBOOK,JUMBO  BAG BAROQUE BLACK WHITE,1
CHRYSANTHEMUM SKETCHBOOK,GROW YOUR OWN BASIL IN ENAMEL MUG,1
CHRYSANTHEMUM SKETCHBOOK,DECORATION WOBBLY CHICKEN,1
CHRYSANTHEMUM SKETCHBOOK,DECORATION WOBBLY RABBIT METAL,1
CHRYSANTHEMUM SKETCHBOOK,BOX OF 6 ASSORTED COLOUR TEASPOONS,1
CINAMMON & ORANGE WREATH,CARAVAN SQUARE TISSUE BOX,2
CINAMMON & ORANGE WREATH,FULL ENGLISH BREAKFAST PLATE,1
CINAMMON & ORANGE WREATH,HEART OF WICKER LARGE,1
CINAMMON & ORANGE WREATH,HEART OF WICKER SMALL,1
CINAMMON & ORANGE WREATH,CHRISTMAS TOILET ROLL,1
CIRCUS PARADE BABY GIFT SET,GREEN METAL BOX ARMY SUPPLIES,1
CIRCUS PARADE BABY GIFT SET,"ASSORTED FLOWER COLOUR ""LEIS""",1
CIRCUS PARADE BABY GIFT SET,DOORMAT RED RETROSPOT,1
CIRCUS PARADE BABY GIFT SET,HAND OVER THE CHOCOLATE   SIGN,1
CIRCUS PARADE BABY GIFT SET,HANGING HEART ZINC T-LIGHT HOLDER,1
CIRCUS PARADE CHILDRENS EGG CUP,FRENCH BLUE METAL DOOR SIGN 6,1
CIRCUS PARADE CHILDRENS EGG CUP,FRENCH BLUE METAL DOOR SIGN NO,1
CIRCUS PARADE CHILDRENS EGG CUP,BAKING MOULD EASTER EGG MILK CHOC,1
CIRCUS PARADE CHILDRENS EGG CUP,BAKING MOULD EASTER EGG WHITE CHOC,1
CIRCUS PARADE CHILDRENS EGG CUP,BAKING MOULD TOFFEE CUP CHOCOLATE,1
CIRCUS PARADE LUNCH BOX,PLASTERS IN TIN CIRCUS PARADE,3
CIRCUS PARADE LUNCH BOX,PLASTERS IN TIN SPACEBOY,3
CIRCUS PARADE LUNCH BOX,ROUND SNACK BOXES SET OF4 WOODLAND,3
CIRCUS PARADE LUNCH BOX,MAGIC DRAWING SLATE CIRCUS PARADE,2
CIRCUS PARADE LUNCH BOX,DINOSAURS  WRITING SET,2
CITRONELLA CANDLE FLOWERPOT,DOORMAT FANCY FONT HOME SWEET HOME,1
CITRONELLA CANDLE FLOWERPOT,DOORMAT HEARTS,1
CITRONELLA CANDLE FLOWERPOT,PINK ROSE WASHBAG,1
CITRONELLA CANDLE FLOWERPOT,DOORMAT KEEP CALM AND COME IN,1
CITRONELLA CANDLE FLOWERPOT,DOORMAT VINTAGE LEAVES DESIGN,1
CITRONELLA CANDLE GARDEN POT,6 RIBBONS RUSTIC CHARM,2
CITRONELLA CANDLE GARDEN POT,HEART IVORY TRELLIS SMALL,1
CITRONELLA CANDLE GARDEN POT,ASSORTED COLOUR BIRD ORNAMENT,1
CITRONELLA CANDLE GARDEN POT,MAGIC DRAWING SLATE PURDEY,1
CITRONELLA CANDLE GARDEN POT,CHILDRENS CUTLERY DOLLY GIRL,1
CLASSIC BICYCLE CLIPS,60 TEATIME FAIRY CAKE CASES,1
CLASSIC BICYCLE CLIPS,COSY HOUR CIGAR BOX MATCHES,1
CLASSIC BICYCLE CLIPS,GLASS JAR PEACOCK BATH SALTS,1
CLASSIC BICYCLE CLIPS,"AIRLINE LOUNGE,METAL SIGN",1
CLASSIC BICYCLE CLIPS,GREY HEART HOT WATER BOTTLE,1
CLASSIC CAFE SUGAR DISPENSER,LUNCH BAG RED RETROSPOT,1
CLASSIC CAFE SUGAR DISPENSER,AREA PATROLLED METAL SIGN,1
CLASSIC CAFE SUGAR DISPENSER,JUMBO BAG VINTAGE LEAF,1
CLASSIC CAFE SUGAR DISPENSER,GREEN GIANT GARDEN THERMOMETER,1
CLASSIC CAFE SUGAR DISPENSER,JUMBO BAG WOODLAND ANIMALS,1
CLASSIC CHROME BICYCLE BELL,60 TEATIME FAIRY CAKE CASES,1
CLASSIC CHROME BICYCLE BELL,COSY HOUR CIGAR BOX MATCHES,1
CLASSIC CHROME BICYCLE BELL,GLASS JAR PEACOCK BATH SALTS,1
CLASSIC CHROME BICYCLE BELL,"AIRLINE LOUNGE,METAL SIGN",1
CLASSIC CHROME BICYCLE BELL,GREY HEART HOT WATER BOTTLE,1
CLASSIC FRENCH STYLE BASKET BROWN,DOORMAT WELCOME TO OUR HOME,1
CLASSIC FRENCH STYLE BASKET BROWN,FELTCRAFT CHRISTMAS FAIRY,1
CLASSIC FRENCH STYLE BASKET BROWN,HOME BUILDING BLOCK WORD,1
CLASSIC FRENCH STYLE BASKET BROWN,CREAM SWEETHEART MINI CHEST,1
CLASSIC FRENCH STYLE BASKET BROWN,GRAND CHOCOLATECANDLE,1
CLASSIC FRENCH STYLE BASKET NATURAL,DANISH ROSE PHOTO FRAME,1
CLASSIC FRENCH STYLE BASKET NATURAL,ASSORTED COLOUR BIRD ORNAMENT,1
CLASSIC FRENCH STYLE BASKET NATURAL,EMPIRE TISSUE BOX,1
CLASSIC FRENCH STYLE BASKET NATURAL,LUNCH BAG CARS BLUE,1
CLASSIC FRENCH STYLE BASKET NATURAL,BLUE POLKADOT BEAKER,1
CLASSIC GLASS COOKIE JAR,GIRAFFE WOODEN RULER,2
CLASSIC GLASS COOKIE JAR,PINK REGENCY TEACUP AND SAUCER,2
CLASSIC GLASS COOKIE JAR,ROSES REGENCY TEACUP AND SAUCER,2
CLASSIC GLASS COOKIE JAR,SET 6 SCHOOL MILK BOTTLES IN CRATE,2
CLASSIC GLASS COOKIE JAR,SET OF 3 REGENCY CAKE TINS,2
CLASSIC METAL BIRDCAGE PLANT HOLDER,IVORY DINER WALL CLOCK,2
CLASSIC METAL BIRDCAGE PLANT HOLDER,HOME SWEET HOME BLACKBOARD,2
CLASSIC METAL BIRDCAGE PLANT HOLDER,GUMBALL COAT RACK,2
CLASSIC METAL BIRDCAGE PLANT HOLDER,VINTAGE DOILY DELUXE SEWING KIT,2
CLASSIC METAL BIRDCAGE PLANT HOLDER,JUMBO BAG RED RETROSPOT,1
CLASSIC SUGAR DISPENSER,LOVE BUILDING BLOCK WORD,1
CLASSIC SUGAR DISPENSER,DRAWER KNOB CRACKLE GLAZE BLUE,1
CLASSIC SUGAR DISPENSER,DRAWER KNOB CRACKLE GLAZE GREEN,1
CLASSIC SUGAR DISPENSER,DRAWER KNOB CRACKLE GLAZE IVORY,1
CLASSIC SUGAR DISPENSER,DRAWER KNOB CRACKLE GLAZE PINK,1
CLEAR CRYSTAL STAR PHONE CHARM,BLUE  DIAMANTE PEN IN GIFT BOX,1
CLEAR CRYSTAL STAR PHONE CHARM,DOCTOR'S BAG SOFT TOY,1
CLEAR CRYSTAL STAR PHONE CHARM,MAGIC DRAWING SLATE PURDEY,1
CLEAR CRYSTAL STAR PHONE CHARM,BROWN  PIRATE TREASURE CHEST,1
CLEAR CRYSTAL STAR PHONE CHARM,6 RIBBONS EMPIRE,1
CLEAR DRAWER KNOB ACRYLIC EDWARDIAN,BUTTON BOX,2
CLEAR DRAWER KNOB ACRYLIC EDWARDIAN,GREEN REGENCY TEACUP AND SAUCER,2
CLEAR DRAWER KNOB ACRYLIC EDWARDIAN,BLUE DRAWER KNOB ACRYLIC EDWARDIAN,2
CLEAR DRAWER KNOB ACRYLIC EDWARDIAN,FRENCH BLUE METAL DOOR SIGN 1,2
CLEAR DRAWER KNOB ACRYLIC EDWARDIAN,PINK REGENCY TEACUP AND SAUCER,2
CLOCK MAGNET MUM'S KITCHEN,DOUGHNUT LIP GLOSS,1
CLOCK MAGNET MUM'S KITCHEN,HEADS AND TAILS SPORTING FUN,1
CLOCK MAGNET MUM'S KITCHEN,PACK OF 12 BLUE PAISLEY TISSUES,1
CLOCK MAGNET MUM'S KITCHEN,PACK OF 12 CIRCUS PARADE TISSUES,1
CLOCK MAGNET MUM'S KITCHEN,PACK OF 12 HEARTS DESIGN TISSUES,1
CLOTHES PEGS RETROSPOT PACK 24,JUMBO BAG 50'S CHRISTMAS,2
CLOTHES PEGS RETROSPOT PACK 24,SMALL WHITE HEART OF WICKER,2
CLOTHES PEGS RETROSPOT PACK 24,T-LIGHT HOLDER HANGING LOVE BIRD,2
CLOTHES PEGS RETROSPOT PACK 24,FOLKART CLIP ON STARS,1
CLOTHES PEGS RETROSPOT PACK 24,LUNCH BOX I LOVE LONDON,1
COCKTAIL SWORDS 50 PIECES,PACK OF 6 COCKTAIL PARASOL STRAWS,2
COCKTAIL SWORDS 50 PIECES,PARTY CHARMS 50 PIECES,2
COCKTAIL SWORDS 50 PIECES,LIPSTICK PEN RED,1
COCKTAIL SWORDS 50 PIECES,ASSORTED COLOUR MINI CASES,1
COCKTAIL SWORDS 50 PIECES,HANGING HEART WITH BELL,1
COFFEE MUG APPLES DESIGN,COFFEE MUG PEARS  DESIGN,4
COFFEE MUG APPLES DESIGN,ALARM CLOCK BAKELIKE GREEN,2
COFFEE MUG APPLES DESIGN,ALARM CLOCK BAKELIKE ORANGE,2
COFFEE MUG APPLES DESIGN,LUNCH BAG SPACEBOY DESIGN,2
COFFEE MUG APPLES DESIGN,JUMBO STORAGE BAG SUKI,2
COFFEE MUG BLUE PAISLEY DESIGN,ENAMEL WASH BOWL CREAM,1
COFFEE MUG BLUE PAISLEY DESIGN,DAIRY MAID LARGE MILK JUG,1
COFFEE MUG BLUE PAISLEY DESIGN,COFFEE MUG PINK PAISLEY DESIGN,1
COFFEE MUG BLUE PAISLEY DESIGN,MULTICOLOUR POLKADOT PLATE,1
COFFEE MUG BLUE PAISLEY DESIGN,PARISIENNE CURIO CABINET,1
COFFEE MUG CAT + BIRD DESIGN,COFFEE MUG DOG + BALL DESIGN,2
COFFEE MUG CAT + BIRD DESIGN,ALARM CLOCK BAKELIKE RED,1
COFFEE MUG CAT + BIRD DESIGN,LARGE CHINESE STYLE SCISSOR,1
COFFEE MUG CAT + BIRD DESIGN,ASSORTED COLOUR BIRD ORNAMENT,1
COFFEE MUG CAT + BIRD DESIGN,ASSORTED COLOUR MINI CASES,1
COFFEE MUG DOG + BALL DESIGN,SOLDIERS EGG CUP,2
COFFEE MUG DOG + BALL DESIGN,COFFEE MUG CAT + BIRD DESIGN,2
COFFEE MUG DOG + BALL DESIGN,WHITE/PINK CHICK DECORATION,1
COFFEE MUG DOG + BALL DESIGN,WHITE HANGING HEART T-LIGHT HOLDER,1
COFFEE MUG DOG + BALL DESIGN,VINTAGE DOILY TRAVEL SEWING KIT,1
COFFEE MUG PEARS  DESIGN,COFFEE MUG APPLES DESIGN,4
COFFEE MUG PEARS  DESIGN,LUNCH BAG WOODLAND,2
COFFEE MUG PEARS  DESIGN,DOLLY GIRL LUNCH BOX,2
COFFEE MUG PEARS  DESIGN,ALARM CLOCK BAKELIKE GREEN,2
COFFEE MUG PEARS  DESIGN,ALARM CLOCK BAKELIKE ORANGE,2
COFFEE MUG PINK PAISLEY DESIGN,DAIRY MAID LARGE MILK JUG,2
COFFEE MUG PINK PAISLEY DESIGN,PINK FAIRY CAKE CUSHION COVER,2
COFFEE MUG PINK PAISLEY DESIGN,BLUE OWL SOFT TOY,1
COFFEE MUG PINK PAISLEY DESIGN,DOG TOY WITH PINK CROCHET SKIRT,1
COFFEE MUG PINK PAISLEY DESIGN,COFFEE MUG DOG + BALL DESIGN,1
COLOUR GLASS T-LIGHT HOLDER HANGING,TRIPLE HOOK ANTIQUE IVORY ROSE,2
COLOUR GLASS T-LIGHT HOLDER HANGING,VICTORIAN GLASS HANGING T-LIGHT,2
COLOUR GLASS T-LIGHT HOLDER HANGING,WHITE HANGING HEART T-LIGHT HOLDER,2
COLOUR GLASS T-LIGHT HOLDER HANGING,HAND OVER THE CHOCOLATE   SIGN,2
COLOUR GLASS T-LIGHT HOLDER HANGING,GIN + TONIC DIET METAL SIGN,2
COLOUR GLASS. STAR T-LIGHT HOLDER,CHERUB HEART DECORATION SILVER,1
COLOUR GLASS. STAR T-LIGHT HOLDER,CLOTHES PEGS RETROSPOT PACK 24,1
COLOUR GLASS. STAR T-LIGHT HOLDER,JUMBO BAG 50'S CHRISTMAS,1
COLOUR GLASS. STAR T-LIGHT HOLDER,GARDENERS KNEELING PAD KEEP CALM,1
COLOUR GLASS. STAR T-LIGHT HOLDER,LETTER HOLDER HOME SWEET HOME,1
COLOURING PENCILS BROWN TUBE,HEART IVORY TRELLIS SMALL,1
COLOURING PENCILS BROWN TUBE,CAKE PLATE LOVEBIRD WHITE,1
COLOURING PENCILS BROWN TUBE,LUNCH BAG PINK POLKADOT,1
COLOURING PENCILS BROWN TUBE,HAND WARMER BABUSHKA DESIGN,1
COLOURING PENCILS BROWN TUBE,BLACK AND WHITE CAT BOWL,1
COLUMBIAN CANDLE RECTANGLE,DOORMAT WELCOME TO OUR HOME,1
COLUMBIAN CANDLE RECTANGLE,FELTCRAFT CHRISTMAS FAIRY,1
COLUMBIAN CANDLE RECTANGLE,HOME BUILDING BLOCK WORD,1
COLUMBIAN CANDLE RECTANGLE,CREAM SWEETHEART MINI CHEST,1
COLUMBIAN CANDLE RECTANGLE,GRAND CHOCOLATECANDLE,1
COLUMBIAN CANDLE ROUND,ENGLISH ROSE SPIRIT LEVEL,1
COLUMBIAN CANDLE ROUND,BROWN CHECK CAT DOORSTOP,1
COLUMBIAN CANDLE ROUND,FILIGREE HEART BIRD WHITE,1
COLUMBIAN CANDLE ROUND,LIPSTICK PEN BABY PINK,1
COLUMBIAN CANDLE ROUND,DECORATION WOBBLY RABBIT METAL,1
CONDIMENT TRAY 4 BOWLS AND 4 SPOONS,HANGING JAM JAR T-LIGHT HOLDER,1
CONDIMENT TRAY 4 BOWLS AND 4 SPOONS,CHILLI LIGHTS,1
CONDIMENT TRAY 4 BOWLS AND 4 SPOONS,LARGE TORTILLA DESIGN RED BOWL,1
CONDIMENT TRAY 4 BOWLS AND 4 SPOONS,PAPER BUNTING COLOURED LACE,1
CONDIMENT TRAY 4 BOWLS AND 4 SPOONS,SET/20 RED RETROSPOT PAPER NAPKINS,1
COOK WITH WINE METAL SIGN,GIN + TONIC DIET METAL SIGN,6
COOK WITH WINE METAL SIGN,HAND OVER THE CHOCOLATE   SIGN,6
COOK WITH WINE METAL SIGN,GARDENERS KNEELING PAD KEEP CALM,4
COOK WITH WINE METAL SIGN,HOT BATHS METAL SIGN,4
COOK WITH WINE METAL SIGN,HERB MARKER CHIVES,4
COSMETIC BAG VINTAGE ROSE PAISLEY,SWEETHEART CERAMIC TRINKET BOX,2
COSMETIC BAG VINTAGE ROSE PAISLEY,CERAMIC CAKE DESIGN SPOTTED MUG,2
COSMETIC BAG VINTAGE ROSE PAISLEY,DAIRY MAID LARGE MILK JUG,2
COSMETIC BAG VINTAGE ROSE PAISLEY,VINTAGE BILLBOARD LOVE/HATE MUG,1
COSMETIC BAG VINTAGE ROSE PAISLEY,TRAVEL CARD WALLET FLOWER MEADOW,1
COSY HOUR CIGAR BOX MATCHES,CLASSIC CHROME BICYCLE BELL,1
COSY HOUR CIGAR BOX MATCHES,GLASS APOTHECARY BOTTLE PERFUME,1
COSY HOUR CIGAR BOX MATCHES,GLASS JAR ENGLISH CONFECTIONERY,1
COSY HOUR CIGAR BOX MATCHES,CARAVAN SQUARE TISSUE BOX,1
COSY HOUR CIGAR BOX MATCHES,BICYCLE PUNCTURE REPAIR KIT,1
COSY SLIPPER SHOES SMALL GREEN,CHRISTMAS TREE STAR DECORATION,1
COSY SLIPPER SHOES SMALL GREEN,GREEN POLKADOT BOWL,1
COSY SLIPPER SHOES SMALL GREEN,GREEN REGENCY TEACUP AND SAUCER,1
COSY SLIPPER SHOES SMALL GREEN,LOVELY BONBON STICKER SHEET,1
COSY SLIPPER SHOES SMALL GREEN,CARD CHRISTMAS VILLAGE,1
COTTON APRON PANTRY DESIGN,GLITTER HEART DECORATION,1
COTTON APRON PANTRY DESIGN,36 FOIL HEART CAKE CASES,1
COTTON APRON PANTRY DESIGN,36 FOIL STAR CAKE CASES,1
COTTON APRON PANTRY DESIGN,GINGHAM HEART  DOORSTOP RED,1
COTTON APRON PANTRY DESIGN,CERAMIC HEART FAIRY CAKE MONEY BANK,1
COWBOYS AND INDIANS BIRTHDAY CARD,RED VINTAGE SPOT BEAKER,2
COWBOYS AND INDIANS BIRTHDAY CARD,BLUE VINTAGE SPOT BEAKER,2
COWBOYS AND INDIANS BIRTHDAY CARD,ROBOT BIRTHDAY CARD,2
COWBOYS AND INDIANS BIRTHDAY CARD,SPACEBOY BIRTHDAY CARD,2
COWBOYS AND INDIANS BIRTHDAY CARD,TEA PARTY BIRTHDAY CARD,2
CREAM CUPID HEARTS COAT HANGER,GUMBALL COAT RACK,2
CREAM CUPID HEARTS COAT HANGER,HAND WARMER UNION JACK,1
CREAM CUPID HEARTS COAT HANGER,LUNCH BAG CARS BLUE,1
CREAM CUPID HEARTS COAT HANGER,LUNCH BAG SUKI DESIGN,1
CREAM CUPID HEARTS COAT HANGER,BEWARE OF THE CAT METAL SIGN,1
CREAM FELT EASTER EGG BASKET,BUNNY EGG GARLAND,1
CREAM FELT EASTER EGG BASKET,EASTER BUNNY GARLAND OF FLOWERS,1
CREAM FELT EASTER EGG BASKET,HOMEMADE JAM SCENTED CANDLES,1
CREAM FELT EASTER EGG BASKET,GARLAND WOODEN HAPPY EASTER,1
CREAM FELT EASTER EGG BASKET,ASSORTED EASTER DECORATIONS  BELLS,1
CREAM HEART CARD HOLDER,JUMBO BAG ALPHABET,2
CREAM HEART CARD HOLDER,BLACK HEART CARD HOLDER,2
CREAM HEART CARD HOLDER,FRENCH BLUE METAL DOOR SIGN 1,2
CREAM HEART CARD HOLDER,FRENCH BLUE METAL DOOR SIGN 2,2
CREAM HEART CARD HOLDER,ZINC HERB GARDEN CONTAINER,2
CREAM SLICE FLANNEL CHOCOLATE SPOT,LARGE CAKE TOWEL CHOCOLATE SPOTS,1
CREAM SLICE FLANNEL CHOCOLATE SPOT,LARGE CAKE TOWEL PINK SPOTS,1
CREAM SLICE FLANNEL CHOCOLATE SPOT,DOORMAT UNION FLAG,1
CREAM SLICE FLANNEL CHOCOLATE SPOT,CREAM SLICE FLANNEL PINK SPOT,1
CREAM SLICE FLANNEL CHOCOLATE SPOT,FAIRY CAKE FLANNEL ASSORTED COLOUR,1
CREAM SLICE FLANNEL PINK SPOT,LARGE CAKE TOWEL PINK SPOTS,2
CREAM SLICE FLANNEL PINK SPOT,APPLE BATH SPONGE,1
CREAM SLICE FLANNEL PINK SPOT,FAIRY CAKE FLANNEL ASSORTED COLOUR,1
CREAM SLICE FLANNEL PINK SPOT,KINGS CHOICE GIANT TUBE MATCHES,1
CREAM SLICE FLANNEL PINK SPOT,CREAM SLICE FLANNEL CHOCOLATE SPOT,1
CREAM SWEETHEART EGG HOLDER,BLUE OWL SOFT TOY,1
CREAM SWEETHEART EGG HOLDER,FELTCRAFT CUSHION RABBIT,1
CREAM SWEETHEART EGG HOLDER,COFFEE MUG DOG + BALL DESIGN,1
CREAM SWEETHEART EGG HOLDER,EASTER CRAFT 4 CHICKS,1
CREAM SWEETHEART EGG HOLDER,COFFEE MUG PINK PAISLEY DESIGN,1
CREAM SWEETHEART MINI CHEST,GIN + TONIC DIET METAL SIGN,4
CREAM SWEETHEART MINI CHEST,BAKING SET 9 PIECE RETROSPOT,3
CREAM SWEETHEART MINI CHEST,REGENCY CAKESTAND 3 TIER,3
CREAM SWEETHEART MINI CHEST,DOORMAT NEW ENGLAND,3
CREAM SWEETHEART MINI CHEST,TRADITIONAL KNITTING NANCY,3
CREAM WALL PLANTER HEART SHAPED,GOLD STANDING GNOME,1
CREAM WALL PLANTER HEART SHAPED,IVORY SWEETHEART WIRE LETTER RACK,1
CREAM WALL PLANTER HEART SHAPED,HANGING PHOTO CLIP ROPE LADDER,1
CREAM WALL PLANTER HEART SHAPED,GREEN DRAWER KNOB ACRYLIC EDWARDIAN,1
CREAM WALL PLANTER HEART SHAPED,BLUE SPOT CERAMIC DRAWER KNOB,1
CRYSTAL FROG PHONE CHARM,CHRISTMAS TREE STAR DECORATION,1
CRYSTAL FROG PHONE CHARM,GREEN POLKADOT BOWL,1
CRYSTAL FROG PHONE CHARM,GREEN REGENCY TEACUP AND SAUCER,1
CRYSTAL FROG PHONE CHARM,LOVELY BONBON STICKER SHEET,1
CRYSTAL FROG PHONE CHARM,CARD CHRISTMAS VILLAGE,1
CUBIC MUG PINK POLKADOT,LOVE HEART TRINKET POT,1
CUBIC MUG PINK POLKADOT,BLACK CHAMPAGNE GLASS,1
CUBIC MUG PINK POLKADOT,CERAMIC BOWL WITH LOVE HEART DESIGN,1
CUBIC MUG PINK POLKADOT,CHARLIE AND LOLA FIGURES TINS,1
CUBIC MUG PINK POLKADOT,LARGE CAKE STAND HANGING HEARTS,1
CURIOUS IMAGES GIFT WRAP SET,CHRISTMAS TREE STAR DECORATION,1
CURIOUS IMAGES GIFT WRAP SET,GREEN POLKADOT BOWL,1
CURIOUS IMAGES GIFT WRAP SET,GREEN REGENCY TEACUP AND SAUCER,1
CURIOUS IMAGES GIFT WRAP SET,LOVELY BONBON STICKER SHEET,1
CURIOUS IMAGES GIFT WRAP SET,CARD CHRISTMAS VILLAGE,1
DAIRY MAID LARGE MILK JUG,SWEETHEART CERAMIC TRINKET BOX,2
DAIRY MAID LARGE MILK JUG,SET/2 RED RETROSPOT TEA TOWELS,2
DAIRY MAID LARGE MILK JUG,SMALL HEART MEASURING SPOONS,2
DAIRY MAID LARGE MILK JUG,CERAMIC PIRATE CHEST MONEY BANK,2
DAIRY MAID LARGE MILK JUG,CERAMIC CAKE DESIGN SPOTTED MUG,2
DAIRY MAID STRIPE MUG,LOVE HEART TRINKET POT,1
DAIRY MAID STRIPE MUG,HANGING SPRING FLOWER EGG SMALL,1
DAIRY MAID STRIPE MUG,COSMETIC BAG VINTAGE ROSE PAISLEY,1
DAIRY MAID STRIPE MUG,EMPIRE TISSUE BOX,1
DAIRY MAID STRIPE MUG,JINGLE BELL HEART DECORATION,1
DAIRY MAID TOASTRACK,DANISH ROSE PHOTO FRAME,2
DAIRY MAID TOASTRACK,MADRAS NOTEBOOK MEDIUM,1
DAIRY MAID TOASTRACK,BLUE VINTAGE SPOT BEAKER,1
DAIRY MAID TOASTRACK,LOVE HEART TRINKET POT,1
DAIRY MAID TOASTRACK,HOT WATER BOTTLE TEA AND SYMPATHY,1
DAIRY MAID TRADITIONAL TEAPOT,CERAMIC LOVE HEART MONEY BANK,1
DAIRY MAID TRADITIONAL TEAPOT,CERAMIC PIRATE CHEST MONEY BANK,1
DAIRY MAID TRADITIONAL TEAPOT,CERAMIC STRAWBERRY CAKE MONEY BANK,1
DAIRY MAID TRADITIONAL TEAPOT,LOVE HEART SOCK HANGER,1
DAIRY MAID TRADITIONAL TEAPOT,CERAMIC STRAWBERRY MONEY BOX,1
DAISIES  HONEYCOMB GARLAND,EIGHT PIECE SNAKE  SET,1
DAISIES  HONEYCOMB GARLAND,LUNCH BAG VINTAGE DOILY,1
DAISIES  HONEYCOMB GARLAND,36 FOIL HEART CAKE CASES,1
DAISIES  HONEYCOMB GARLAND,36 FOIL STAR CAKE CASES,1
DAISIES  HONEYCOMB GARLAND,BLUE HAPPY BIRTHDAY BUNTING,1
DANISH ROSE PHOTO FRAME,DAIRY MAID TOASTRACK,2
DANISH ROSE PHOTO FRAME,BLUE VINTAGE SPOT BEAKER,1
DANISH ROSE PHOTO FRAME,LOVE HEART TRINKET POT,1
DANISH ROSE PHOTO FRAME,HOT WATER BOTTLE TEA AND SYMPATHY,1
DANISH ROSE PHOTO FRAME,EMPIRE BIRTHDAY CARD,1
DARK BIRD HOUSE TREE DECORATION,"LETTER ""S"" BLING KEY RING",2
DARK BIRD HOUSE TREE DECORATION,LARGE WHITE HEART OF WICKER,2
DARK BIRD HOUSE TREE DECORATION,CHRISTMAS TREE STAR DECORATION,2
DARK BIRD HOUSE TREE DECORATION,BROWN  PIRATE TREASURE CHEST,2
DARK BIRD HOUSE TREE DECORATION,PAPER CHAIN KIT 50'S CHRISTMAS,2
DECORATION  PINK CHICK MAGIC GARDEN,BUNNY EGG GARLAND,1
DECORATION  PINK CHICK MAGIC GARDEN,HANGING WOOD AND FELT BUTTERFLY,1
DECORATION  PINK CHICK MAGIC GARDEN,I CAN ONLY PLEASE ONE PERSON MUG,1
DECORATION  PINK CHICK MAGIC GARDEN,EASTER BUNNY GARLAND OF FLOWERS,1
DECORATION  PINK CHICK MAGIC GARDEN,ASSORTED EASTER DECORATIONS  BELLS,1
"DECORATION , WOBBLY RABBIT , METAL",BLUE POLKADOT CUP,1
"DECORATION , WOBBLY RABBIT , METAL",CHILDS GARDEN BRUSH PINK,1
"DECORATION , WOBBLY RABBIT , METAL",CHARLOTTE BAG SUKI DESIGN,1
"DECORATION , WOBBLY RABBIT , METAL",EASTER TREE YELLOW BIRDS,1
"DECORATION , WOBBLY RABBIT , METAL",GREEN METAL SWINGING BUNNY,1
DECORATION WOBBLY CHICKEN,GUMBALL COAT RACK,1
DECORATION WOBBLY CHICKEN,"KEY FOB , BACK DOOR",1
DECORATION WOBBLY CHICKEN,GARDENERS KNEELING PAD CUP OF TEA,1
DECORATION WOBBLY CHICKEN,GLASS JAR PEACOCK BATH SALTS,1
DECORATION WOBBLY CHICKEN,BOX OF 6 ASSORTED COLOUR TEASPOONS,1
DECORATION WOBBLY RABBIT METAL,EASTER DECORATION EGG BUNNY,2
DECORATION WOBBLY RABBIT METAL,PLACE SETTING WHITE HEART,2
DECORATION WOBBLY RABBIT METAL,"ACRYLIC HANGING JEWEL,PINK",1
DECORATION WOBBLY RABBIT METAL,"ACRYLIC JEWEL ICICLE, PINK",1
DECORATION WOBBLY RABBIT METAL,FILIGREE HEART BIRD WHITE,1
DECORATIVE FLORE BATHROOM BOTTLE,CARD BIRTHDAY COWBOY,1
DECORATIVE FLORE BATHROOM BOTTLE,12 DAISY PEGS IN WOOD BOX,1
DECORATIVE FLORE BATHROOM BOTTLE,EMPIRE BIRTHDAY CARD,1
DECORATIVE FLORE BATHROOM BOTTLE,HOME SWEET HOME MUG,1
DECORATIVE FLORE BATHROOM BOTTLE,HANGING HEART ZINC T-LIGHT HOLDER,1
DECORATIVE ROSE BATHROOM BOTTLE,SINGLE HEART ZINC T-LIGHT HOLDER,2
DECORATIVE ROSE BATHROOM BOTTLE,WHITE HANGING HEART T-LIGHT HOLDER,2
DECORATIVE ROSE BATHROOM BOTTLE,HANGING HEART ZINC T-LIGHT HOLDER,2
DECORATIVE ROSE BATHROOM BOTTLE,VINTAGE KID DOLLY CARD,2
DECORATIVE ROSE BATHROOM BOTTLE,WOODEN TREE CHRISTMAS SCANDINAVIAN,1
DECORATIVE WICKER HEART LARGE,IVORY WICKER HEART LARGE,3
DECORATIVE WICKER HEART LARGE,HEART OF WICKER SMALL,3
DECORATIVE WICKER HEART LARGE,WOOD BLACK BOARD ANT WHITE FINISH,3
DECORATIVE WICKER HEART LARGE,BLUE GIANT GARDEN THERMOMETER,2
DECORATIVE WICKER HEART LARGE,LUNCH BAG VINTAGE LEAF DESIGN,2
DECORATIVE WICKER HEART MEDIUM,DOORMAT WELCOME TO OUR HOME,1
DECORATIVE WICKER HEART MEDIUM,FELTCRAFT BUTTERFLY HEARTS,1
DECORATIVE WICKER HEART MEDIUM,FELTCRAFT CHRISTMAS FAIRY,1
DECORATIVE WICKER HEART MEDIUM,HOME BUILDING BLOCK WORD,1
DECORATIVE WICKER HEART MEDIUM,CREAM SWEETHEART MINI CHEST,1
"DECOUPAGE,GREETING CARD,",CARD BIRTHDAY COWBOY,1
"DECOUPAGE,GREETING CARD,",12 DAISY PEGS IN WOOD BOX,1
"DECOUPAGE,GREETING CARD,",DECORATIVE ROSE BATHROOM BOTTLE,1
"DECOUPAGE,GREETING CARD,",EMPIRE BIRTHDAY CARD,1
"DECOUPAGE,GREETING CARD,",HOME SWEET HOME MUG,1
DECROTIVEVINTAGE COFFEE GRINDER BOX,CHRISTMAS TREE STAR DECORATION,1
DECROTIVEVINTAGE COFFEE GRINDER BOX,GREEN POLKADOT BOWL,1
DECROTIVEVINTAGE COFFEE GRINDER BOX,GREEN REGENCY TEACUP AND SAUCER,1
DECROTIVEVINTAGE COFFEE GRINDER BOX,LOVELY BONBON STICKER SHEET,1
DECROTIVEVINTAGE COFFEE GRINDER BOX,CARD CHRISTMAS VILLAGE,1
DELUXE SEWING KIT,JUMBO STORAGE BAG SKULLS,1
DELUXE SEWING KIT,JUMBO STORAGE BAG SUKI,1
DELUXE SEWING KIT,JUMBO BAG TOYS,1
DELUXE SEWING KIT,CREAM SWEETHEART MINI CHEST,1
DELUXE SEWING KIT,JUMBO BAG APPLES,1
"DIAMANTE HEART SHAPED WALL MIRROR,",CHRISTMAS TREE STAR DECORATION,1
"DIAMANTE HEART SHAPED WALL MIRROR,",GREEN POLKADOT BOWL,1
"DIAMANTE HEART SHAPED WALL MIRROR,",GREEN REGENCY TEACUP AND SAUCER,1
"DIAMANTE HEART SHAPED WALL MIRROR,",LOVELY BONBON STICKER SHEET,1
"DIAMANTE HEART SHAPED WALL MIRROR,",CARD CHRISTMAS VILLAGE,1
DINOSAUR HEIGHT CHART STICKER SET,GREEN/BLUE CERAMIC CANDLE HOLDER,1
DINOSAUR HEIGHT CHART STICKER SET,JUMBO BAG DOLLY GIRL DESIGN,1
DINOSAUR HEIGHT CHART STICKER SET,MEASURING TAPE BABUSHKA RED,1
DINOSAUR HEIGHT CHART STICKER SET,BUBBLEGUM RING ASSORTED,1
DINOSAUR HEIGHT CHART STICKER SET,BLUE CIRCLES DESIGN TEDDY,1
DINOSAUR LUNCH BOX WITH CUTLERY,LUNCH BAG SPACEBOY DESIGN,2
DINOSAUR LUNCH BOX WITH CUTLERY,DOLLY GIRL LUNCH BOX,2
DINOSAUR LUNCH BOX WITH CUTLERY,LUNCH BAG WOODLAND,2
DINOSAUR LUNCH BOX WITH CUTLERY,SPACEBOY LUNCH BOX,2
DINOSAUR LUNCH BOX WITH CUTLERY,STRAWBERRY LUNCH BOX WITH CUTLERY,2
DINOSAUR PARTY BAG + STICKER SET,LUNCH BAG WOODLAND,1
DINOSAUR PARTY BAG + STICKER SET,MAKE YOUR OWN PLAYTIME CARD KIT,1
DINOSAUR PARTY BAG + STICKER SET,ALPHABET STENCIL CRAFT,1
DINOSAUR PARTY BAG + STICKER SET,JUNGLE POPSICLES ICE LOLLY MOULDS,1
DINOSAUR PARTY BAG + STICKER SET,FELTCRAFT CUSHION RABBIT,1
DINOSAURS  WRITING SET,LUNCH BAG SPACEBOY DESIGN,4
DINOSAURS  WRITING SET,ALARM CLOCK BAKELIKE GREEN,4
DINOSAURS  WRITING SET,DOLLY GIRL BEAKER,3
DINOSAURS  WRITING SET,LUNCH BAG  BLACK SKULL.,3
DINOSAURS  WRITING SET,CHARLOTTE BAG PINK POLKADOT,3
DISCO BALL CHRISTMAS DECORATION,LETTER HOLDER HOME SWEET HOME,2
DISCO BALL CHRISTMAS DECORATION,HOME SWEET HOME BLACKBOARD,2
DISCO BALL CHRISTMAS DECORATION,ZINC FOLKART SLEIGH BELLS,2
DISCO BALL CHRISTMAS DECORATION,3D CHRISTMAS STAMPS STICKERS,2
DISCO BALL CHRISTMAS DECORATION,HOME SWEET HOME KEY HOLDER,2
DISCO BALL ROTATOR BATTERY OPERATED,BLUE  DIAMANTE PEN IN GIFT BOX,1
DISCO BALL ROTATOR BATTERY OPERATED,LUNCH BAG CARS BLUE,1
DISCO BALL ROTATOR BATTERY OPERATED,FELTCRAFT BUTTERFLY HEARTS,1
DISCO BALL ROTATOR BATTERY OPERATED,BROWN  PIRATE TREASURE CHEST,1
DISCO BALL ROTATOR BATTERY OPERATED,6 RIBBONS EMPIRE,1
DO NOT TOUCH MY STUFF DOOR HANGER,DOORMAT FANCY FONT HOME SWEET HOME,1
DO NOT TOUCH MY STUFF DOOR HANGER,BLACK BIRD GARDEN DESIGN MUG,1
DO NOT TOUCH MY STUFF DOOR HANGER,DOORMAT HEARTS,1
DO NOT TOUCH MY STUFF DOOR HANGER,ENGLISH ROSE SCENTED HANGING FLOWER,1
DO NOT TOUCH MY STUFF DOOR HANGER,BOUDOIR SQUARE TISSUE BOX,1
DOCTOR'S BAG SOFT TOY,GREEN DRAWER KNOB ACRYLIC EDWARDIAN,1
DOCTOR'S BAG SOFT TOY,4 IVORY DINNER CANDLES SILVER FLOCK,1
DOCTOR'S BAG SOFT TOY,BROWN  PIRATE TREASURE CHEST,1
DOCTOR'S BAG SOFT TOY,IVORY SWEETHEART WIRE LETTER RACK,1
DOCTOR'S BAG SOFT TOY,CHOCOLATE BOX RIBBONS,1
DOG BOWL VINTAGE CREAM,GINGHAM HEART  DOORSTOP RED,1
DOG BOWL VINTAGE CREAM,GARDENERS KNEELING PAD CUP OF TEA,1
DOG BOWL VINTAGE CREAM,GARDENERS KNEELING PAD KEEP CALM,1
DOG BOWL VINTAGE CREAM,LARGE WHITE HEART OF WICKER,1
DOG BOWL VINTAGE CREAM,HOT WATER BOTTLE KEEP CALM,1
DOG LICENCE WALL ART,CHRISTMAS TABLE SILVER CANDLE SPIKE,1
DOG LICENCE WALL ART,HAND WARMER UNION JACK,1
DOG LICENCE WALL ART,HAND WARMER BIRD DESIGN,1
DOG LICENCE WALL ART,HOT WATER BOTTLE TEA AND SYMPATHY,1
DOG LICENCE WALL ART,HOT WATER BOTTLE I AM SO POORLY,1
DOG TOY WITH PINK CROCHET SKIRT,MOUSE TOY WITH PINK T-SHIRT,2
DOG TOY WITH PINK CROCHET SKIRT,HANGING WOOD AND FELT BUTTERFLY,2
DOG TOY WITH PINK CROCHET SKIRT,20 DOLLY PEGS RETROSPOT,1
DOG TOY WITH PINK CROCHET SKIRT,WOODLAND  STICKERS,1
DOG TOY WITH PINK CROCHET SKIRT,WOODEN TREE CHRISTMAS SCANDINAVIAN,1
DOGGY RUBBER,FOLDING BUTTERFLY MIRROR HOT PINK,1
DOGGY RUBBER,GARDENERS KNEELING PAD KEEP CALM,1
DOGGY RUBBER,ENAMEL MEASURING JUG CREAM,1
DOGGY RUBBER,ANTIQUE SILVER BAUBLE LAMP,1
DOGGY RUBBER,FELTCRAFT CUSHION BUTTERFLY,1
DOILEY STORAGE TIN,SET OF 4 KNICK KNACK TINS DOILEY,3
DOILEY STORAGE TIN,LUNCH BAG CARS BLUE,2
DOILEY STORAGE TIN,HERB MARKER CHIVES,2
DOILEY STORAGE TIN,HERB MARKER THYME,2
DOILEY STORAGE TIN,IVORY SWEETHEART WIRE LETTER RACK,2
DOILY THANK YOU CARD,LOVE HOT WATER BOTTLE,1
DOILY THANK YOU CARD,HAND WARMER UNION JACK,1
DOILY THANK YOU CARD,HEART OF WICKER SMALL,1
DOILY THANK YOU CARD,LUNCH BAG PAISLEY PARK,1
DOILY THANK YOU CARD,GUMBALL COAT RACK,1
DOLLY GIRL BABY GIFT SET,GIRLS VINTAGE TIN SEASIDE BUCKET,1
DOLLY GIRL BABY GIFT SET,GREEN/BLUE CERAMIC CANDLE HOLDER,1
DOLLY GIRL BABY GIFT SET,JUMBO BAG DOLLY GIRL DESIGN,1
DOLLY GIRL BABY GIFT SET,BUBBLEGUM RING ASSORTED,1
DOLLY GIRL BABY GIFT SET,BLUE CIRCLES DESIGN TEDDY,1
DOLLY GIRL BEAKER,DINOSAURS  WRITING SET,3
DOLLY GIRL BEAKER,LUNCH BAG SPACEBOY DESIGN,3
DOLLY GIRL BEAKER,LUNCH BAG ALPHABET DESIGN,2
DOLLY GIRL BEAKER,LUNCH BAG WOODLAND,2
DOLLY GIRL BEAKER,DOLLY GIRL CHILDRENS BOWL,2
DOLLY GIRL CHILDRENS BOWL,DOLLY GIRL CHILDRENS CUP,2
DOLLY GIRL CHILDRENS BOWL,DINOSAURS  WRITING SET,2
DOLLY GIRL CHILDRENS BOWL,CHILDRENS CUTLERY SPACEBOY,2
DOLLY GIRL CHILDRENS BOWL,FELTCRAFT PRINCESS LOLA DOLL,2
DOLLY GIRL CHILDRENS BOWL,LUNCH BAG DOLLY GIRL DESIGN,2
DOLLY GIRL CHILDRENS CUP,CHILDRENS CUTLERY SPACEBOY,2
DOLLY GIRL CHILDRENS CUP,DOLLY GIRL CHILDRENS BOWL,2
DOLLY GIRL CHILDRENS CUP,LUNCH BAG APPLE DESIGN,1
DOLLY GIRL CHILDRENS CUP,CHILDRENS CUTLERY POLKADOT GREEN,1
DOLLY GIRL CHILDRENS CUP,BUNDLE OF 3 ALPHABET EXERCISE BOOKS,1
DOLLY GIRL CHILDRENS EGG CUP,BLUE OWL SOFT TOY,1
DOLLY GIRL CHILDRENS EGG CUP,HANGING HEN ON NEST DECORATION,1
DOLLY GIRL CHILDRENS EGG CUP,COFFEE MUG DOG + BALL DESIGN,1
DOLLY GIRL CHILDRENS EGG CUP,FELTCRAFT CUSHION BUTTERFLY,1
DOLLY GIRL CHILDRENS EGG CUP,COFFEE MUG PINK PAISLEY DESIGN,1
DOLLY GIRL LUNCH BOX,SPACEBOY LUNCH BOX,6
DOLLY GIRL LUNCH BOX,LUNCH BAG WOODLAND,4
DOLLY GIRL LUNCH BOX,LUNCH BAG SPACEBOY DESIGN,3
DOLLY GIRL LUNCH BOX,ROUND SNACK BOXES SET OF4 WOODLAND,3
DOLLY GIRL LUNCH BOX,DINOSAUR LUNCH BOX WITH CUTLERY,2
DOLLY GIRL MINI BACKPACK,WOODLAND MINI BACKPACK,3
DOLLY GIRL MINI BACKPACK,ALARM CLOCK BAKELIKE PINK,3
DOLLY GIRL MINI BACKPACK,SPACEBOY MINI BACKPACK,3
DOLLY GIRL MINI BACKPACK,TOADSTOOL BEDSIDE LIGHT,2
DOLLY GIRL MINI BACKPACK,ALARM CLOCK BAKELIKE RED,2
DOORMAT 3 SMILEY CATS,LUNCH BAG SUKI  DESIGN,1
DOORMAT 3 SMILEY CATS,GIRLS VINTAGE TIN SEASIDE BUCKET,1
DOORMAT 3 SMILEY CATS,JUMBO STORAGE BAG SKULLS,1
DOORMAT 3 SMILEY CATS,JUMBO STORAGE BAG SUKI,1
DOORMAT 3 SMILEY CATS,LUNCH BAG WOODLAND,1
DOORMAT AIRMAIL,SMALL HEART MEASURING SPOONS,2
DOORMAT AIRMAIL,SMALL WHITE HEART OF WICKER,2
DOORMAT AIRMAIL,SPACEBOY BIRTHDAY CARD,2
DOORMAT AIRMAIL,KINGS CHOICE TEA CADDY,2
DOORMAT AIRMAIL,ASSORTED COLOUR BIRD ORNAMENT,2
DOORMAT BLACK FLOCK,BLACK MEDIUM GLASS CAKE STAND,1
DOORMAT BLACK FLOCK,FELTCRAFT CUSHION RABBIT,1
DOORMAT BLACK FLOCK,DOORMAT HEARTS,1
DOORMAT BLACK FLOCK,DOORMAT HOME SWEET HOME BLUE,1
DOORMAT BLACK FLOCK,FELTCRAFT HAIRBANDS PINK AND WHITE,1
DOORMAT ENGLISH ROSE,DOORMAT NEW ENGLAND,2
DOORMAT ENGLISH ROSE,ALARM CLOCK BAKELIKE IVORY,1
DOORMAT ENGLISH ROSE,HERB MARKER THYME,1
DOORMAT ENGLISH ROSE,HOT WATER BOTTLE I AM SO POORLY,1
DOORMAT ENGLISH ROSE,HOT WATER BOTTLE KEEP CALM,1
DOORMAT FAIRY CAKE,DOORMAT FANCY FONT HOME SWEET HOME,3
DOORMAT FAIRY CAKE,DOORMAT SPOTTY HOME SWEET HOME,2
DOORMAT FAIRY CAKE,DOORMAT HEARTS,2
DOORMAT FAIRY CAKE,36 PENCILS TUBE SKULLS,1
DOORMAT FAIRY CAKE,WHITE WOOD GARDEN PLANT LADDER,1
DOORMAT FANCY FONT HOME SWEET HOME,DOORMAT KEEP CALM AND COME IN,4
DOORMAT FANCY FONT HOME SWEET HOME,ALARM CLOCK BAKELIKE RED,3
DOORMAT FANCY FONT HOME SWEET HOME,DOORMAT HEARTS,3
DOORMAT FANCY FONT HOME SWEET HOME,DOORMAT NEW ENGLAND,3
DOORMAT FANCY FONT HOME SWEET HOME,DOORMAT SPOTTY HOME SWEET HOME,3
DOORMAT HEARTS,JUMBO BAG RED RETROSPOT,5
DOORMAT HEARTS,LUNCH BAG  BLACK SKULL.,4
DOORMAT HEARTS,LUNCH BAG WOODLAND,3
DOORMAT HEARTS,DOORMAT RED RETROSPOT,3
DOORMAT HEARTS,DOORMAT SPOTTY HOME SWEET HOME,3
DOORMAT HOME SWEET HOME BLUE,DOORMAT RED RETROSPOT,3
DOORMAT HOME SWEET HOME BLUE,DOORMAT UNION FLAG,2
DOORMAT HOME SWEET HOME BLUE,LOVE BUILDING BLOCK WORD,2
DOORMAT HOME SWEET HOME BLUE,DOORMAT HEARTS,2
DOORMAT HOME SWEET HOME BLUE,DOORMAT SPOTTY HOME SWEET HOME,2
DOORMAT KEEP CALM AND COME IN,DOORMAT FANCY FONT HOME SWEET HOME,4
DOORMAT KEEP CALM AND COME IN,DOORMAT NEW ENGLAND,3
DOORMAT KEEP CALM AND COME IN,NATURAL SLATE HEART CHALKBOARD,2
DOORMAT KEEP CALM AND COME IN,LUNCH BAG  BLACK SKULL.,2
DOORMAT KEEP CALM AND COME IN,RED RETROSPOT UMBRELLA,2
DOORMAT MERRY CHRISTMAS RED,3D TRADITIONAL CHRISTMAS STICKERS,1
DOORMAT MERRY CHRISTMAS RED,CHRISTMAS LIGHTS 10 SANTAS,1
DOORMAT MERRY CHRISTMAS RED,HAND WARMER RED RETROSPOT,1
DOORMAT MERRY CHRISTMAS RED,GARDENERS KNEELING PAD CUP OF TEA,1
DOORMAT MERRY CHRISTMAS RED,GARDENERS KNEELING PAD KEEP CALM,1
DOORMAT NEIGHBOURHOOD WITCH,CHOCOLATE THIS WAY METAL SIGN,2
DOORMAT NEIGHBOURHOOD WITCH,LUNCH BAG APPLE DESIGN,2
DOORMAT NEIGHBOURHOOD WITCH,LUNCH BAG SPACEBOY DESIGN,2
DOORMAT NEIGHBOURHOOD WITCH,GREEN POLKADOT BOWL,2
DOORMAT NEIGHBOURHOOD WITCH,LARGE WHITE HEART OF WICKER,2
DOORMAT NEW ENGLAND,GIN + TONIC DIET METAL SIGN,4
DOORMAT NEW ENGLAND,RED RETROSPOT UMBRELLA,4
DOORMAT NEW ENGLAND,COOK WITH WINE METAL SIGN,3
DOORMAT NEW ENGLAND,LUNCH BAG VINTAGE DOILY,3
DOORMAT NEW ENGLAND,CREAM SWEETHEART MINI CHEST,3
DOORMAT RED RETROSPOT,LUNCH BAG  BLACK SKULL.,5
DOORMAT RED RETROSPOT,DOORMAT SPOTTY HOME SWEET HOME,4
DOORMAT RED RETROSPOT,LUNCH BAG CARS BLUE,4
DOORMAT RED RETROSPOT,DOORMAT HEARTS,3
DOORMAT RED RETROSPOT,DOORMAT HOME SWEET HOME BLUE,3
DOORMAT RESPECTABLE HOUSE,DOORMAT WELCOME TO OUR HOME,2
DOORMAT RESPECTABLE HOUSE,CHOCOLATE THIS WAY METAL SIGN,2
DOORMAT RESPECTABLE HOUSE,DOORMAT FANCY FONT HOME SWEET HOME,2
DOORMAT RESPECTABLE HOUSE,I CAN ONLY PLEASE ONE PERSON MUG,1
DOORMAT RESPECTABLE HOUSE,HOME SWEET HOME MUG,1
DOORMAT SPOTTY HOME SWEET HOME,PACK OF 72 RETROSPOT CAKE CASES,4
DOORMAT SPOTTY HOME SWEET HOME,DOORMAT RED RETROSPOT,4
DOORMAT SPOTTY HOME SWEET HOME,ALARM CLOCK BAKELIKE GREEN,3
DOORMAT SPOTTY HOME SWEET HOME,ALARM CLOCK BAKELIKE CHOCOLATE,3
DOORMAT SPOTTY HOME SWEET HOME,PACK OF 72 SKULL CAKE CASES,3
DOORMAT UNION FLAG,SHELF WITH 4 HOOKS HOME SWEET HOME,2
DOORMAT UNION FLAG,SET OF 3 BUTTERFLY COOKIE CUTTERS,2
DOORMAT UNION FLAG,SET OF 3 HEART COOKIE CUTTERS,2
DOORMAT UNION FLAG,RED KITCHEN SCALES,2
DOORMAT UNION FLAG,POTTERING IN THE SHED METAL SIGN,2
DOORMAT UNION JACK GUNS AND ROSES,ALARM CLOCK BAKELIKE GREEN,2
DOORMAT UNION JACK GUNS AND ROSES,LUNCH BAG SPACEBOY DESIGN,2
DOORMAT UNION JACK GUNS AND ROSES,DOORMAT SPOTTY HOME SWEET HOME,2
DOORMAT UNION JACK GUNS AND ROSES,LUNCH BAG CARS BLUE,2
DOORMAT UNION JACK GUNS AND ROSES,ALARM CLOCK BAKELIKE PINK,2
DOORMAT VINTAGE LEAF,DOORMAT FANCY FONT HOME SWEET HOME,1
DOORMAT VINTAGE LEAF,BUNNY WOODEN PAINTED WITH BIRD,1
DOORMAT VINTAGE LEAF,CARTOON  PENCIL SHARPENERS,1
DOORMAT VINTAGE LEAF,GARDENERS KNEELING PAD KEEP CALM,1
DOORMAT VINTAGE LEAF,LUNCH BAG ALPHABET DESIGN,1
DOORMAT VINTAGE LEAVES DESIGN,PANTRY PASTRY BRUSH,2
DOORMAT VINTAGE LEAVES DESIGN,WHITE HANGING HEART T-LIGHT HOLDER,1
DOORMAT VINTAGE LEAVES DESIGN,36 PENCILS TUBE WOODLAND,1
DOORMAT VINTAGE LEAVES DESIGN,VICTORIAN GLASS HANGING T-LIGHT,1
DOORMAT VINTAGE LEAVES DESIGN,SMALL RED RETROSPOT WINDMILL,1
DOORMAT WELCOME PUPPIES,JUMBO BAG WOODLAND ANIMALS,1
DOORMAT WELCOME PUPPIES,LUNCH BAG SUKI  DESIGN,1
DOORMAT WELCOME PUPPIES,GIRLS VINTAGE TIN SEASIDE BUCKET,1
DOORMAT WELCOME PUPPIES,JUMBO STORAGE BAG SKULLS,1
DOORMAT WELCOME PUPPIES,JUMBO STORAGE BAG SUKI,1
DOORMAT WELCOME SUNRISE,HANGING METAL HEART LANTERN,1
DOORMAT WELCOME SUNRISE,IVORY HANGING DECORATION  HEART,1
DOORMAT WELCOME SUNRISE,EASTER CRAFT 4 CHICKS,1
DOORMAT WELCOME SUNRISE,PAPER BUNTING WHITE LACE,1
DOORMAT WELCOME SUNRISE,VINTAGE UNION JACK DOORSTOP,1
DOORMAT WELCOME TO OUR HOME,FELTCRAFT 6 FLOWER FRIENDS,2
DOORMAT WELCOME TO OUR HOME,DOORMAT RESPECTABLE HOUSE,2
DOORMAT WELCOME TO OUR HOME,ALARM CLOCK BAKELIKE RED,2
DOORMAT WELCOME TO OUR HOME,LOVE BUILDING BLOCK WORD,2
DOORMAT WELCOME TO OUR HOME,GINGERBREAD MAN COOKIE CUTTER,2
DOORSTOP RACING CAR DESIGN,CAKE PLATE LOVEBIRD WHITE,2
DOORSTOP RACING CAR DESIGN,FILIGRIS HEART WITH BUTTERFLY,1
DOORSTOP RACING CAR DESIGN,ASSORTED COLOUR LIZARD SUCTION HOOK,1
DOORSTOP RACING CAR DESIGN,BLACK AND WHITE CAT BOWL,1
DOORSTOP RACING CAR DESIGN,BLACK AND WHITE DOG BOWL,1
DOORSTOP RETROSPOT HEART,GINGHAM HEART DECORATION,2
DOORSTOP RETROSPOT HEART,CREAM SWEETHEART MINI CHEST,2
DOORSTOP RETROSPOT HEART,CERAMIC CHERRY CAKE MONEY BANK,2
DOORSTOP RETROSPOT HEART,RED RETROSPOT SHOPPER BAG,2
DOORSTOP RETROSPOT HEART,SET OF 3 HEART COOKIE CUTTERS,2
DOTCOM POSTAGE,JUMBO STORAGE BAG SUKI,4
DOTCOM POSTAGE,JUMBO BAG RED RETROSPOT,3
DOTCOM POSTAGE,JUMBO STORAGE BAG SKULLS,3
DOTCOM POSTAGE,JUMBO BAG WOODLAND ANIMALS,3
DOTCOM POSTAGE,PACK OF 20 SKULL PAPER NAPKINS,3
DOUGHNUT LIP GLOSS,HAND WARMER RED RETROSPOT,1
DOUGHNUT LIP GLOSS,GINGERBREAD MAN COOKIE CUTTER,1
DOUGHNUT LIP GLOSS,HAND WARMER SCOTTY DOG DESIGN,1
DOUGHNUT LIP GLOSS,HAND WARMER UNION JACK,1
DOUGHNUT LIP GLOSS,CHRISTMAS LIGHTS 10 REINDEER,1
DRAWER KNOB CERAMIC IVORY,JUMBO SHOPPER VINTAGE RED PAISLEY,3
DRAWER KNOB CERAMIC IVORY,JUMBO STORAGE BAG SUKI,3
DRAWER KNOB CERAMIC IVORY,JUMBO BAG RED RETROSPOT,2
DRAWER KNOB CERAMIC IVORY,JUMBO BAG ALPHABET,2
DRAWER KNOB CERAMIC IVORY,LUNCH BAG CARS BLUE,2
DRAWER KNOB CERAMIC RED,LOVE HOT WATER BOTTLE,1
DRAWER KNOB CERAMIC RED,HAND WARMER BABUSHKA DESIGN,1
DRAWER KNOB CERAMIC RED,HAND WARMER BIRD DESIGN,1
DRAWER KNOB CERAMIC RED,FELTCRAFT DOLL EMILY,1
DRAWER KNOB CERAMIC RED,FELTCRAFT DOLL MOLLY,1
DRAWER KNOB CRACKLE GLAZE BLUE,DRAWER KNOB CRACKLE GLAZE GREEN,2
DRAWER KNOB CRACKLE GLAZE BLUE,DRAWER KNOB CRACKLE GLAZE PINK,2
DRAWER KNOB CRACKLE GLAZE BLUE,BELLE JARDINIERE CUSHION COVER,1
DRAWER KNOB CRACKLE GLAZE BLUE,HOME SWEET HOME BLACKBOARD,1
DRAWER KNOB CRACKLE GLAZE BLUE,CLASSIC SUGAR DISPENSER,1
DRAWER KNOB CRACKLE GLAZE GREEN,DRAWER KNOB CRACKLE GLAZE BLUE,2
DRAWER KNOB CRACKLE GLAZE GREEN,LUNCH BAG RED RETROSPOT,2
DRAWER KNOB CRACKLE GLAZE GREEN,LUNCH BAG SUKI DESIGN,2
DRAWER KNOB CRACKLE GLAZE GREEN,LOVE BUILDING BLOCK WORD,2
DRAWER KNOB CRACKLE GLAZE GREEN,DRAWER KNOB CRACKLE GLAZE PINK,2
DRAWER KNOB CRACKLE GLAZE IVORY,FRENCH ENAMEL CANDLEHOLDER,2
DRAWER KNOB CRACKLE GLAZE IVORY,JUMBO BAG RED RETROSPOT,1
DRAWER KNOB CRACKLE GLAZE IVORY,JUMBO BAG SCANDINAVIAN BLUE PAISLEY,1
DRAWER KNOB CRACKLE GLAZE IVORY,LUNCH BAG PINK POLKADOT,1
DRAWER KNOB CRACKLE GLAZE IVORY,LUNCH BAG  BLACK SKULL.,1
DRAWER KNOB CRACKLE GLAZE PINK,DRAWER KNOB CRACKLE GLAZE BLUE,2
DRAWER KNOB CRACKLE GLAZE PINK,DRAWER KNOB CRACKLE GLAZE GREEN,2
DRAWER KNOB CRACKLE GLAZE PINK,BELLE JARDINIERE CUSHION COVER,1
DRAWER KNOB CRACKLE GLAZE PINK,HOME SWEET HOME BLACKBOARD,1
DRAWER KNOB CRACKLE GLAZE PINK,CLASSIC SUGAR DISPENSER,1
DRAWER KNOB VINTAGE GLASS STAR,36 FOIL STAR CAKE CASES,1
DRAWER KNOB VINTAGE GLASS STAR,LUNCH BAG VINTAGE LEAF DESIGN,1
DRAWER KNOB VINTAGE GLASS STAR,LARGE CERAMIC TOP STORAGE JAR,1
DRAWER KNOB VINTAGE GLASS STAR,REGENCY CAKESTAND 3 TIER,1
DRAWER KNOB VINTAGE GLASS STAR,SET 3 WICKER STORAGE BASKETS,1
EASTER BUNNY GARLAND OF FLOWERS,BUNNY EGG GARLAND,1
EASTER BUNNY GARLAND OF FLOWERS,HOMEMADE JAM SCENTED CANDLES,1
EASTER BUNNY GARLAND OF FLOWERS,GARLAND WOODEN HAPPY EASTER,1
EASTER BUNNY GARLAND OF FLOWERS,FENG SHUI PILLAR CANDLE,1
EASTER BUNNY GARLAND OF FLOWERS,ASSORTED EASTER DECORATIONS  BELLS,1
EASTER CRAFT 4 CHICKS,GARLAND WOODEN HAPPY EASTER,2
EASTER CRAFT 4 CHICKS,DOORMAT WELCOME SUNRISE,1
EASTER CRAFT 4 CHICKS,DOG TOY WITH PINK CROCHET SKIRT,1
EASTER CRAFT 4 CHICKS,IVORY KITCHEN SCALES,1
EASTER CRAFT 4 CHICKS,EASTER CRAFT IVY WREATH WITH CHICK,1
EASTER CRAFT IVY WREATH WITH CHICK,BLUE OWL SOFT TOY,1
EASTER CRAFT IVY WREATH WITH CHICK,EASTER DECORATION NATURAL CHICK,1
EASTER CRAFT IVY WREATH WITH CHICK,COFFEE MUG DOG + BALL DESIGN,1
EASTER CRAFT IVY WREATH WITH CHICK,DOLLY GIRL CHILDRENS EGG CUP,1
EASTER CRAFT IVY WREATH WITH CHICK,COFFEE MUG PINK PAISLEY DESIGN,1
EASTER DECORATION EGG BUNNY,DECORATION WOBBLY RABBIT METAL,2
EASTER DECORATION EGG BUNNY,PLACE SETTING WHITE HEART,2
EASTER DECORATION EGG BUNNY,LIPSTICK PEN RED,1
EASTER DECORATION EGG BUNNY,FAIRY CAKES NOTEBOOK A6 SIZE,1
EASTER DECORATION EGG BUNNY,FOLKART STAR CHRISTMAS DECORATIONS,1
EASTER DECORATION HANGING BUNNY,EASTER DECORATION EGG BUNNY,1
EASTER DECORATION HANGING BUNNY,CLOTHES PEGS RETROSPOT PACK 24,1
EASTER DECORATION HANGING BUNNY,JUMBO BAG 50'S CHRISTMAS,1
EASTER DECORATION HANGING BUNNY,FOLKART STAR CHRISTMAS DECORATIONS,1
EASTER DECORATION HANGING BUNNY,IVORY STRING CURTAIN WITH POLE,1
EASTER DECORATION NATURAL CHICK,BLUE OWL SOFT TOY,1
EASTER DECORATION NATURAL CHICK,HANGING WOOD AND FELT BUTTERFLY,1
EASTER DECORATION NATURAL CHICK,COFFEE MUG DOG + BALL DESIGN,1
EASTER DECORATION NATURAL CHICK,DOLLY GIRL CHILDRENS EGG CUP,1
EASTER DECORATION NATURAL CHICK,COFFEE MUG PINK PAISLEY DESIGN,1
EASTER TIN BUNNY BOUQUET,EASTER TIN CHICKS IN GARDEN,1
EASTER TIN BUNNY BOUQUET,DOORMAT FANCY FONT HOME SWEET HOME,1
EASTER TIN BUNNY BOUQUET,LUNCH BAG RED RETROSPOT,1
EASTER TIN BUNNY BOUQUET,EASTER TIN KEEPSAKE,1
EASTER TIN BUNNY BOUQUET,CHILDS BREAKFAST SET CIRCUS PARADE,1
EASTER TIN CHICKS IN GARDEN,BOX OF 24 COCKTAIL PARASOLS,1
EASTER TIN CHICKS IN GARDEN,DOORMAT FANCY FONT HOME SWEET HOME,1
EASTER TIN CHICKS IN GARDEN,EASTER TIN BUNNY BOUQUET,1
EASTER TIN CHICKS IN GARDEN,CHOCOLATE THIS WAY METAL SIGN,1
EASTER TIN CHICKS IN GARDEN,BIRD DECORATION RED RETROSPOT,1
EASTER TIN CHICKS PINK DAISY,EDWARDIAN PARASOL PINK,1
EASTER TIN CHICKS PINK DAISY,6 EGG HOUSE PAINTED WOOD,1
EASTER TIN CHICKS PINK DAISY,FELT EGG COSY WHITE RABBIT,1
EASTER TIN CHICKS PINK DAISY,ILLUSTRATED CAT BOWL,1
EASTER TIN CHICKS PINK DAISY,GARLAND WOODEN HAPPY EASTER,1
EASTER TIN KEEPSAKE,SET 3 SONG BIRD PAPER EGGS ASSORTED,2
EASTER TIN KEEPSAKE,BOX OF 24 COCKTAIL PARASOLS,1
EASTER TIN KEEPSAKE,EASTER TIN BUNNY BOUQUET,1
EASTER TIN KEEPSAKE,EASTER TIN CHICKS IN GARDEN,1
EASTER TIN KEEPSAKE,EASTER TIN CHICKS PINK DAISY,1
EASTER TREE YELLOW BIRDS,GARLAND WOODEN HAPPY EASTER,2
EASTER TREE YELLOW BIRDS,FENG SHUI PILLAR CANDLE,1
EASTER TREE YELLOW BIRDS,HOMEMADE JAM SCENTED CANDLES,1
EASTER TREE YELLOW BIRDS,HANGING METAL RABBIT DECORATION,1
EASTER TREE YELLOW BIRDS,CHARLOTTE BAG DOLLY GIRL DESIGN,1
EDWARDIAN HEART PHOTO FRAME,EGG FRYING PAN RED,1
EDWARDIAN HEART PHOTO FRAME,FAMILY ALBUM WHITE PICTURE FRAME,1
EDWARDIAN HEART PHOTO FRAME,"BLACK TEA,COFFEE,SUGAR JARS",1
EDWARDIAN HEART PHOTO FRAME,LARGE WHITE HEART OF WICKER,1
EDWARDIAN HEART PHOTO FRAME,EMBOSSED GLASS TEALIGHT HOLDER,1
EDWARDIAN PARASOL BLACK,EDWARDIAN PARASOL NATURAL,4
EDWARDIAN PARASOL BLACK,RED RETROSPOT UMBRELLA,4
EDWARDIAN PARASOL BLACK,EDWARDIAN PARASOL RED,3
EDWARDIAN PARASOL BLACK,LUNCH BAG RED RETROSPOT,2
EDWARDIAN PARASOL BLACK,LUNCH BAG APPLE DESIGN,2
EDWARDIAN PARASOL NATURAL,RED RETROSPOT UMBRELLA,5
EDWARDIAN PARASOL NATURAL,EDWARDIAN PARASOL RED,4
EDWARDIAN PARASOL NATURAL,JUMBO BAG APPLES,4
EDWARDIAN PARASOL NATURAL,EDWARDIAN PARASOL BLACK,4
EDWARDIAN PARASOL NATURAL,PARTY METAL SIGN,3
EDWARDIAN PARASOL PINK,EDWARDIAN PARASOL BLACK,2
EDWARDIAN PARASOL PINK,EDWARDIAN PARASOL NATURAL,2
EDWARDIAN PARASOL PINK,RED RETROSPOT UMBRELLA,2
EDWARDIAN PARASOL PINK,AREA PATROLLED METAL SIGN,1
EDWARDIAN PARASOL PINK,12 PENCIL SMALL TUBE WOODLAND,1
EDWARDIAN PARASOL RED,LUNCH BAG RED RETROSPOT,4
EDWARDIAN PARASOL RED,EDWARDIAN PARASOL NATURAL,4
EDWARDIAN PARASOL RED,LUNCH BAG APPLE DESIGN,4
EDWARDIAN PARASOL RED,GIN + TONIC DIET METAL SIGN,3
EDWARDIAN PARASOL RED,LUNCH BAG CARS BLUE,3
EGG CUP MILKMAID HEIDI,EGG CUP MILKMAID INGRID,2
EGG CUP MILKMAID HEIDI,SET OF 3 WOODEN SLEIGH DECORATIONS,2
EGG CUP MILKMAID HEIDI,VINTAGE DOILY TRAVEL SEWING KIT,2
EGG CUP MILKMAID HEIDI,WOOD STOCKING CHRISTMAS SCANDISPOT,2
EGG CUP MILKMAID HEIDI,WOODEN HEART CHRISTMAS SCANDINAVIAN,2
EGG CUP MILKMAID HELGA,CHRISTMAS TREE STAR DECORATION,1
EGG CUP MILKMAID HELGA,JUMBO BAG STRAWBERRY,1
EGG CUP MILKMAID HELGA,GREEN POLKADOT BOWL,1
EGG CUP MILKMAID HELGA,GREEN REGENCY TEACUP AND SAUCER,1
EGG CUP MILKMAID HELGA,CARD CHRISTMAS VILLAGE,1
EGG CUP MILKMAID INGRID,EGG CUP MILKMAID HEIDI,2
EGG CUP MILKMAID INGRID,SET OF 3 WOODEN SLEIGH DECORATIONS,2
EGG CUP MILKMAID INGRID,VINTAGE DOILY TRAVEL SEWING KIT,2
EGG CUP MILKMAID INGRID,WOOD STOCKING CHRISTMAS SCANDISPOT,2
EGG CUP MILKMAID INGRID,WOODEN HEART CHRISTMAS SCANDINAVIAN,2
EGG FRYING PAN BLUE,EGG FRYING PAN RED,2
EGG FRYING PAN BLUE,EGG FRYING PAN IVORY,2
EGG FRYING PAN BLUE,JUMBO BAG DOLLY GIRL DESIGN,2
EGG FRYING PAN BLUE,EGG FRYING PAN PINK,2
EGG FRYING PAN BLUE,JIGSAW RABBIT AND BIRDHOUSE,1
EGG FRYING PAN IVORY,EGG FRYING PAN RED,2
EGG FRYING PAN IVORY,EGG FRYING PAN BLUE,2
EGG FRYING PAN IVORY,JUMBO BAG DOLLY GIRL DESIGN,2
EGG FRYING PAN IVORY,EGG FRYING PAN PINK,2
EGG FRYING PAN IVORY,JIGSAW RABBIT AND BIRDHOUSE,1
EGG FRYING PAN MINT,EGG FRYING PAN PINK,1
EGG FRYING PAN MINT,EGG FRYING PAN RED,1
EGG FRYING PAN MINT,JIGSAW TREE WITH BIRDHOUSE,1
EGG FRYING PAN MINT,BUBBLEGUM RING ASSORTED,1
EGG FRYING PAN MINT,BLUE CIRCLES DESIGN TEDDY,1
EGG FRYING PAN PINK,JUMBO BAG DOLLY GIRL DESIGN,2
EGG FRYING PAN PINK,EGG FRYING PAN BLUE,2
EGG FRYING PAN PINK,EGG FRYING PAN IVORY,2
EGG FRYING PAN PINK,EGG FRYING PAN RED,2
EGG FRYING PAN PINK,JIGSAW RABBIT AND BIRDHOUSE,1
EGG FRYING PAN RED,JUMBO BAG DOLLY GIRL DESIGN,3
EGG FRYING PAN RED,EGG FRYING PAN PINK,2
EGG FRYING PAN RED,EGG FRYING PAN BLUE,2
EGG FRYING PAN RED,DOLLY GIRL LUNCH BOX,2
EGG FRYING PAN RED,JUMBO SHOPPER VINTAGE RED PAISLEY,2
EIGHT PIECE SNAKE  SET,CERAMIC PIRATE CHEST MONEY BANK,2
EIGHT PIECE SNAKE  SET,BLACK ENCHANTED FOREST PLACEMAT,2
EIGHT PIECE SNAKE  SET,DOORMAT AIRMAIL,1
EIGHT PIECE SNAKE  SET,DAIRY MAID LARGE MILK JUG,1
EIGHT PIECE SNAKE  SET,KIDS RAIN MAC PINK,1
"ELEPHANT, BIRTHDAY CARD,",LUNCH BAG DOLLY GIRL DESIGN,1
"ELEPHANT, BIRTHDAY CARD,",60 CAKE CASES DOLLY GIRL DESIGN,1
"ELEPHANT, BIRTHDAY CARD,",LUNCH BAG WOODLAND,1
"ELEPHANT, BIRTHDAY CARD,",12 PENCIL SMALL TUBE WOODLAND,1
"ELEPHANT, BIRTHDAY CARD,",60 TEATIME FAIRY CAKE CASES,1
EMBOSSED GLASS TEALIGHT HOLDER,HEART CALCULATOR,1
EMBOSSED GLASS TEALIGHT HOLDER,FILIGRIS HEART WITH BUTTERFLY,1
EMBOSSED GLASS TEALIGHT HOLDER,"BLACK TEA,COFFEE,SUGAR JARS",1
EMBOSSED GLASS TEALIGHT HOLDER,EGG FRYING PAN RED,1
EMBOSSED GLASS TEALIGHT HOLDER,FAMILY ALBUM WHITE PICTURE FRAME,1
EMERGENCY FIRST AID TIN,6 RIBBONS RUSTIC CHARM,2
EMERGENCY FIRST AID TIN,ASSORTED COLOUR BIRD ORNAMENT,2
EMERGENCY FIRST AID TIN,METAL SIGN TAKE IT OR LEAVE IT,2
EMERGENCY FIRST AID TIN,FELTCRAFT DOLL ROSIE,2
EMERGENCY FIRST AID TIN,ALARM CLOCK BAKELIKE GREEN,2
EMPIRE BIRTHDAY CARD,TEA PARTY BIRTHDAY CARD,3
EMPIRE BIRTHDAY CARD,GUMBALL COAT RACK,2
EMPIRE BIRTHDAY CARD,CARD GINGHAM ROSE,2
EMPIRE BIRTHDAY CARD,72 SWEETHEART FAIRY CAKE CASES,2
EMPIRE BIRTHDAY CARD,CARD DOLLY GIRL,2
EMPIRE GIFT WRAP,50'S CHRISTMAS PAPER GIFT BAG,1
EMPIRE GIFT WRAP,3 RAFFIA RIBBONS 50'S CHRISTMAS,1
EMPIRE GIFT WRAP,3 RAFFIA RIBBONS VINTAGE CHRISTMAS,1
EMPIRE GIFT WRAP,3D CHRISTMAS STAMPS STICKERS,1
EMPIRE GIFT WRAP,BOX OF 24 COCKTAIL PARASOLS,1
EMPIRE TISSUE BOX,MOTORING TISSUE BOX,3
EMPIRE TISSUE BOX,BLUE POLKADOT BEAKER,2
EMPIRE TISSUE BOX,CHARLOTTE BAG SUKI DESIGN,2
EMPIRE TISSUE BOX,JUMBO BAG SPACEBOY DESIGN,2
EMPIRE TISSUE BOX,JUMBO STORAGE BAG SUKI,2
ENAMEL BLUE RIM BISCUIT BIN,HANGING HEART MIRROR DECORATION,1
ENAMEL BLUE RIM BISCUIT BIN,BLACK CHAMPAGNE GLASS,1
ENAMEL BLUE RIM BISCUIT BIN,CERAMIC BOWL WITH LOVE HEART DESIGN,1
ENAMEL BLUE RIM BISCUIT BIN,CHARLIE AND LOLA FIGURES TINS,1
ENAMEL BLUE RIM BISCUIT BIN,CUBIC MUG PINK POLKADOT,1
ENAMEL BREAD BIN CREAM,I'M ON HOLIDAY METAL SIGN,2
ENAMEL BREAD BIN CREAM,IVORY KITCHEN SCALES,2
ENAMEL BREAD BIN CREAM,SET/20 RED RETROSPOT PAPER NAPKINS,2
ENAMEL BREAD BIN CREAM,CHILDRENS CUTLERY POLKADOT PINK,1
ENAMEL BREAD BIN CREAM,ASSORTED COLOURS SILK FAN,1
ENAMEL COLANDER CREAM,BAKING SET 9 PIECE RETROSPOT,1
ENAMEL COLANDER CREAM,PACK OF 12 COLOURED PENCILS,1
ENAMEL COLANDER CREAM,PACK OF 12 TRADITIONAL CRAYONS,1
ENAMEL COLANDER CREAM,PACK OF 60 PINK PAISLEY CAKE CASES,1
ENAMEL COLANDER CREAM,PACK OF 72 RETROSPOT CAKE CASES,1
ENAMEL FIRE BUCKET CREAM,CARD GINGHAM ROSE,1
ENAMEL FIRE BUCKET CREAM,BLUE HAPPY BIRTHDAY BUNTING,1
ENAMEL FIRE BUCKET CREAM,GINGHAM ROSE WRAP,1
ENAMEL FIRE BUCKET CREAM,BANQUET BIRTHDAY  CARD,1
ENAMEL FIRE BUCKET CREAM,GUMBALL COAT RACK,1
ENAMEL FLOWER JUG CREAM,HAND OVER THE CHOCOLATE   SIGN,3
ENAMEL FLOWER JUG CREAM,TRIPLE HOOK ANTIQUE IVORY ROSE,2
ENAMEL FLOWER JUG CREAM,I'M ON HOLIDAY METAL SIGN,2
ENAMEL FLOWER JUG CREAM,IVORY DINER WALL CLOCK,2
ENAMEL FLOWER JUG CREAM,POTTERING IN THE SHED METAL SIGN,2
ENAMEL MEASURING JUG CREAM,ASSORTED COLOURS SILK FAN,2
ENAMEL MEASURING JUG CREAM,TRADITIONAL KNITTING NANCY,2
ENAMEL MEASURING JUG CREAM,FELTCRAFT HAIRBANDS PINK AND WHITE,1
ENAMEL MEASURING JUG CREAM,HAND WARMER OWL DESIGN,1
ENAMEL MEASURING JUG CREAM,ICE CREAM BUBBLES,1
ENAMEL WASH BOWL CREAM,6 RIBBONS ELEGANT CHRISTMAS,2
ENAMEL WASH BOWL CREAM,6 RIBBONS EMPIRE,2
ENAMEL WASH BOWL CREAM,6 RIBBONS RUSTIC CHARM,2
ENAMEL WASH BOWL CREAM,6 RIBBONS SHIMMERING PINKS,2
ENAMEL WASH BOWL CREAM,DINOSAURS  WRITING SET,2
ENCHANTED BIRD COATHANGER 5 HOOK,BLACK/BLUE POLKADOT UMBRELLA,2
ENCHANTED BIRD COATHANGER 5 HOOK,RED RETROSPOT UMBRELLA,2
ENCHANTED BIRD COATHANGER 5 HOOK,IF YOU CAN'T STAND THE HEAT MUG,1
ENCHANTED BIRD COATHANGER 5 HOOK,CREAM CUPID HEARTS COAT HANGER,1
ENCHANTED BIRD COATHANGER 5 HOOK,LUNCH BAG WOODLAND,1
ENGLISH ROSE GARDEN SECATEURS,ASS FLORAL PRINT MULTI SCREWDRIVER,3
ENGLISH ROSE GARDEN SECATEURS,BAKING SET 9 PIECE RETROSPOT,3
ENGLISH ROSE GARDEN SECATEURS,SET OF 3 CAKE TINS PANTRY DESIGN,3
ENGLISH ROSE GARDEN SECATEURS,LUNCH BAG PINK POLKADOT,2
ENGLISH ROSE GARDEN SECATEURS,ENGLISH ROSE SPIRIT LEVEL,2
ENGLISH ROSE HOT WATER BOTTLE,SCOTTIE DOG HOT WATER BOTTLE,3
ENGLISH ROSE HOT WATER BOTTLE,GREY HEART HOT WATER BOTTLE,2
ENGLISH ROSE HOT WATER BOTTLE,HOT WATER BOTTLE I AM SO POORLY,2
ENGLISH ROSE HOT WATER BOTTLE,HOT WATER BOTTLE KEEP CALM,2
ENGLISH ROSE HOT WATER BOTTLE,CHOCOLATE HOT WATER BOTTLE,2
ENGLISH ROSE NOTEBOOK A7 SIZE,LUNCH BAG SUKI DESIGN,2
ENGLISH ROSE NOTEBOOK A7 SIZE,LUNCH BAG CARS BLUE,2
ENGLISH ROSE NOTEBOOK A7 SIZE,LUNCH BAG WOODLAND,2
ENGLISH ROSE NOTEBOOK A7 SIZE,SET OF 4 PANTRY JELLY MOULDS,2
ENGLISH ROSE NOTEBOOK A7 SIZE,KITTY PENCIL ERASERS,1
ENGLISH ROSE SCENTED HANGING FLOWER,DOORMAT SPOTTY HOME SWEET HOME,1
ENGLISH ROSE SCENTED HANGING FLOWER,BLACK BIRD GARDEN DESIGN MUG,1
ENGLISH ROSE SCENTED HANGING FLOWER,FRENCH LAVENDER SCENT HEART,1
ENGLISH ROSE SCENTED HANGING FLOWER,DOORMAT FAIRY CAKE,1
ENGLISH ROSE SCENTED HANGING FLOWER,BOUDOIR SQUARE TISSUE BOX,1
ENGLISH ROSE SPIRIT LEVEL,ASS FLORAL PRINT MULTI SCREWDRIVER,2
ENGLISH ROSE SPIRIT LEVEL,ENGLISH ROSE GARDEN SECATEURS,2
ENGLISH ROSE SPIRIT LEVEL,BAKING SET 9 PIECE RETROSPOT,2
ENGLISH ROSE SPIRIT LEVEL,RED GINGHAM ROSE JEWELLERY BOX,2
ENGLISH ROSE SPIRIT LEVEL,SET OF 3 CAKE TINS PANTRY DESIGN,2
ENVELOPE 50 BLOSSOM IMAGES,JAM MAKING SET PRINTED,1
ENVELOPE 50 BLOSSOM IMAGES,JUMBO BAG DOILEY PATTERNS,1
ENVELOPE 50 BLOSSOM IMAGES,LUNCH BAG DOILEY PATTERN,1
ENVELOPE 50 BLOSSOM IMAGES,JAM JAR WITH GREEN LID,1
ENVELOPE 50 BLOSSOM IMAGES,JAM JAR WITH PINK LID,1
ESSENTIAL BALM 3.5G TIN IN ENVELOPE,HAND WARMER RED RETROSPOT,1
ESSENTIAL BALM 3.5G TIN IN ENVELOPE,CERAMIC CHERRY CAKE MONEY BANK,1
ESSENTIAL BALM 3.5G TIN IN ENVELOPE,HAND WARMER SCOTTY DOG DESIGN,1
ESSENTIAL BALM 3.5G TIN IN ENVELOPE,HAND WARMER BABUSHKA DESIGN,1
ESSENTIAL BALM 3.5G TIN IN ENVELOPE,HAND WARMER BIRD DESIGN,1
EUCALYPTUS & PINECONE  WREATH,CHRISTMAS TREE STAR DECORATION,1
EUCALYPTUS & PINECONE  WREATH,MAGIC DRAWING SLATE SPACEBOY,1
EUCALYPTUS & PINECONE  WREATH,JUMBO BAG STRAWBERRY,1
EUCALYPTUS & PINECONE  WREATH,GREEN POLKADOT BOWL,1
EUCALYPTUS & PINECONE  WREATH,CARD CHRISTMAS VILLAGE,1
FAIRY CAKE BIRTHDAY CANDLE SET,BOX OF 24 COCKTAIL PARASOLS,1
FAIRY CAKE BIRTHDAY CANDLE SET,6 EGG HOUSE PAINTED WOOD,1
FAIRY CAKE BIRTHDAY CANDLE SET,MOROCCAN TEA GLASS,1
FAIRY CAKE BIRTHDAY CANDLE SET,RED RETROSPOT BUTTER DISH,1
FAIRY CAKE BIRTHDAY CANDLE SET,RED RETROSPOT SMALL MILK JUG,1
FAIRY CAKE DESIGN UMBRELLA,PINK HEART SHAPE EGG FRYING PAN,2
FAIRY CAKE DESIGN UMBRELLA,RED RETROSPOT MUG,2
FAIRY CAKE DESIGN UMBRELLA,SET OF 3 HEART COOKIE CUTTERS,2
FAIRY CAKE DESIGN UMBRELLA,SKULL SHOULDER BAG,2
FAIRY CAKE DESIGN UMBRELLA,SWEETHEART CERAMIC TRINKET BOX,2
FAIRY CAKE FLANNEL ASSORTED COLOUR,DOORMAT UNION FLAG,2
FAIRY CAKE FLANNEL ASSORTED COLOUR,DOG BOWL VINTAGE CREAM,1
FAIRY CAKE FLANNEL ASSORTED COLOUR,LARGE CAKE TOWEL PINK SPOTS,1
FAIRY CAKE FLANNEL ASSORTED COLOUR,COOK WITH WINE METAL SIGN,1
FAIRY CAKE FLANNEL ASSORTED COLOUR,HOT WATER BOTTLE KEEP CALM,1
FAIRY CAKES NOTEBOOK A6 SIZE,HANGING QUILTED PATCHWORK APPLES,1
FAIRY CAKES NOTEBOOK A6 SIZE,BROWN CHECK CAT DOORSTOP,1
FAIRY CAKES NOTEBOOK A6 SIZE,LOVEBIRD HANGING DECORATION WHITE,1
FAIRY CAKES NOTEBOOK A6 SIZE,IVORY SWEETHEART WIRE LETTER RACK,1
FAIRY CAKES NOTEBOOK A6 SIZE,ENGLISH ROSE GARDEN SECATEURS,1
FAIRY TALE COTTAGE NIGHT LIGHT,CLASSIC GLASS COOKIE JAR,1
FAIRY TALE COTTAGE NIGHT LIGHT,DOLLY GIRL MINI BACKPACK,1
FAIRY TALE COTTAGE NIGHT LIGHT,ALARM CLOCK BAKELIKE GREEN,1
FAIRY TALE COTTAGE NIGHT LIGHT,GLASS CLOCHE SMALL,1
FAIRY TALE COTTAGE NIGHT LIGHT,LUNCH BOX I LOVE LONDON,1
FAIRY TALE COTTAGE NIGHTLIGHT,MAKE YOUR OWN MONSOON CARD KIT,1
FAIRY TALE COTTAGE NIGHTLIGHT,MAGIC DRAWING SLATE CIRCUS PARADE,1
FAIRY TALE COTTAGE NIGHTLIGHT,ALPHABET STENCIL CRAFT,1
FAIRY TALE COTTAGE NIGHTLIGHT,HAPPY STENCIL CRAFT,1
FAIRY TALE COTTAGE NIGHTLIGHT,DINOSAUR PARTY BAG + STICKER SET,1
FAMILY ALBUM WHITE PICTURE FRAME,SMALL WHITE HEART OF WICKER,4
FAMILY ALBUM WHITE PICTURE FRAME,WOODEN PICTURE FRAME WHITE FINISH,3
FAMILY ALBUM WHITE PICTURE FRAME,WOODEN FRAME ANTIQUE WHITE,3
FAMILY ALBUM WHITE PICTURE FRAME,HEART OF WICKER SMALL,3
FAMILY ALBUM WHITE PICTURE FRAME,3 HOOK PHOTO SHELF ANTIQUE WHITE,3
"FANCY FONT BIRTHDAY CARD,",GUMBALL COAT RACK,2
"FANCY FONT BIRTHDAY CARD,",CARD GINGHAM ROSE,2
"FANCY FONT BIRTHDAY CARD,",SWALLOWS GREETING CARD,2
"FANCY FONT BIRTHDAY CARD,",VICTORIAN GLASS HANGING T-LIGHT,2
"FANCY FONT BIRTHDAY CARD,",WORLD WAR 2 GLIDERS ASSTD DESIGNS,2
FANCY FONTS BIRTHDAY WRAP,CHOCOLATE CALCULATOR,1
FANCY FONTS BIRTHDAY WRAP,DOORMAT FANCY FONT HOME SWEET HOME,1
FANCY FONTS BIRTHDAY WRAP,DOORMAT HEARTS,1
FANCY FONTS BIRTHDAY WRAP,12 PENCIL SMALL TUBE WOODLAND,1
FANCY FONTS BIRTHDAY WRAP,GIN + TONIC DIET METAL SIGN,1
FANNY'S REST STOPMETAL SIGN,LAUNDRY 15C METAL SIGN,1
FANNY'S REST STOPMETAL SIGN,60 CAKE CASES DOLLY GIRL DESIGN,1
FANNY'S REST STOPMETAL SIGN,LUNCH BAG DOLLY GIRL DESIGN,1
FANNY'S REST STOPMETAL SIGN,12 PENCIL SMALL TUBE WOODLAND,1
FANNY'S REST STOPMETAL SIGN,60 TEATIME FAIRY CAKE CASES,1
FAWN BLUE HOT WATER BOTTLE,LUNCH BAG SPACEBOY DESIGN,3
FAWN BLUE HOT WATER BOTTLE,LUNCH BAG PINK POLKADOT,2
FAWN BLUE HOT WATER BOTTLE,CHOCOLATE HOT WATER BOTTLE,2
FAWN BLUE HOT WATER BOTTLE,HOT BATHS METAL SIGN,2
FAWN BLUE HOT WATER BOTTLE,CHILDRENS CUTLERY POLKADOT PINK,2
"FEATHER PEN,HOT PINK",CHRISTMAS TREE STAR DECORATION,1
"FEATHER PEN,HOT PINK",MAGIC DRAWING SLATE SPACEBOY,1
"FEATHER PEN,HOT PINK",JUMBO BAG STRAWBERRY,1
"FEATHER PEN,HOT PINK",GREEN POLKADOT BOWL,1
"FEATHER PEN,HOT PINK",CARD CHRISTMAS VILLAGE,1
FELT EGG COSY CHICKEN,EDWARDIAN PARASOL NATURAL,1
FELT EGG COSY CHICKEN,6 EGG HOUSE PAINTED WOOD,1
FELT EGG COSY CHICKEN,EDWARDIAN PARASOL PINK,1
FELT EGG COSY CHICKEN,FELT EGG COSY WHITE RABBIT,1
FELT EGG COSY CHICKEN,ILLUSTRATED CAT BOWL,1
FELT EGG COSY WHITE RABBIT,EDWARDIAN PARASOL NATURAL,1
FELT EGG COSY WHITE RABBIT,6 EGG HOUSE PAINTED WOOD,1
FELT EGG COSY WHITE RABBIT,EDWARDIAN PARASOL PINK,1
FELT EGG COSY WHITE RABBIT,FELT EGG COSY CHICKEN,1
FELT EGG COSY WHITE RABBIT,ILLUSTRATED CAT BOWL,1
FELT TOADSTOOL LARGE,CHILDS BREAKFAST SET CIRCUS PARADE,1
FELT TOADSTOOL LARGE,HANGING JAM JAR T-LIGHT HOLDER,1
FELT TOADSTOOL LARGE,EASTER TIN BUNNY BOUQUET,1
FELT TOADSTOOL LARGE,FELTCRAFT CUSHION OWL,1
FELT TOADSTOOL LARGE,3 PIECE SPACEBOY COOKIE CUTTER SET,1
FELTCRAFT 6 FLOWER FRIENDS,SPOTTY BUNTING,3
FELTCRAFT 6 FLOWER FRIENDS,PINK CREAM FELT CRAFT TRINKET BOX,3
FELTCRAFT 6 FLOWER FRIENDS,RED RETROSPOT PICNIC BAG,2
FELTCRAFT 6 FLOWER FRIENDS,SET/3 RED GINGHAM ROSE STORAGE BOX,2
FELTCRAFT 6 FLOWER FRIENDS,RED RETROSPOT UMBRELLA,2
FELTCRAFT BUTTERFLY HEARTS,GINGERBREAD MAN COOKIE CUTTER,3
FELTCRAFT BUTTERFLY HEARTS,PINK CREAM FELT CRAFT TRINKET BOX,3
FELTCRAFT BUTTERFLY HEARTS,FELTCRAFT 6 FLOWER FRIENDS,2
FELTCRAFT BUTTERFLY HEARTS,ENAMEL FLOWER JUG CREAM,2
FELTCRAFT BUTTERFLY HEARTS,FELTCRAFT CHRISTMAS FAIRY,2
FELTCRAFT CHRISTMAS FAIRY,BALLOONS  WRITING SET,2
FELTCRAFT CHRISTMAS FAIRY,CHILDRENS CUTLERY SPACEBOY,2
FELTCRAFT CHRISTMAS FAIRY,HAND WARMER BIRD DESIGN,2
FELTCRAFT CHRISTMAS FAIRY,GINGERBREAD MAN COOKIE CUTTER,2
FELTCRAFT CHRISTMAS FAIRY,3 PIECE SPACEBOY COOKIE CUTTER SET,2
FELTCRAFT CUSHION BUTTERFLY,HAND WARMER OWL DESIGN,2
FELTCRAFT CUSHION BUTTERFLY,GINGERBREAD MAN COOKIE CUTTER,2
FELTCRAFT CUSHION BUTTERFLY,GARDENERS KNEELING PAD CUP OF TEA,2
FELTCRAFT CUSHION BUTTERFLY,FELTCRAFT BUTTERFLY HEARTS,2
FELTCRAFT CUSHION BUTTERFLY,HAND WARMER BABUSHKA DESIGN,2
FELTCRAFT CUSHION OWL,4 PINK DINNER CANDLE SILVER FLOCK,1
FELTCRAFT CUSHION OWL,CHRISTMAS LIGHTS 10 REINDEER,1
FELTCRAFT CUSHION OWL,3 PIECE SPACEBOY COOKIE CUTTER SET,1
FELTCRAFT CUSHION OWL,4 PURPLE FLOCK DINNER CANDLES,1
FELTCRAFT CUSHION OWL,FELTCRAFT DOLL ROSIE,1
FELTCRAFT CUSHION RABBIT,PINK CREAM FELT CRAFT TRINKET BOX,3
FELTCRAFT CUSHION RABBIT,FELTCRAFT BUTTERFLY HEARTS,2
FELTCRAFT CUSHION RABBIT,FELTCRAFT CUSHION BUTTERFLY,2
FELTCRAFT CUSHION RABBIT,FELTCRAFT DOLL MOLLY,1
FELTCRAFT CUSHION RABBIT,KNICKERBOCKERGLORY MAGNET ASSORTED,1
FELTCRAFT DOLL EMILY,FELTCRAFT DOLL ROSIE,4
FELTCRAFT DOLL EMILY,BATHROOM METAL SIGN,2
FELTCRAFT DOLL EMILY,FELTCRAFT PRINCESS LOLA DOLL,2
FELTCRAFT DOLL EMILY,FELTCRAFT DOLL MOLLY,2
FELTCRAFT DOLL EMILY,6 GIFT TAGS 50'S CHRISTMAS,2
FELTCRAFT DOLL MOLLY,FELTCRAFT DOLL ROSIE,3
FELTCRAFT DOLL MOLLY,RED TOADSTOOL LED NIGHT LIGHT,3
FELTCRAFT DOLL MOLLY,WHITE SKULL HOT WATER BOTTLE,3
FELTCRAFT DOLL MOLLY,PINK BLUE FELT CRAFT TRINKET BOX,3
FELTCRAFT DOLL MOLLY,HAPPY STENCIL CRAFT,2
FELTCRAFT DOLL ROSIE,FELTCRAFT DOLL EMILY,4
FELTCRAFT DOLL ROSIE,FELTCRAFT DOLL MOLLY,3
FELTCRAFT DOLL ROSIE,JUMBO STORAGE BAG SUKI,2
FELTCRAFT DOLL ROSIE,JUMBO BAG 50'S CHRISTMAS,2
FELTCRAFT DOLL ROSIE,36 PENCILS TUBE WOODLAND,2
FELTCRAFT GIRL AMELIE KIT,FELTCRAFT GIRL NICOLE KIT,2
FELTCRAFT GIRL AMELIE KIT,DOILEY STORAGE TIN,1
FELTCRAFT GIRL AMELIE KIT,FELTCRAFT PRINCESS LOLA DOLL,1
FELTCRAFT GIRL AMELIE KIT,CLASSIC SUGAR DISPENSER,1
FELTCRAFT GIRL AMELIE KIT,FELTCRAFT DOLL EMILY,1
FELTCRAFT GIRL NICOLE KIT,ALPHABET STENCIL CRAFT,2
FELTCRAFT GIRL NICOLE KIT,FELTCRAFT GIRL AMELIE KIT,2
FELTCRAFT GIRL NICOLE KIT,HAPPY STENCIL CRAFT,2
FELTCRAFT GIRL NICOLE KIT,PICTURE DOMINOES,2
FELTCRAFT GIRL NICOLE KIT,BUNDLE OF 3 SCHOOL EXERCISE BOOKS,1
FELTCRAFT HAIRBAND PINK AND BLUE,GINGERBREAD MAN COOKIE CUTTER,2
FELTCRAFT HAIRBAND PINK AND BLUE,DOLLY GIRL MINI BACKPACK,2
FELTCRAFT HAIRBAND PINK AND BLUE,RED GINGHAM ROSE JEWELLERY BOX,2
FELTCRAFT HAIRBAND PINK AND BLUE,ROUND SNACK BOXES SET OF4 WOODLAND,2
FELTCRAFT HAIRBAND PINK AND BLUE,SET OF 4 KNICK KNACK TINS DOILY,2
FELTCRAFT HAIRBAND PINK AND PURPLE,ICE CREAM BUBBLES,1
FELTCRAFT HAIRBAND PINK AND PURPLE,MAGNETS PACK OF 4 RETRO PHOTO,1
FELTCRAFT HAIRBAND PINK AND PURPLE,HEART OF WICKER SMALL,1
FELTCRAFT HAIRBAND PINK AND PURPLE,ANTIQUE SILVER BAUBLE LAMP,1
FELTCRAFT HAIRBAND PINK AND PURPLE,GARDENERS KNEELING PAD CUP OF TEA,1
FELTCRAFT HAIRBAND RED AND BLUE,ICE CREAM BUBBLES,1
FELTCRAFT HAIRBAND RED AND BLUE,MAGNETS PACK OF 4 RETRO PHOTO,1
FELTCRAFT HAIRBAND RED AND BLUE,HEART OF WICKER SMALL,1
FELTCRAFT HAIRBAND RED AND BLUE,ANTIQUE SILVER BAUBLE LAMP,1
FELTCRAFT HAIRBAND RED AND BLUE,GARDENERS KNEELING PAD CUP OF TEA,1
FELTCRAFT HAIRBANDS PINK AND WHITE,FELTCRAFT CUSHION BUTTERFLY,2
FELTCRAFT HAIRBANDS PINK AND WHITE,JUMBO BAG VINTAGE CHRISTMAS,1
FELTCRAFT HAIRBANDS PINK AND WHITE,DOORMAT SPOTTY HOME SWEET HOME,1
FELTCRAFT HAIRBANDS PINK AND WHITE,BLACK MEDIUM GLASS CAKE STAND,1
FELTCRAFT HAIRBANDS PINK AND WHITE,DOORMAT UNION FLAG,1
FELTCRAFT PRINCESS CHARLOTTE DOLL,FELTCRAFT PRINCESS LOLA DOLL,4
FELTCRAFT PRINCESS CHARLOTTE DOLL,LUNCH BAG  BLACK SKULL.,3
FELTCRAFT PRINCESS CHARLOTTE DOLL,LUNCH BAG SUKI DESIGN,3
FELTCRAFT PRINCESS CHARLOTTE DOLL,DOLLY GIRL MINI BACKPACK,2
FELTCRAFT PRINCESS CHARLOTTE DOLL,LUNCH BAG SPACEBOY DESIGN,2
FELTCRAFT PRINCESS LOLA DOLL,LUNCH BAG SUKI DESIGN,4
FELTCRAFT PRINCESS LOLA DOLL,FELTCRAFT PRINCESS CHARLOTTE DOLL,4
FELTCRAFT PRINCESS LOLA DOLL,ALARM CLOCK BAKELIKE RED,3
FELTCRAFT PRINCESS LOLA DOLL,ALARM CLOCK BAKELIKE PINK,3
FELTCRAFT PRINCESS LOLA DOLL,LUNCH BAG ALPHABET DESIGN,3
FELTCRAFT PRINCESS OLIVIA DOLL,BALLOONS  WRITING SET,2
FELTCRAFT PRINCESS OLIVIA DOLL,LUNCH BAG SUKI DESIGN,2
FELTCRAFT PRINCESS OLIVIA DOLL,LUNCH BAG  BLACK SKULL.,2
FELTCRAFT PRINCESS OLIVIA DOLL,PINK CREAM FELT CRAFT TRINKET BOX,2
FELTCRAFT PRINCESS OLIVIA DOLL,LUNCH BAG WOODLAND,1
FENG SHUI PILLAR CANDLE,BUNNY EGG GARLAND,1
FENG SHUI PILLAR CANDLE,EASTER BUNNY GARLAND OF FLOWERS,1
FENG SHUI PILLAR CANDLE,GARLAND WOODEN HAPPY EASTER,1
FENG SHUI PILLAR CANDLE,HANGING WOOD AND FELT BUTTERFLY,1
FENG SHUI PILLAR CANDLE,ASSORTED EASTER DECORATIONS  BELLS,1
FILIGREE HEART BIRD WHITE,HEART DECORATION RUSTIC HANGING,2
FILIGREE HEART BIRD WHITE,SET OF 3 CAKE TINS PANTRY DESIGN,2
FILIGREE HEART BIRD WHITE,SET OF 3 WOODEN HEART DECORATIONS,2
FILIGREE HEART BIRD WHITE,COLUMBIAN CANDLE ROUND,1
FILIGREE HEART BIRD WHITE,FOLDING BUTTERFLY MIRROR IVORY,1
FILIGREE HEART DAISY WHITE,GREEN REGENCY TEACUP AND SAUCER,1
FILIGREE HEART DAISY WHITE,HANGING SPRING FLOWER EGG SMALL,1
FILIGREE HEART DAISY WHITE,IVORY HANGING DECORATION  EGG,1
FILIGREE HEART DAISY WHITE,CLEAR DRAWER KNOB ACRYLIC EDWARDIAN,1
FILIGREE HEART DAISY WHITE,FILIGREE HEART BIRD WHITE,1
FILIGRIS HEART WITH BUTTERFLY,GUMBALL COAT RACK,2
FILIGRIS HEART WITH BUTTERFLY,LUNCH BAG PINK POLKADOT,2
FILIGRIS HEART WITH BUTTERFLY,HEART IVORY TRELLIS SMALL,2
FILIGRIS HEART WITH BUTTERFLY,SET OF 3 NOTEBOOKS IN PARCEL,2
FILIGRIS HEART WITH BUTTERFLY,WOODEN FRAME ANTIQUE WHITE,2
FINE WICKER HEART,GINGHAM ROSE WRAP,1
FINE WICKER HEART,FLUTED ANTIQUE CANDLE HOLDER,1
FINE WICKER HEART,NATURAL SLATE HEART CHALKBOARD,1
FINE WICKER HEART,T-LIGHT GLASS FLUTED ANTIQUE,1
FIRST AID TIN,ENAMEL WASH BOWL CREAM,1
FIRST AID TIN,JUMBO STORAGE BAG SUKI,1
FIRST AID TIN,LUNCH BAG  BLACK SKULL.,1
FIRST AID TIN,DOORMAT RED RETROSPOT,1
FIRST AID TIN,CHILDRENS APRON SPACEBOY DESIGN,1
FIVE HEART HANGING DECORATION,CERAMIC LOVE HEART MONEY BANK,1
FIVE HEART HANGING DECORATION,CERAMIC PIRATE CHEST MONEY BANK,1
FIVE HEART HANGING DECORATION,CERAMIC STRAWBERRY CAKE MONEY BANK,1
FIVE HEART HANGING DECORATION,LARGE CAKE STAND HANGING HEARTS,1
FIVE HEART HANGING DECORATION,CERAMIC STRAWBERRY MONEY BOX,1
FLOOR LAMP SHADE WOOD BASE,BREAD BIN DINER STYLE PINK,1
FLOOR LAMP SHADE WOOD BASE,GLASS  BEURRE DISH,1
FLOOR LAMP SHADE WOOD BASE,GUMBALL MAGAZINE RACK,1
FLOOR LAMP SHADE WOOD BASE,GUMBALL MONOCHROME COAT RACK,1
FLOOR LAMP SHADE WOOD BASE,BREAD BIN DINER STYLE MINT,1
FLORAL FOLK STATIONERY SET,BOHEMIAN COLLAGE STATIONERY SET,1
FLORAL FOLK STATIONERY SET,LUNCH BAG  BLACK SKULL.,1
FLORAL FOLK STATIONERY SET,6 GIFT TAGS 50'S CHRISTMAS,1
FLORAL FOLK STATIONERY SET,FELTCRAFT PRINCESS OLIVIA DOLL,1
FLORAL FOLK STATIONERY SET,LUNCH BOX WITH CUTLERY RETROSPOT,1
FLUTED ANTIQUE CANDLE HOLDER,GINGHAM ROSE WRAP,1
FLUTED ANTIQUE CANDLE HOLDER,EDWARDIAN PARASOL NATURAL,1
FLUTED ANTIQUE CANDLE HOLDER,FINE WICKER HEART,1
FLUTED ANTIQUE CANDLE HOLDER,AGED GLASS SILVER T-LIGHT HOLDER,1
FLUTED ANTIQUE CANDLE HOLDER,NATURAL SLATE HEART CHALKBOARD,1
FLYING PIG WATERING CAN,CHRISTMAS LIGHTS 10 REINDEER,1
FLYING PIG WATERING CAN,CARD HOLDER GINGHAM HEART,1
FLYING PIG WATERING CAN,CERAMIC STRAWBERRY TRINKET TRAY,1
FLYING PIG WATERING CAN,GREEN POLKADOT BOWL,1
FLYING PIG WATERING CAN,12 PENCILS SMALL TUBE RED RETROSPOT,1
FOLDING BUTTERFLY MIRROR HOT PINK,4 TRADITIONAL SPINNING TOPS,2
FOLDING BUTTERFLY MIRROR HOT PINK,TRADITIONAL MODELLING CLAY,2
FOLDING BUTTERFLY MIRROR HOT PINK,TRADITIONAL WOODEN SKIPPING ROPE,2
FOLDING BUTTERFLY MIRROR HOT PINK,LARGE PURPLE BABUSHKA NOTEBOOK,1
FOLDING BUTTERFLY MIRROR HOT PINK,DOGGY RUBBER,1
FOLDING BUTTERFLY MIRROR IVORY,BROWN CHECK CAT DOORSTOP,1
FOLDING BUTTERFLY MIRROR IVORY,JAZZ HEARTS ADDRESS BOOK,1
FOLDING BUTTERFLY MIRROR IVORY,BAKING SET 9 PIECE RETROSPOT,1
FOLDING BUTTERFLY MIRROR IVORY,IVORY SWEETHEART WIRE LETTER RACK,1
FOLDING BUTTERFLY MIRROR IVORY,ANGEL DECORATION 3 BUTTONS,1
FOLK ART METAL STAR T-LIGHT HOLDER,CHRISTMAS TREE STAR DECORATION,1
FOLK ART METAL STAR T-LIGHT HOLDER,LUNCH BAG VINTAGE DOILY,1
FOLK ART METAL STAR T-LIGHT HOLDER,MAGIC DRAWING SLATE SPACEBOY,1
FOLK ART METAL STAR T-LIGHT HOLDER,JUMBO BAG STRAWBERRY,1
FOLK ART METAL STAR T-LIGHT HOLDER,CARD CHRISTMAS VILLAGE,1
FOLKART CLIP ON STARS,EASTER DECORATION EGG BUNNY,1
FOLKART CLIP ON STARS,CLOTHES PEGS RETROSPOT PACK 24,1
FOLKART CLIP ON STARS,EASTER DECORATION HANGING BUNNY,1
FOLKART CLIP ON STARS,FAMILY ALBUM WHITE PICTURE FRAME,1
FOLKART CLIP ON STARS,IVORY STRING CURTAIN WITH POLE,1
FOLKART HEART NAPKIN RINGS,LOVE BUILDING BLOCK WORD,2
FOLKART HEART NAPKIN RINGS,POTTERING IN THE SHED METAL SIGN,2
FOLKART HEART NAPKIN RINGS,DOORMAT SPOTTY HOME SWEET HOME,1
FOLKART HEART NAPKIN RINGS,COOK WITH WINE METAL SIGN,1
FOLKART HEART NAPKIN RINGS,BEWARE OF THE CAT METAL SIGN,1
FOLKART STAR CHRISTMAS DECORATIONS,EASTER DECORATION EGG BUNNY,1
FOLKART STAR CHRISTMAS DECORATIONS,CLOTHES PEGS RETROSPOT PACK 24,1
FOLKART STAR CHRISTMAS DECORATIONS,EASTER DECORATION HANGING BUNNY,1
FOLKART STAR CHRISTMAS DECORATIONS,FAMILY ALBUM WHITE PICTURE FRAME,1
FOLKART STAR CHRISTMAS DECORATIONS,IVORY STRING CURTAIN WITH POLE,1
FOLKART ZINC HEART CHRISTMAS DEC,HEART T-LIGHT HOLDER WILLIE WINKIE,1
FOLKART ZINC HEART CHRISTMAS DEC,BROWN CHECK CAT DOORSTOP,1
FOLKART ZINC HEART CHRISTMAS DEC,ILLUSTRATED CAT BOWL,1
FOLKART ZINC HEART CHRISTMAS DEC,FOLDING BUTTERFLY MIRROR IVORY,1
FOLKART ZINC HEART CHRISTMAS DEC,ENGLISH ROSE GARDEN SECATEURS,1
FOOD/DRINK SPONGE STICKERS,KITTY PENCIL ERASERS,2
FOOD/DRINK SPONGE STICKERS,SET OF 20 KIDS COOKIE CUTTERS,2
FOOD/DRINK SPONGE STICKERS,FELTCRAFT GIRL NICOLE KIT,1
FOOD/DRINK SPONGE STICKERS,DINOSAUR PARTY BAG + STICKER SET,1
FOOD/DRINK SPONGE STICKERS,MAKE YOUR OWN PLAYTIME CARD KIT,1
FOOT STOOL HOME SWEET HOME,CHRISTMAS TREE STAR DECORATION,1
FOOT STOOL HOME SWEET HOME,LUNCH BAG VINTAGE DOILY,1
FOOT STOOL HOME SWEET HOME,MAGIC DRAWING SLATE SPACEBOY,1
FOOT STOOL HOME SWEET HOME,JUMBO BAG STRAWBERRY,1
FOOT STOOL HOME SWEET HOME,CARD CHRISTMAS VILLAGE,1
FOUR HOOK  WHITE LOVEBIRDS,GUMBALL COAT RACK,2
FOUR HOOK  WHITE LOVEBIRDS,NATURAL SLATE HEART CHALKBOARD,2
FOUR HOOK  WHITE LOVEBIRDS,PARTY METAL SIGN,2
FOUR HOOK  WHITE LOVEBIRDS,TWO DOOR CURIO CABINET,2
FOUR HOOK  WHITE LOVEBIRDS,VINTAGE BILLBOARD DRINK ME MUG,2
FRENCH BATHROOM SIGN BLUE METAL,JUMBO STORAGE BAG SUKI,2
FRENCH BATHROOM SIGN BLUE METAL,JUMBO BAG RED RETROSPOT,2
FRENCH BATHROOM SIGN BLUE METAL,RED SPOTTY BISCUIT TIN,2
FRENCH BATHROOM SIGN BLUE METAL,HERB MARKER CHIVES,1
FRENCH BATHROOM SIGN BLUE METAL,HERB MARKER MINT,1
FRENCH BLUE METAL DOOR SIGN 0,FRENCH BLUE METAL DOOR SIGN 2,2
FRENCH BLUE METAL DOOR SIGN 0,JUMBO BAG WOODLAND ANIMALS,1
FRENCH BLUE METAL DOOR SIGN 0,FRENCH BLUE METAL DOOR SIGN NO,1
FRENCH BLUE METAL DOOR SIGN 0,FRENCH ENAMEL CANDLEHOLDER,1
FRENCH BLUE METAL DOOR SIGN 0,JUMBO SHOPPER VINTAGE RED PAISLEY,1
FRENCH BLUE METAL DOOR SIGN 1,FRENCH BLUE METAL DOOR SIGN 2,2
FRENCH BLUE METAL DOOR SIGN 1,CLEAR DRAWER KNOB ACRYLIC EDWARDIAN,2
FRENCH BLUE METAL DOOR SIGN 1,AREA PATROLLED METAL SIGN,2
FRENCH BLUE METAL DOOR SIGN 1,BUTTON BOX,2
FRENCH BLUE METAL DOOR SIGN 1,DOORMAT HEARTS,2
FRENCH BLUE METAL DOOR SIGN 2,CREAM HEART CARD HOLDER,2
FRENCH BLUE METAL DOOR SIGN 2,FRENCH BLUE METAL DOOR SIGN 0,2
FRENCH BLUE METAL DOOR SIGN 2,FRENCH BLUE METAL DOOR SIGN 1,2
FRENCH BLUE METAL DOOR SIGN 2,PINK FAIRY CAKE CHILDRENS APRON,2
FRENCH BLUE METAL DOOR SIGN 2,SET OF 6 SPICE TINS PANTRY DESIGN,2
FRENCH BLUE METAL DOOR SIGN 4,FRENCH BLUE METAL DOOR SIGN 2,1
FRENCH BLUE METAL DOOR SIGN 4,LARGE POPCORN HOLDER,1
FRENCH BLUE METAL DOOR SIGN 4,BAKING MOULD EASTER EGG MILK CHOC,1
FRENCH BLUE METAL DOOR SIGN 4,BAKING MOULD EASTER EGG WHITE CHOC,1
FRENCH BLUE METAL DOOR SIGN 4,BAKING MOULD TOFFEE CUP CHOCOLATE,1
FRENCH BLUE METAL DOOR SIGN 5,JUMBO BAG RED RETROSPOT,1
FRENCH BLUE METAL DOOR SIGN 5,AREA PATROLLED METAL SIGN,1
FRENCH BLUE METAL DOOR SIGN 5,HELLO SAILOR BLUE SOAP HOLDER,1
FRENCH BLUE METAL DOOR SIGN 5,JUMBO BAG SCANDINAVIAN BLUE PAISLEY,1
FRENCH BLUE METAL DOOR SIGN 5,LUNCH BAG VINTAGE LEAF DESIGN,1
FRENCH BLUE METAL DOOR SIGN 6,LUNCH BAG  BLACK SKULL.,1
FRENCH BLUE METAL DOOR SIGN 6,BISCUIT TIN VINTAGE CHRISTMAS,1
FRENCH BLUE METAL DOOR SIGN 6,CERAMIC PIRATE CHEST MONEY BANK,1
FRENCH BLUE METAL DOOR SIGN 6,"FEATHER PEN,HOT PINK",1
FRENCH BLUE METAL DOOR SIGN 6,HOME SWEET HOME BOTTLE,1
FRENCH BLUE METAL DOOR SIGN 7,JUMBO BAG RED RETROSPOT,1
FRENCH BLUE METAL DOOR SIGN 7,JUMBO STORAGE BAG SUKI,1
FRENCH BLUE METAL DOOR SIGN 7,JUMBO BAG VINTAGE LEAF,1
FRENCH BLUE METAL DOOR SIGN 7,LUNCH BAG DOILEY PATTERN,1
FRENCH BLUE METAL DOOR SIGN 7,FRENCH BATHROOM SIGN BLUE METAL,1
FRENCH BLUE METAL DOOR SIGN 8,CHRISTMAS TREE STAR DECORATION,1
FRENCH BLUE METAL DOOR SIGN 8,LUNCH BAG VINTAGE DOILY,1
FRENCH BLUE METAL DOOR SIGN 8,MAGIC DRAWING SLATE SPACEBOY,1
FRENCH BLUE METAL DOOR SIGN 8,JUMBO BAG STRAWBERRY,1
FRENCH BLUE METAL DOOR SIGN 8,CARD CHRISTMAS VILLAGE,1
FRENCH BLUE METAL DOOR SIGN 9,BATHROOM METAL SIGN,2
FRENCH BLUE METAL DOOR SIGN 9,TEA COSY RED  STRIPE,2
FRENCH BLUE METAL DOOR SIGN 9,HANGING QUILTED PATCHWORK APPLES,1
FRENCH BLUE METAL DOOR SIGN 9,72 SWEETHEART FAIRY CAKE CASES,1
FRENCH BLUE METAL DOOR SIGN 9,DOORMAT AIRMAIL,1
FRENCH BLUE METAL DOOR SIGN NO,FRENCH BLUE METAL DOOR SIGN 2,1
FRENCH BLUE METAL DOOR SIGN NO,FRENCH BLUE METAL DOOR SIGN 4,1
FRENCH BLUE METAL DOOR SIGN NO,BAKING MOULD EASTER EGG MILK CHOC,1
FRENCH BLUE METAL DOOR SIGN NO,BAKING MOULD EASTER EGG WHITE CHOC,1
FRENCH BLUE METAL DOOR SIGN NO,BAKING MOULD TOFFEE CUP CHOCOLATE,1
FRENCH ENAMEL CANDLEHOLDER,HEART OF WICKER SMALL,3
FRENCH ENAMEL CANDLEHOLDER,CARAVAN SQUARE TISSUE BOX,2
FRENCH ENAMEL CANDLEHOLDER,DRAWER KNOB CRACKLE GLAZE IVORY,2
FRENCH ENAMEL CANDLEHOLDER,LOVE BUILDING BLOCK WORD,2
FRENCH ENAMEL CANDLEHOLDER,METAL 4 HOOK HANGER FRENCH CHATEAU,2
FRENCH ENAMEL POT W LID,CHRISTMAS TREE STAR DECORATION,1
FRENCH ENAMEL POT W LID,LUNCH BAG VINTAGE DOILY,1
FRENCH ENAMEL POT W LID,MAGIC DRAWING SLATE SPACEBOY,1
FRENCH ENAMEL POT W LID,JUMBO BAG STRAWBERRY,1
FRENCH ENAMEL POT W LID,CARD CHRISTMAS VILLAGE,1
FRENCH ENAMEL WATER BASIN,LUNCH BAG CARS BLUE,1
FRENCH ENAMEL WATER BASIN,CARROT CHARLIE+LOLA COASTER SET,1
FRENCH ENAMEL WATER BASIN,LUNCH BAG DOILEY PATTERN,1
FRENCH ENAMEL WATER BASIN,LUNCH BOX WITH CUTLERY RETROSPOT,1
FRENCH ENAMEL WATER BASIN,ALARM CLOCK BAKELIKE CHOCOLATE,1
FRENCH FLORAL CUSHION COVER,HEART IVORY TRELLIS LARGE,1
FRENCH FLORAL CUSHION COVER,DOG TOY WITH PINK CROCHET SKIRT,1
FRENCH FLORAL CUSHION COVER,BEACH HUT SHELF W 3 DRAWERS,1
FRENCH FLORAL CUSHION COVER,HAND OVER THE CHOCOLATE   SIGN,1
FRENCH FLORAL CUSHION COVER,COOK WITH WINE METAL SIGN,1
FRENCH GARDEN SIGN BLUE METAL,HERB MARKER ROSEMARY,1
FRENCH GARDEN SIGN BLUE METAL,HERB MARKER BASIL,1
FRENCH GARDEN SIGN BLUE METAL,FRENCH BATHROOM SIGN BLUE METAL,1
FRENCH GARDEN SIGN BLUE METAL,HERB MARKER CHIVES,1
FRENCH GARDEN SIGN BLUE METAL,FRENCH WC SIGN BLUE METAL,1
FRENCH KITCHEN SIGN BLUE METAL,LUNCH BAG SPACEBOY DESIGN,1
FRENCH KITCHEN SIGN BLUE METAL,60 CAKE CASES DOLLY GIRL DESIGN,1
FRENCH KITCHEN SIGN BLUE METAL,ICON MUG REVOLUTIONARY,1
FRENCH KITCHEN SIGN BLUE METAL,12 PENCIL SMALL TUBE WOODLAND,1
FRENCH KITCHEN SIGN BLUE METAL,60 TEATIME FAIRY CAKE CASES,1
FRENCH LATTICE CUSHION COVER,LUNCH BAG WOODLAND,1
FRENCH LATTICE CUSHION COVER,JUMBO BAG WOODLAND ANIMALS,1
FRENCH LATTICE CUSHION COVER,JUMBO SHOPPER VINTAGE RED PAISLEY,1
FRENCH LATTICE CUSHION COVER,JUMBO STORAGE BAG SKULLS,1
FRENCH LATTICE CUSHION COVER,JUMBO  BAG BAROQUE BLACK WHITE,1
FRENCH LAUNDRY SIGN BLUE METAL,WHITE HANGING HEART T-LIGHT HOLDER,2
FRENCH LAUNDRY SIGN BLUE METAL,FRENCH BLUE METAL DOOR SIGN 7,1
FRENCH LAUNDRY SIGN BLUE METAL,ALARM CLOCK BAKELIKE PINK,1
FRENCH LAUNDRY SIGN BLUE METAL,ALARM CLOCK BAKELIKE RED,1
FRENCH LAUNDRY SIGN BLUE METAL,BULL DOG BOTTLE OPENER,1
FRENCH LAVENDER SCENT HEART,CERAMIC CAKE DESIGN SPOTTED MUG,1
FRENCH LAVENDER SCENT HEART,LARGE WHITE HEART OF WICKER,1
FRENCH LAVENDER SCENT HEART,DOORMAT NEW ENGLAND,1
FRENCH LAVENDER SCENT HEART,FILIGREE HEART BIRD WHITE,1
FRENCH LAVENDER SCENT HEART,FILIGREE HEART DAISY WHITE,1
FRENCH PAISLEY CUSHION COVER,HEART OF WICKER LARGE,1
FRENCH PAISLEY CUSHION COVER,HEART OF WICKER SMALL,1
FRENCH PAISLEY CUSHION COVER,GLASS HEART T-LIGHT HOLDER,1
FRENCH PAISLEY CUSHION COVER,CARROT CHARLIE+LOLA COASTER SET,1
FRENCH PAISLEY CUSHION COVER,FRENCH TOILET SIGN BLUE METAL,1
FRENCH STYLE STORAGE JAR BONBONS,FRIDGE MAGNETS LES ENFANTS ASSORTED,1
FRENCH STYLE STORAGE JAR BONBONS,FRENCH STYLE STORAGE JAR CAFE,1
FRENCH STYLE STORAGE JAR BONBONS,ASSORTED BOTTLE TOP  MAGNETS,1
FRENCH STYLE STORAGE JAR BONBONS,FRIDGE MAGNETS US DINER ASSORTED,1
FRENCH STYLE STORAGE JAR BONBONS,GLASS CLOCHE SMALL,1
FRENCH STYLE STORAGE JAR CAFE,FRIDGE MAGNETS LES ENFANTS ASSORTED,1
FRENCH STYLE STORAGE JAR CAFE,FRENCH STYLE STORAGE JAR BONBONS,1
FRENCH STYLE STORAGE JAR CAFE,ASSORTED BOTTLE TOP  MAGNETS,1
FRENCH STYLE STORAGE JAR CAFE,FRIDGE MAGNETS US DINER ASSORTED,1
FRENCH STYLE STORAGE JAR CAFE,GLASS CLOCHE SMALL,1
FRENCH TOILET SIGN BLUE METAL,GLASS HEART T-LIGHT HOLDER,2
FRENCH TOILET SIGN BLUE METAL,LUNCH BAG SPACEBOY DESIGN,2
FRENCH TOILET SIGN BLUE METAL,JUMBO BAG SPACEBOY DESIGN,2
FRENCH TOILET SIGN BLUE METAL,PARTY METAL SIGN,2
FRENCH TOILET SIGN BLUE METAL,CHILDRENS CUTLERY POLKADOT PINK,1
FRENCH WC SIGN BLUE METAL,GIN + TONIC DIET METAL SIGN,2
FRENCH WC SIGN BLUE METAL,72 SWEETHEART FAIRY CAKE CASES,2
FRENCH WC SIGN BLUE METAL,LAUNDRY 15C METAL SIGN,2
FRENCH WC SIGN BLUE METAL,METAL SIGN TAKE IT OR LEAVE IT,2
FRENCH WC SIGN BLUE METAL,NO JUNK MAIL METAL SIGN,2
FRIDGE MAGNETS LA VIE EN ROSE,LUNCH BAG SPACEBOY DESIGN,1
FRIDGE MAGNETS LA VIE EN ROSE,60 CAKE CASES DOLLY GIRL DESIGN,1
FRIDGE MAGNETS LA VIE EN ROSE,ICON MUG REVOLUTIONARY,1
FRIDGE MAGNETS LA VIE EN ROSE,12 PENCIL SMALL TUBE WOODLAND,1
FRIDGE MAGNETS LA VIE EN ROSE,60 TEATIME FAIRY CAKE CASES,1
FRIDGE MAGNETS LES ENFANTS ASSORTED,FRIDGE MAGNETS US DINER ASSORTED,2
FRIDGE MAGNETS LES ENFANTS ASSORTED,ASSORTED BOTTLE TOP  MAGNETS,2
FRIDGE MAGNETS LES ENFANTS ASSORTED,CARD CIRCUS PARADE,1
FRIDGE MAGNETS LES ENFANTS ASSORTED,BOOZE & WOMEN GREETING CARD,1
FRIDGE MAGNETS LES ENFANTS ASSORTED,72 SWEETHEART FAIRY CAKE CASES,1
FRIDGE MAGNETS US DINER ASSORTED,FRIDGE MAGNETS LES ENFANTS ASSORTED,2
FRIDGE MAGNETS US DINER ASSORTED,HOT BATHS METAL SIGN,2
FRIDGE MAGNETS US DINER ASSORTED,72 SWEETHEART FAIRY CAKE CASES,2
FRIDGE MAGNETS US DINER ASSORTED,BATHROOM METAL SIGN,2
FRIDGE MAGNETS US DINER ASSORTED,ASSORTED BOTTLE TOP  MAGNETS,2
FRYING PAN UNION FLAG,VINTAGE CREAM 3 BASKET CAKE STAND,1
FRYING PAN UNION FLAG,TRAVEL CARD WALLET FLOWER MEADOW,1
FRYING PAN UNION FLAG,SWEETHEART CERAMIC TRINKET BOX,1
FRYING PAN UNION FLAG,STRAWBERRY CERAMIC TRINKET BOX,1
FRYING PAN UNION FLAG,SMALL SKULL WINDMILL,1
FULL ENGLISH BREAKFAST PLATE,EMPIRE TISSUE BOX,1
FULL ENGLISH BREAKFAST PLATE,HOT WATER BOTTLE KEEP CALM,1
FULL ENGLISH BREAKFAST PLATE,DOG BOWL VINTAGE CREAM,1
FULL ENGLISH BREAKFAST PLATE,HOT WATER BOTTLE TEA AND SYMPATHY,1
FULL ENGLISH BREAKFAST PLATE,LADIES & GENTLEMEN METAL SIGN,1
FUNKY DIVA PEN,LUNCH BAG WOODLAND,2
FUNKY DIVA PEN,COOK WITH WINE METAL SIGN,2
FUNKY DIVA PEN,PLEASE ONE PERSON METAL SIGN,2
FUNKY DIVA PEN,SMALL POPCORN HOLDER,2
FUNKY DIVA PEN,WORLD WAR 2 GLIDERS ASSTD DESIGNS,2
FUNKY WASHING UP GLOVES ASSORTED,HERB MARKER MINT,1
FUNKY WASHING UP GLOVES ASSORTED,LAUNDRY 15C METAL SIGN,1
FUNKY WASHING UP GLOVES ASSORTED,FRENCH BATHROOM SIGN BLUE METAL,1
FUNKY WASHING UP GLOVES ASSORTED,FRENCH GARDEN SIGN BLUE METAL,1
FUNKY WASHING UP GLOVES ASSORTED,HERB MARKER ROSEMARY,1
GAOLERS KEYS DECORATIVE GARDEN,GIN + TONIC DIET METAL SIGN,2
GAOLERS KEYS DECORATIVE GARDEN,LUNCH BAG CARS BLUE,2
GAOLERS KEYS DECORATIVE GARDEN,HOT BATHS METAL SIGN,2
GAOLERS KEYS DECORATIVE GARDEN,LUNCH BAG RED RETROSPOT,2
GAOLERS KEYS DECORATIVE GARDEN,LUNCH BAG WOODLAND,2
GARAGE KEY FOB,WOODEN REGATTA BUNTING,1
GARAGE KEY FOB,WATERING CAN BLUE ELEPHANT,1
GARAGE KEY FOB,VINTAGE CREAM 3 BASKET CAKE STAND,1
GARAGE KEY FOB,TRAVEL CARD WALLET FLOWER MEADOW,1
GARAGE KEY FOB,TOILET SIGN OCCUPIED OR VACANT,1
GARDENERS KNEELING PAD CUP OF TEA,GARDENERS KNEELING PAD KEEP CALM,8
GARDENERS KNEELING PAD CUP OF TEA,HAND OVER THE CHOCOLATE   SIGN,5
GARDENERS KNEELING PAD CUP OF TEA,HOT WATER BOTTLE TEA AND SYMPATHY,4
GARDENERS KNEELING PAD CUP OF TEA,COOK WITH WINE METAL SIGN,4
GARDENERS KNEELING PAD CUP OF TEA,GINGERBREAD MAN COOKIE CUTTER,3
GARDENERS KNEELING PAD KEEP CALM,GARDENERS KNEELING PAD CUP OF TEA,8
GARDENERS KNEELING PAD KEEP CALM,HAND OVER THE CHOCOLATE   SIGN,5
GARDENERS KNEELING PAD KEEP CALM,HOT WATER BOTTLE TEA AND SYMPATHY,4
GARDENERS KNEELING PAD KEEP CALM,COOK WITH WINE METAL SIGN,4
GARDENERS KNEELING PAD KEEP CALM,BEWARE OF THE CAT METAL SIGN,3
GARDENIA 3 WICK MORRIS BOXED CANDLE,NATURAL SLATE RECTANGLE CHALKBOARD,1
GARDENIA 3 WICK MORRIS BOXED CANDLE,ROSE 3 WICK MORRIS BOX CANDLE,1
GARDENIA 3 WICK MORRIS BOXED CANDLE,SANDALWOOD FAN,1
GARDENIA 3 WICK MORRIS BOXED CANDLE,SET OF 4 NAPKIN CHARMS HEARTS,1
GARDENIA 3 WICK MORRIS BOXED CANDLE,SMALL GLASS HEART TRINKET POT,1
GARLAND WITH HEARTS AND BELLS,GUMBALL COAT RACK,2
GARLAND WITH HEARTS AND BELLS,JUMBO BAG RED RETROSPOT,2
GARLAND WITH HEARTS AND BELLS,DOG TOY WITH PINK CROCHET SKIRT,1
GARLAND WITH HEARTS AND BELLS,GREEN POLKADOT BOWL,1
GARLAND WITH HEARTS AND BELLS,GREEN REGENCY TEACUP AND SAUCER,1
GARLAND WITH STARS AND BELLS,CHRISTMAS TREE STAR DECORATION,1
GARLAND WITH STARS AND BELLS,JUMBO BAG RED RETROSPOT,1
GARLAND WITH STARS AND BELLS,LUNCH BAG VINTAGE DOILY,1
GARLAND WITH STARS AND BELLS,MAGIC DRAWING SLATE SPACEBOY,1
GARLAND WITH STARS AND BELLS,CARD CHRISTMAS VILLAGE,1
GARLAND WOODEN HAPPY EASTER,WOODEN FRAME ANTIQUE WHITE,2
GARLAND WOODEN HAPPY EASTER,SMALL HANGING IVORY/RED WOOD BIRD,2
GARLAND WOODEN HAPPY EASTER,EASTER TREE YELLOW BIRDS,2
GARLAND WOODEN HAPPY EASTER,HANGING WOOD AND FELT BUTTERFLY,2
GARLAND WOODEN HAPPY EASTER,EASTER CRAFT 4 CHICKS,2
GENTLEMAN SHIRT REPAIR KIT,COFFEE MUG DOG + BALL DESIGN,1
GENTLEMAN SHIRT REPAIR KIT,LARGE CHINESE STYLE SCISSOR,1
GENTLEMAN SHIRT REPAIR KIT,ALARM CLOCK BAKELIKE GREEN,1
GENTLEMAN SHIRT REPAIR KIT,ALARM CLOCK BAKELIKE IVORY,1
GENTLEMAN SHIRT REPAIR KIT,JAM MAKING SET PRINTED,1
GIANT 50'S CHRISTMAS CRACKER,FELTCRAFT PRINCESS CHARLOTTE DOLL,1
GIANT 50'S CHRISTMAS CRACKER,FELTCRAFT PRINCESS LOLA DOLL,1
GIANT 50'S CHRISTMAS CRACKER,FELTCRAFT PRINCESS OLIVIA DOLL,1
GIANT 50'S CHRISTMAS CRACKER,FELTCRAFT BUTTERFLY HEARTS,1
GIANT 50'S CHRISTMAS CRACKER,LUNCH BAG RED RETROSPOT,1
GIFT BAG PSYCHEDELIC APPLES,BLUE POLKADOT KIDS BAG,1
GIFT BAG PSYCHEDELIC APPLES,LARGE WHITE HEART OF WICKER,1
GIFT BAG PSYCHEDELIC APPLES,"FANCY FONT BIRTHDAY CARD,",1
GIFT BAG PSYCHEDELIC APPLES,LIGHT GARLAND BUTTERFILES PINK,1
GIFT BAG PSYCHEDELIC APPLES,FUNKY DIVA PEN,1
GIN & TONIC DIET GREETING CARD,JUMBO STORAGE BAG SUKI,1
GIN & TONIC DIET GREETING CARD,DOORMAT WELCOME PUPPIES,1
GIN & TONIC DIET GREETING CARD,LUNCH BAG WOODLAND,1
GIN & TONIC DIET GREETING CARD,LUNCH BAG SPACEBOY DESIGN,1
GIN & TONIC DIET GREETING CARD,JAM MAKING SET PRINTED,1
GIN + TONIC DIET METAL SIGN,HAND OVER THE CHOCOLATE   SIGN,7
GIN + TONIC DIET METAL SIGN,COOK WITH WINE METAL SIGN,6
GIN + TONIC DIET METAL SIGN,LUNCH BAG CARS BLUE,6
GIN + TONIC DIET METAL SIGN,LUNCH BAG WOODLAND,6
GIN + TONIC DIET METAL SIGN,HOT BATHS METAL SIGN,6
GINGERBREAD MAN COOKIE CUTTER,FELTCRAFT BUTTERFLY HEARTS,3
GINGERBREAD MAN COOKIE CUTTER,GARDENERS KNEELING PAD CUP OF TEA,3
GINGERBREAD MAN COOKIE CUTTER,GARDENERS KNEELING PAD KEEP CALM,3
GINGERBREAD MAN COOKIE CUTTER,3 PIECE SPACEBOY COOKIE CUTTER SET,3
GINGERBREAD MAN COOKIE CUTTER,BLUE DINER WALL CLOCK,3
GINGHAM HEART  DOORSTOP RED,LARGE WHITE HEART OF WICKER,2
GINGHAM HEART  DOORSTOP RED,HEART OF WICKER SMALL,2
GINGHAM HEART  DOORSTOP RED,WHITE WICKER STAR,2
GINGHAM HEART  DOORSTOP RED,"LETTER ""S"" BLING KEY RING",1
GINGHAM HEART  DOORSTOP RED,DOG BOWL VINTAGE CREAM,1
GINGHAM HEART DECORATION,DOORSTOP RETROSPOT HEART,2
GINGHAM HEART DECORATION,PACK OF 72 RETROSPOT CAKE CASES,2
GINGHAM HEART DECORATION,PLASTERS IN TIN SKULLS,2
GINGHAM HEART DECORATION,RED RETROSPOT OVEN GLOVE DOUBLE,2
GINGHAM HEART DECORATION,SET/2 RED RETROSPOT TEA TOWELS,2
GINGHAM ROSE WRAP,ENAMEL FIRE BUCKET CREAM,1
GINGHAM ROSE WRAP,BLUE HAPPY BIRTHDAY BUNTING,1
GINGHAM ROSE WRAP,BIRTHDAY BANQUET GIFT WRAP,1
GINGHAM ROSE WRAP,BANQUET BIRTHDAY  CARD,1
GINGHAM ROSE WRAP,BOX OF 24 COCKTAIL PARASOLS,1
GIRAFFE WOODEN RULER,DOLLY GIRL MINI BACKPACK,2
GIRAFFE WOODEN RULER,ALARM CLOCK BAKELIKE PINK,2
GIRAFFE WOODEN RULER,CLASSIC GLASS COOKIE JAR,2
GIRAFFE WOODEN RULER,REVOLVER WOODEN RULER,2
GIRAFFE WOODEN RULER,VINTAGE PAISLEY STATIONERY SET,2
GIRLS VINTAGE TIN SEASIDE BUCKET,BUBBLEGUM RING ASSORTED,2
GIRLS VINTAGE TIN SEASIDE BUCKET,JUMBO BAG DOLLY GIRL DESIGN,2
GIRLS VINTAGE TIN SEASIDE BUCKET,LUNCH BAG SPACEBOY DESIGN,2
GIRLS VINTAGE TIN SEASIDE BUCKET,LUNCH BAG WOODLAND,2
GIRLS VINTAGE TIN SEASIDE BUCKET,DOLLY GIRL LUNCH BOX,2
GLAMOROUS  MUG,JUMBO BAG VINTAGE DOILY,2
GLAMOROUS  MUG,HOT BATHS METAL SIGN,2
GLAMOROUS  MUG,CHOCOLATE THIS WAY METAL SIGN,2
GLAMOROUS  MUG,METAL SIGN DROP YOUR PANTS,2
GLAMOROUS  MUG,DECORATIVE WICKER HEART LARGE,1
GLASS  BEURRE DISH,POTTING SHED TEA MUG,2
GLASS  BEURRE DISH,ASSTD MULTICOLOUR CIRCLES MUG,1
GLASS  BEURRE DISH,CHOCOLATE BOX RIBBONS,1
GLASS  BEURRE DISH,ANTIQUE SILVER TEA GLASS ETCHED,1
GLASS  BEURRE DISH,6 RIBBONS EMPIRE,1
GLASS APOTHECARY BOTTLE ELIXIR,LARGE WHITE HEART OF WICKER,2
GLASS APOTHECARY BOTTLE ELIXIR,SMALL WHITE HEART OF WICKER,2
GLASS APOTHECARY BOTTLE ELIXIR,GLASS APOTHECARY BOTTLE TONIC,1
GLASS APOTHECARY BOTTLE ELIXIR,HERB MARKER MINT,1
GLASS APOTHECARY BOTTLE ELIXIR,HERB MARKER PARSLEY,1
GLASS APOTHECARY BOTTLE PERFUME,HEART OF WICKER SMALL,2
GLASS APOTHECARY BOTTLE PERFUME,CHOCOLATE HOT WATER BOTTLE,2
GLASS APOTHECARY BOTTLE PERFUME,RETROSPOT HEART HOT WATER BOTTLE,2
GLASS APOTHECARY BOTTLE PERFUME,SMALL WHITE HEART OF WICKER,2
GLASS APOTHECARY BOTTLE PERFUME,LOVE BUILDING BLOCK WORD,1
GLASS APOTHECARY BOTTLE TONIC,CHOCOLATE THIS WAY METAL SIGN,2
GLASS APOTHECARY BOTTLE TONIC,LARGE WHITE HEART OF WICKER,2
GLASS APOTHECARY BOTTLE TONIC,LUNCH BAG WOODLAND,2
GLASS APOTHECARY BOTTLE TONIC,HOT BATHS METAL SIGN,2
GLASS APOTHECARY BOTTLE TONIC,METAL SIGN TAKE IT OR LEAVE IT,2
GLASS BON BON JAR,WOODEN FRAME ANTIQUE WHITE,2
GLASS BON BON JAR,SMALL PARISIENNE HEART PHOTO FRAME,2
GLASS BON BON JAR,SET OF 3 CAKE TINS PANTRY DESIGN,2
GLASS BON BON JAR,LOVE BUILDING BLOCK WORD,2
GLASS BON BON JAR,WOODEN PICTURE FRAME WHITE FINISH,1
GLASS CHALICE BLUE SMALL,BISCUITS SMALL BOWL LIGHT BLUE,1
GLASS CHALICE BLUE SMALL,CHARLIE AND LOLA FIGURES TINS,1
GLASS CHALICE BLUE SMALL,CHARLIE AND LOLA TABLE TINS,1
GLASS CHALICE BLUE SMALL,GLASS CHALICE GREEN  SMALL,1
GLASS CHALICE BLUE SMALL,JARDIN ETCHED GLASS LARGE BELL JAR,1
GLASS CHALICE GREEN  SMALL,BISCUITS SMALL BOWL LIGHT BLUE,1
GLASS CHALICE GREEN  SMALL,CHARLIE AND LOLA FIGURES TINS,1
GLASS CHALICE GREEN  SMALL,CHARLIE AND LOLA TABLE TINS,1
GLASS CHALICE GREEN  SMALL,GLASS CHALICE BLUE SMALL,1
GLASS CHALICE GREEN  SMALL,JARDIN ETCHED GLASS LARGE BELL JAR,1
GLASS CLOCHE SMALL,POSTAGE,2
GLASS CLOCHE SMALL,LUNCH BOX I LOVE LONDON,1
GLASS CLOCHE SMALL,KNICKERBOCKERGLORY MAGNET ASSORTED,1
GLASS CLOCHE SMALL,FRIDGE MAGNETS LES ENFANTS ASSORTED,1
GLASS CLOCHE SMALL,ASSORTED BOTTLE TOP  MAGNETS,1
GLASS HEART T-LIGHT HOLDER,JUMBO BAG SPACEBOY DESIGN,2
GLASS HEART T-LIGHT HOLDER,FRENCH TOILET SIGN BLUE METAL,2
GLASS HEART T-LIGHT HOLDER,LUNCH BAG SPACEBOY DESIGN,2
GLASS HEART T-LIGHT HOLDER,PARTY METAL SIGN,2
GLASS HEART T-LIGHT HOLDER,CHILDRENS CUTLERY POLKADOT PINK,1
GLASS JAR DAISY FRESH COTTON WOOL,CLASSIC CHROME BICYCLE BELL,1
GLASS JAR DAISY FRESH COTTON WOOL,BUNDLE OF 3 ALPHABET EXERCISE BOOKS,1
GLASS JAR DAISY FRESH COTTON WOOL,AREA PATROLLED METAL SIGN,1
GLASS JAR DAISY FRESH COTTON WOOL,GLASS APOTHECARY BOTTLE PERFUME,1
GLASS JAR DAISY FRESH COTTON WOOL,CHOCOLATE BOX RIBBONS,1
GLASS JAR DIGESTIVE BISCUITS,CHRISTMAS TREE STAR DECORATION,1
GLASS JAR DIGESTIVE BISCUITS,JUMBO BAG RED RETROSPOT,1
GLASS JAR DIGESTIVE BISCUITS,LUNCH BAG VINTAGE DOILY,1
GLASS JAR DIGESTIVE BISCUITS,MAGIC DRAWING SLATE SPACEBOY,1
GLASS JAR DIGESTIVE BISCUITS,CARD CHRISTMAS VILLAGE,1
GLASS JAR ENGLISH CONFECTIONERY,60 TEATIME FAIRY CAKE CASES,1
GLASS JAR ENGLISH CONFECTIONERY,GLASS JAR DAISY FRESH COTTON WOOL,1
GLASS JAR ENGLISH CONFECTIONERY,HOT WATER BOTTLE I AM SO POORLY,1
GLASS JAR ENGLISH CONFECTIONERY,"AIRLINE LOUNGE,METAL SIGN",1
GLASS JAR ENGLISH CONFECTIONERY,GLASS JAR PEACOCK BATH SALTS,1
GLASS JAR PEACOCK BATH SALTS,SET 12 RETRO WHITE CHALK STICKS,2
GLASS JAR PEACOCK BATH SALTS,EIGHT PIECE SNAKE  SET,1
GLASS JAR PEACOCK BATH SALTS,ENGLISH ROSE HOT WATER BOTTLE,1
GLASS JAR PEACOCK BATH SALTS,FILIGRIS HEART WITH BUTTERFLY,1
GLASS JAR PEACOCK BATH SALTS,"AIRLINE LOUNGE,METAL SIGN",1
GLASS STAR FROSTED T-LIGHT HOLDER,WHITE HANGING HEART T-LIGHT HOLDER,2
GLASS STAR FROSTED T-LIGHT HOLDER,BLUE POLKADOT WRAP,1
GLASS STAR FROSTED T-LIGHT HOLDER,COLOUR GLASS T-LIGHT HOLDER HANGING,1
GLASS STAR FROSTED T-LIGHT HOLDER,COFFEE MUG CAT + BIRD DESIGN,1
GLASS STAR FROSTED T-LIGHT HOLDER,ASSORTED COLOUR BIRD ORNAMENT,1
GLITTER CHRISTMAS STAR,KEY RING BASEBALL BOOT ASSORTED,1
GLITTER CHRISTMAS STAR,36 FOIL HEART CAKE CASES,1
GLITTER CHRISTMAS STAR,36 FOIL STAR CAKE CASES,1
GLITTER CHRISTMAS STAR,KEY RING BASEBALL BOOT UNION JACK,1
GLITTER CHRISTMAS STAR,CERAMIC HEART FAIRY CAKE MONEY BANK,1
GLITTER CHRISTMAS TREE WITH BELLS,CHERUB HEART DECORATION SILVER,1
GLITTER CHRISTMAS TREE WITH BELLS,CLOTHES PEGS RETROSPOT PACK 24,1
GLITTER CHRISTMAS TREE WITH BELLS,COLOUR GLASS. STAR T-LIGHT HOLDER,1
GLITTER CHRISTMAS TREE WITH BELLS,HOME SWEET HOME KEY HOLDER,1
GLITTER CHRISTMAS TREE WITH BELLS,JUMBO BAG 50'S CHRISTMAS,1
GLITTER HANGING BUTTERFLY STRING,CHOCOLATE HOT WATER BOTTLE,1
GLITTER HANGING BUTTERFLY STRING,LUNCH BAG  BLACK SKULL.,1
GLITTER HANGING BUTTERFLY STRING,KNITTED UNION FLAG HOT WATER BOTTLE,1
GLITTER HANGING BUTTERFLY STRING,LUNCH BAG RED RETROSPOT,1
GLITTER HANGING BUTTERFLY STRING,JAZZ HEARTS ADDRESS BOOK,1
GLITTER HEART DECORATION,KEY RING BASEBALL BOOT ASSORTED,1
GLITTER HEART DECORATION,36 FOIL HEART CAKE CASES,1
GLITTER HEART DECORATION,36 FOIL STAR CAKE CASES,1
GLITTER HEART DECORATION,KEY RING BASEBALL BOOT UNION JACK,1
GLITTER HEART DECORATION,CERAMIC HEART FAIRY CAKE MONEY BANK,1
GOLD MINI TAPE MEASURE,10 COLOUR SPACEBOY PEN,1
GOLD MINI TAPE MEASURE,JUMBO STORAGE BAG SUKI,1
GOLD MINI TAPE MEASURE,HAND OVER THE CHOCOLATE   SIGN,1
GOLD MINI TAPE MEASURE,12 PENCIL SMALL TUBE WOODLAND,1
GOLD MINI TAPE MEASURE,12 PENCILS SMALL TUBE RED RETROSPOT,1
GOLD STANDING GNOME,IVORY WIRE KITCHEN ORGANISER,1
GOLD STANDING GNOME,IVORY SWEETHEART SOAP DISH,1
GOLD STANDING GNOME,IVORY SWEETHEART WIRE LETTER RACK,1
GOLD STANDING GNOME,HANGING PHOTO CLIP ROPE LADDER,1
GOLD STANDING GNOME,BLUE SPOT CERAMIC DRAWER KNOB,1
GRAND CHOCOLATECANDLE,HAND OVER THE CHOCOLATE   SIGN,1
GRAND CHOCOLATECANDLE,CHILDRENS CUTLERY DOLLY GIRL,1
GRAND CHOCOLATECANDLE,HEART OF WICKER SMALL,1
GRAND CHOCOLATECANDLE,ENAMEL FLOWER JUG CREAM,1
GRAND CHOCOLATECANDLE,IVORY KITCHEN SCALES,1
GREEN CHRISTMAS TREE CARD HOLDER,BUBBLEGUM RING ASSORTED,2
GREEN CHRISTMAS TREE CARD HOLDER,GARDENERS KNEELING PAD KEEP CALM,2
GREEN CHRISTMAS TREE CARD HOLDER,15CM CHRISTMAS GLASS BALL 20 LIGHTS,2
GREEN CHRISTMAS TREE CARD HOLDER,BUFFALO BILL TREASURE BOOK BOX,1
GREEN CHRISTMAS TREE CARD HOLDER,GROW A FLYTRAP OR SUNFLOWER IN TIN,1
GREEN DRAWER KNOB ACRYLIC EDWARDIAN,IVORY WIRE KITCHEN ORGANISER,1
GREEN DRAWER KNOB ACRYLIC EDWARDIAN,IVORY SWEETHEART SOAP DISH,1
GREEN DRAWER KNOB ACRYLIC EDWARDIAN,GOLD STANDING GNOME,1
GREEN DRAWER KNOB ACRYLIC EDWARDIAN,IVORY SWEETHEART WIRE LETTER RACK,1
GREEN DRAWER KNOB ACRYLIC EDWARDIAN,BLUE SPOT CERAMIC DRAWER KNOB,1
GREEN GIANT GARDEN THERMOMETER,BLUE GIANT GARDEN THERMOMETER,3
GREEN GIANT GARDEN THERMOMETER,HEART OF WICKER SMALL,2
GREEN GIANT GARDEN THERMOMETER,LUNCH BAG VINTAGE LEAF DESIGN,2
GREEN GIANT GARDEN THERMOMETER,YELLOW GIANT GARDEN THERMOMETER,2
GREEN GIANT GARDEN THERMOMETER,LUNCH BAG PINK POLKADOT,2
GREEN GOOSE FEATHER TREE 60CM,BEWARE OF THE CAT METAL SIGN,2
GREEN GOOSE FEATHER TREE 60CM,LOVE HOT WATER BOTTLE,2
GREEN GOOSE FEATHER TREE 60CM,HAND WARMER UNION JACK,2
GREEN GOOSE FEATHER TREE 60CM,WHITE SKULL HOT WATER BOTTLE,2
GREEN GOOSE FEATHER TREE 60CM,ALARM CLOCK BAKELIKE GREEN,1
GREEN METAL BOX ARMY SUPPLIES,HANGING HEART ZINC T-LIGHT HOLDER,1
GREEN METAL BOX ARMY SUPPLIES,"ASSORTED FLOWER COLOUR ""LEIS""",1
GREEN METAL BOX ARMY SUPPLIES,COCKTAIL SWORDS 50 PIECES,1
GREEN METAL BOX ARMY SUPPLIES,LUNCH BAG CARS BLUE,1
GREEN METAL BOX ARMY SUPPLIES,CIRCUS PARADE BABY GIFT SET,1
GREEN METAL SWINGING BUNNY,BLUE POLKADOT CUP,1
GREEN METAL SWINGING BUNNY,CHILDS GARDEN BRUSH PINK,1
GREEN METAL SWINGING BUNNY,CHARLOTTE BAG SUKI DESIGN,1
GREEN METAL SWINGING BUNNY,GARLAND WOODEN HAPPY EASTER,1
GREEN METAL SWINGING BUNNY,LARGE CAKE STAND HANGING HEARTS,1
GREEN POLKADOT BOWL,CHOCOLATE THIS WAY METAL SIGN,3
GREEN POLKADOT BOWL,LUNCH BAG APPLE DESIGN,3
GREEN POLKADOT BOWL,CHRISTMAS LIGHTS 10 REINDEER,3
GREEN POLKADOT BOWL,LUNCH BAG SPACEBOY DESIGN,3
GREEN POLKADOT BOWL,PACK OF 72 RETROSPOT CAKE CASES,3
GREEN REGENCY TEACUP AND SAUCER,PINK REGENCY TEACUP AND SAUCER,5
GREEN REGENCY TEACUP AND SAUCER,ROSES REGENCY TEACUP AND SAUCER,4
GREEN REGENCY TEACUP AND SAUCER,REGENCY CAKESTAND 3 TIER,3
GREEN REGENCY TEACUP AND SAUCER,CLEAR DRAWER KNOB ACRYLIC EDWARDIAN,2
GREEN REGENCY TEACUP AND SAUCER,JUMBO BAG RED RETROSPOT,2
GREEN ROSE WASHBAG,LUNCH BAG  BLACK SKULL.,2
GREEN ROSE WASHBAG,LUNCH BAG CARS BLUE,2
GREEN ROSE WASHBAG,BISCUIT TIN 50'S CHRISTMAS,1
GREEN ROSE WASHBAG,BISCUIT TIN VINTAGE CHRISTMAS,1
GREEN ROSE WASHBAG,LADIES & GENTLEMEN METAL SIGN,1
GREEN VINTAGE SPOT BEAKER,JUMBO BAG RED RETROSPOT,1
GREEN VINTAGE SPOT BEAKER,LUNCH BAG RED RETROSPOT,1
GREEN VINTAGE SPOT BEAKER,"BIRTHDAY CARD, RETRO SPOT",1
GREEN VINTAGE SPOT BEAKER,ZINC WILLIE WINKIE  CANDLE STICK,1
GREEN VINTAGE SPOT BEAKER,BLUE VINTAGE SPOT BEAKER,1
GREEN/BLUE CERAMIC CANDLE HOLDER,EGG FRYING PAN MINT,1
GREEN/BLUE CERAMIC CANDLE HOLDER,EGG FRYING PAN PINK,1
GREEN/BLUE CERAMIC CANDLE HOLDER,EGG FRYING PAN RED,1
GREEN/BLUE CERAMIC CANDLE HOLDER,BUBBLEGUM RING ASSORTED,1
GREEN/BLUE CERAMIC CANDLE HOLDER,BLUE CIRCLES DESIGN TEDDY,1
GREY FLORAL FELTCRAFT SHOULDER BAG,BLACK MEDIUM GLASS CAKE STAND,1
GREY FLORAL FELTCRAFT SHOULDER BAG,DOORMAT SPOTTY HOME SWEET HOME,1
GREY FLORAL FELTCRAFT SHOULDER BAG,DOORMAT UNION FLAG,1
GREY FLORAL FELTCRAFT SHOULDER BAG,DOORMAT HEARTS,1
GREY FLORAL FELTCRAFT SHOULDER BAG,DOORMAT HOME SWEET HOME BLUE,1
GREY HEART HOT WATER BOTTLE,SCOTTIE DOG HOT WATER BOTTLE,4
GREY HEART HOT WATER BOTTLE,HAND WARMER BIRD DESIGN,3
GREY HEART HOT WATER BOTTLE,RETROSPOT HEART HOT WATER BOTTLE,3
GREY HEART HOT WATER BOTTLE,LUNCH BAG PINK POLKADOT,2
GREY HEART HOT WATER BOTTLE,HOT WATER BOTTLE I AM SO POORLY,2
GROW A FLYTRAP OR SUNFLOWER IN TIN,WOODEN BOX OF DOMINOES,2
GROW A FLYTRAP OR SUNFLOWER IN TIN,WATERING CAN PINK BUNNY,2
GROW A FLYTRAP OR SUNFLOWER IN TIN,WATERING CAN GREEN DINOSAUR,2
GROW A FLYTRAP OR SUNFLOWER IN TIN,TRADITIONAL KNITTING NANCY,2
GROW A FLYTRAP OR SUNFLOWER IN TIN,ROTATING SILVER ANGELS T-LIGHT HLDR,2
GROW YOUR OWN BASIL IN ENAMEL MUG,GLASS JAR PEACOCK BATH SALTS,1
GROW YOUR OWN BASIL IN ENAMEL MUG,KIDS RAIN MAC PINK,1
GROW YOUR OWN BASIL IN ENAMEL MUG,FILIGRIS HEART WITH BUTTERFLY,1
GROW YOUR OWN BASIL IN ENAMEL MUG,JUMBO  BAG BAROQUE BLACK WHITE,1
GROW YOUR OWN BASIL IN ENAMEL MUG,BOX OF 6 ASSORTED COLOUR TEASPOONS,1
GUMBALL COAT RACK,LUNCH BAG  BLACK SKULL.,4
GUMBALL COAT RACK,GIN + TONIC DIET METAL SIGN,4
GUMBALL COAT RACK,PACK OF 72 RETROSPOT CAKE CASES,4
GUMBALL COAT RACK,HOME SWEET HOME BLACKBOARD,3
GUMBALL COAT RACK,LUNCH BAG SPACEBOY DESIGN,3
GUMBALL MAGAZINE RACK,BREAD BIN DINER STYLE PINK,1
GUMBALL MAGAZINE RACK,FLOOR LAMP SHADE WOOD BASE,1
GUMBALL MAGAZINE RACK,GLASS  BEURRE DISH,1
GUMBALL MAGAZINE RACK,GUMBALL MONOCHROME COAT RACK,1
GUMBALL MAGAZINE RACK,BREAD BIN DINER STYLE MINT,1
GUMBALL MONOCHROME COAT RACK,FRIDGE MAGNETS LES ENFANTS ASSORTED,1
GUMBALL MONOCHROME COAT RACK,ASSTD MULTICOLOUR CIRCLES MUG,1
GUMBALL MONOCHROME COAT RACK,FOUR HOOK  WHITE LOVEBIRDS,1
GUMBALL MONOCHROME COAT RACK,12 PENCIL SMALL TUBE WOODLAND,1
GUMBALL MONOCHROME COAT RACK,BREAD BIN DINER STYLE MINT,1
GYMKHANA TREASURE BOOK BOX,GIRAFFE WOODEN RULER,1
GYMKHANA TREASURE BOOK BOX,MAGIC TREE -PAPER FLOWERS,1
GYMKHANA TREASURE BOOK BOX,MAGNETS PACK OF 4 CHILDHOOD MEMORY,1
GYMKHANA TREASURE BOOK BOX,ANTIQUE SILVER BAUBLE LAMP,1
GYMKHANA TREASURE BOOK BOX,LARGE YELLOW BABUSHKA NOTEBOOK,1
HAND OVER THE CHOCOLATE   SIGN,GIN + TONIC DIET METAL SIGN,7
HAND OVER THE CHOCOLATE   SIGN,COOK WITH WINE METAL SIGN,6
HAND OVER THE CHOCOLATE   SIGN,LUNCH BAG CARS BLUE,5
HAND OVER THE CHOCOLATE   SIGN,WHITE HANGING HEART T-LIGHT HOLDER,5
HAND OVER THE CHOCOLATE   SIGN,METAL SIGN DROP YOUR PANTS,5
HAND TOWEL PALE BLUE W FLOWERS,CAKES AND BOWS GIFT  TAPE,1
HAND TOWEL PALE BLUE W FLOWERS,6 RIBBONS SHIMMERING PINKS,1
HAND TOWEL PALE BLUE W FLOWERS,LARGE CAKE TOWEL PINK SPOTS,1
HAND TOWEL PALE BLUE W FLOWERS,LOVE HEART POCKET WARMER,1
HAND TOWEL PALE BLUE W FLOWERS,LARGE CAKE TOWEL CHOCOLATE SPOTS,1
HAND TOWEL PINK FLOWER AND DAISY,CAKES AND BOWS GIFT  TAPE,1
HAND TOWEL PINK FLOWER AND DAISY,6 RIBBONS SHIMMERING PINKS,1
HAND TOWEL PINK FLOWER AND DAISY,LARGE CAKE TOWEL PINK SPOTS,1
HAND TOWEL PINK FLOWER AND DAISY,LOVE HEART POCKET WARMER,1
HAND TOWEL PINK FLOWER AND DAISY,LARGE CAKE TOWEL CHOCOLATE SPOTS,1
HAND WARMER BABUSHKA DESIGN,HAND WARMER OWL DESIGN,4
HAND WARMER BABUSHKA DESIGN,HAND WARMER BIRD DESIGN,4
HAND WARMER BABUSHKA DESIGN,HAND WARMER SCOTTY DOG DESIGN,4
HAND WARMER BABUSHKA DESIGN,HAND WARMER UNION JACK,3
HAND WARMER BABUSHKA DESIGN,HAND WARMER RED RETROSPOT,3
HAND WARMER BIRD DESIGN,HAND WARMER SCOTTY DOG DESIGN,6
HAND WARMER BIRD DESIGN,HAND WARMER OWL DESIGN,5
HAND WARMER BIRD DESIGN,HAND WARMER RED RETROSPOT,5
HAND WARMER BIRD DESIGN,LOVE HOT WATER BOTTLE,5
HAND WARMER BIRD DESIGN,SCOTTIE DOG HOT WATER BOTTLE,5
HAND WARMER OWL DESIGN,HAND WARMER SCOTTY DOG DESIGN,5
HAND WARMER OWL DESIGN,HAND WARMER BIRD DESIGN,5
HAND WARMER OWL DESIGN,JUMBO BAG VINTAGE DOILY,4
HAND WARMER OWL DESIGN,HAND WARMER RED LOVE HEART,4
HAND WARMER OWL DESIGN,HAND WARMER UNION JACK,4
HAND WARMER RED LOVE HEART,HAND WARMER UNION JACK,6
HAND WARMER RED LOVE HEART,HAND WARMER SCOTTY DOG DESIGN,4
HAND WARMER RED LOVE HEART,HAND WARMER RED RETROSPOT,4
HAND WARMER RED LOVE HEART,HAND WARMER OWL DESIGN,4
HAND WARMER RED LOVE HEART,HAND WARMER BIRD DESIGN,4
HAND WARMER RED RETROSPOT,HAND WARMER BIRD DESIGN,5
HAND WARMER RED RETROSPOT,HAND WARMER RED LOVE HEART,4
HAND WARMER RED RETROSPOT,HAND WARMER SCOTTY DOG DESIGN,4
HAND WARMER RED RETROSPOT,RETROSPOT HEART HOT WATER BOTTLE,3
HAND WARMER RED RETROSPOT,SCOTTIE DOG HOT WATER BOTTLE,3
HAND WARMER SCOTTY DOG DESIGN,HAND WARMER BIRD DESIGN,6
HAND WARMER SCOTTY DOG DESIGN,HAND WARMER UNION JACK,5
HAND WARMER SCOTTY DOG DESIGN,HAND WARMER OWL DESIGN,5
HAND WARMER SCOTTY DOG DESIGN,LOVE HOT WATER BOTTLE,4
HAND WARMER SCOTTY DOG DESIGN,HAND WARMER RED RETROSPOT,4
HAND WARMER UNION JACK,HAND WARMER RED LOVE HEART,6
HAND WARMER UNION JACK,HAND WARMER SCOTTY DOG DESIGN,5
HAND WARMER UNION JACK,LOVE HOT WATER BOTTLE,5
HAND WARMER UNION JACK,HAND WARMER OWL DESIGN,4
HAND WARMER UNION JACK,HOT WATER BOTTLE TEA AND SYMPATHY,4
HANGING HEART JAR T-LIGHT HOLDER,ANTIQUE GLASS DRESSING TABLE POT,2
HANGING HEART JAR T-LIGHT HOLDER,CHARLOTTE BAG DOLLY GIRL DESIGN,2
HANGING HEART JAR T-LIGHT HOLDER,JUMBO BAG RED RETROSPOT,2
HANGING HEART JAR T-LIGHT HOLDER,JUMBO BAG STRAWBERRY,2
HANGING HEART JAR T-LIGHT HOLDER,RED RETROSPOT CHARLOTTE BAG,2
HANGING HEART MIRROR DECORATION,LUNCH BAG RED RETROSPOT,2
HANGING HEART MIRROR DECORATION,LOVEBIRD HANGING DECORATION WHITE,2
HANGING HEART MIRROR DECORATION,ASSORTED COLOUR LIZARD SUCTION HOOK,2
HANGING HEART MIRROR DECORATION,PACK OF 60 DINOSAUR CAKE CASES,2
HANGING HEART MIRROR DECORATION,SET OF 20 KIDS COOKIE CUTTERS,2
HANGING HEART WITH BELL,ANGEL DECORATION 3 BUTTONS,2
HANGING HEART WITH BELL,ANGEL DECORATION STARS ON DRESS,2
HANGING HEART WITH BELL,CHRISTMAS HANGING STAR WITH BELL,2
HANGING HEART WITH BELL,BROWN CHECK CAT DOORSTOP,2
HANGING HEART WITH BELL,LARGE WHITE HEART OF WICKER,2
HANGING HEART ZINC T-LIGHT HOLDER,SINGLE HEART ZINC T-LIGHT HOLDER,3
HANGING HEART ZINC T-LIGHT HOLDER,WHITE HANGING HEART T-LIGHT HOLDER,3
HANGING HEART ZINC T-LIGHT HOLDER,ZINC FOLKART SLEIGH BELLS,2
HANGING HEART ZINC T-LIGHT HOLDER,NATURAL SLATE HEART CHALKBOARD,2
HANGING HEART ZINC T-LIGHT HOLDER,DECORATIVE ROSE BATHROOM BOTTLE,2
HANGING HEN ON NEST DECORATION,BLUE OWL SOFT TOY,1
HANGING HEN ON NEST DECORATION,GARLAND WOODEN HAPPY EASTER,1
HANGING HEN ON NEST DECORATION,COFFEE MUG DOG + BALL DESIGN,1
HANGING HEN ON NEST DECORATION,DOLLY GIRL CHILDRENS EGG CUP,1
HANGING HEN ON NEST DECORATION,COFFEE MUG PINK PAISLEY DESIGN,1
HANGING JAM JAR T-LIGHT HOLDER,BLUE POLKADOT WRAP,2
HANGING JAM JAR T-LIGHT HOLDER,RED RETROSPOT WRAP,2
HANGING JAM JAR T-LIGHT HOLDER,CLOTHES PEGS RETROSPOT PACK 24,1
HANGING JAM JAR T-LIGHT HOLDER,ASSORTED COLOUR BIRD ORNAMENT,1
HANGING JAM JAR T-LIGHT HOLDER,36 PENCILS TUBE SKULLS,1
HANGING METAL HEART LANTERN,WHITE HANGING HEART T-LIGHT HOLDER,2
HANGING METAL HEART LANTERN,ASSORTED COLOUR MINI CASES,1
HANGING METAL HEART LANTERN,IVORY HANGING DECORATION  HEART,1
HANGING METAL HEART LANTERN,LUNCH BAG PINK POLKADOT,1
HANGING METAL HEART LANTERN,LUNCH BAG  BLACK SKULL.,1
HANGING METAL RABBIT DECORATION,BLUE POLKADOT CUP,1
HANGING METAL RABBIT DECORATION,CHILDS GARDEN BRUSH PINK,1
HANGING METAL RABBIT DECORATION,CHARLOTTE BAG SUKI DESIGN,1
HANGING METAL RABBIT DECORATION,GARLAND WOODEN HAPPY EASTER,1
HANGING METAL RABBIT DECORATION,HANGING SPRING FLOWER EGG LARGE,1
HANGING PHOTO CLIP ROPE LADDER,MINIATURE ANTIQUE ROSE HOOK IVORY,2
HANGING PHOTO CLIP ROPE LADDER,LARGE IVORY HEART WALL ORGANISER,1
HANGING PHOTO CLIP ROPE LADDER,BLUE DRAWER KNOB ACRYLIC EDWARDIAN,1
HANGING PHOTO CLIP ROPE LADDER,DOCTOR'S BAG SOFT TOY,1
HANGING PHOTO CLIP ROPE LADDER,EMBOSSED GLASS TEALIGHT HOLDER,1
HANGING QUILTED PATCHWORK APPLES,LARGE PURPLE BABUSHKA NOTEBOOK,2
HANGING QUILTED PATCHWORK APPLES,RED GINGHAM ROSE JEWELLERY BOX,2
HANGING QUILTED PATCHWORK APPLES,SET OF 20 KIDS COOKIE CUTTERS,2
HANGING QUILTED PATCHWORK APPLES,TREASURE TIN GYMKHANA DESIGN,2
HANGING QUILTED PATCHWORK APPLES,VINTAGE PAISLEY STATIONERY SET,2
HANGING SPRING FLOWER EGG LARGE,BLUE POLKADOT CUP,1
HANGING SPRING FLOWER EGG LARGE,CHILDS GARDEN BRUSH PINK,1
HANGING SPRING FLOWER EGG LARGE,CHARLOTTE BAG SUKI DESIGN,1
HANGING SPRING FLOWER EGG LARGE,GARLAND WOODEN HAPPY EASTER,1
HANGING SPRING FLOWER EGG LARGE,LUNCH BAG  BLACK SKULL.,1
HANGING SPRING FLOWER EGG SMALL,FRENCH LAVENDER SCENT HEART,1
HANGING SPRING FLOWER EGG SMALL,IVORY HANGING DECORATION  EGG,1
HANGING SPRING FLOWER EGG SMALL,GREEN REGENCY TEACUP AND SAUCER,1
HANGING SPRING FLOWER EGG SMALL,CLEAR DRAWER KNOB ACRYLIC EDWARDIAN,1
HANGING SPRING FLOWER EGG SMALL,FILIGREE HEART BIRD WHITE,1
HANGING WOOD AND FELT BUTTERFLY,GARLAND WOODEN HAPPY EASTER,2
HANGING WOOD AND FELT BUTTERFLY,DOG TOY WITH PINK CROCHET SKIRT,2
HANGING WOOD AND FELT BUTTERFLY,SMALL HANGING IVORY/RED WOOD BIRD,2
HANGING WOOD AND FELT BUTTERFLY,EMERGENCY FIRST AID TIN,1
HANGING WOOD AND FELT BUTTERFLY,GIRLS VINTAGE TIN SEASIDE BUCKET,1
HANGING WOOD AND FELT HEART,BLUE OWL SOFT TOY,1
HANGING WOOD AND FELT HEART,GARLAND WOODEN HAPPY EASTER,1
HANGING WOOD AND FELT HEART,COFFEE MUG DOG + BALL DESIGN,1
HANGING WOOD AND FELT HEART,DOLLY GIRL CHILDRENS EGG CUP,1
HANGING WOOD AND FELT HEART,COFFEE MUG PINK PAISLEY DESIGN,1
HAPPY STENCIL CRAFT,ALPHABET STENCIL CRAFT,3
HAPPY STENCIL CRAFT,RETROSPOT TEA SET CERAMIC 11 PC,3
HAPPY STENCIL CRAFT,PACK OF 12 TRADITIONAL CRAYONS,3
HAPPY STENCIL CRAFT,MONSTERS STENCIL CRAFT,3
HAPPY STENCIL CRAFT,TRADITIONAL KNITTING NANCY,2
HEADS AND TAILS SPORTING FUN,TRADITIONAL KNITTING NANCY,2
HEADS AND TAILS SPORTING FUN,VINTAGE SNAP CARDS,2
HEADS AND TAILS SPORTING FUN,LUNCH BAG WOODLAND,1
HEADS AND TAILS SPORTING FUN,CHOCOLATE CALCULATOR,1
HEADS AND TAILS SPORTING FUN,FELTCRAFT GIRL NICOLE KIT,1
HEART BUTTONS JEWELLERY BOX,CERAMIC LOVE HEART MONEY BANK,1
HEART BUTTONS JEWELLERY BOX,CERAMIC PIRATE CHEST MONEY BANK,1
HEART BUTTONS JEWELLERY BOX,CERAMIC STRAWBERRY CAKE MONEY BANK,1
HEART BUTTONS JEWELLERY BOX,GINGHAM HEART DECORATION,1
HEART BUTTONS JEWELLERY BOX,CERAMIC STRAWBERRY MONEY BOX,1
HEART CALCULATOR,3 HOOK PHOTO SHELF ANTIQUE WHITE,2
HEART CALCULATOR,SMALL WHITE HEART OF WICKER,2
HEART CALCULATOR,LUNCH BAG CARS BLUE,1
HEART CALCULATOR,FRENCH LAVENDER SCENT HEART,1
HEART CALCULATOR,LUNCH BAG WOODLAND,1
HEART DECORATION PAINTED ZINC,GLITTER HANGING BUTTERFLY STRING,1
HEART DECORATION PAINTED ZINC,IVORY WICKER HEART MEDIUM,1
HEART DECORATION PAINTED ZINC,EDWARDIAN PARASOL RED,1
HEART DECORATION PAINTED ZINC,BUNDLE OF 3 ALPHABET EXERCISE BOOKS,1
HEART DECORATION PAINTED ZINC,FAIRY CAKE DESIGN UMBRELLA,1
HEART DECORATION RUSTIC HANGING,SET OF 3 WOODEN HEART DECORATIONS,2
HEART DECORATION RUSTIC HANGING,SET OF 3 CAKE TINS PANTRY DESIGN,2
HEART DECORATION RUSTIC HANGING,FILIGREE HEART BIRD WHITE,2
HEART DECORATION RUSTIC HANGING,WHITE ROCKING HORSE HAND PAINTED,1
HEART DECORATION RUSTIC HANGING,WOOD STAMP SET HAPPY BIRTHDAY,1
HEART DECORATION WITH PEARLS,WHITE HANGING HEART T-LIGHT HOLDER,2
HEART DECORATION WITH PEARLS,LARGE HEART MEASURING SPOONS,1
HEART DECORATION WITH PEARLS,LARGE CIRCULAR MIRROR MOBILE,1
HEART DECORATION WITH PEARLS,IVORY KITCHEN SCALES,1
HEART DECORATION WITH PEARLS,FRENCH WC SIGN BLUE METAL,1
HEART FILIGREE DOVE  SMALL,LUNCH BAG PINK POLKADOT,1
HEART FILIGREE DOVE  SMALL,GREY HEART HOT WATER BOTTLE,1
HEART FILIGREE DOVE  SMALL,LUNCH BAG  BLACK SKULL.,1
HEART FILIGREE DOVE  SMALL,LOVE BUILDING BLOCK WORD,1
HEART FILIGREE DOVE  SMALL,CHARLIE + LOLA RED HOT WATER BOTTLE,1
HEART FILIGREE DOVE LARGE,LUNCH BAG PINK POLKADOT,1
HEART FILIGREE DOVE LARGE,GREY HEART HOT WATER BOTTLE,1
HEART FILIGREE DOVE LARGE,LUNCH BAG  BLACK SKULL.,1
HEART FILIGREE DOVE LARGE,LOVE BUILDING BLOCK WORD,1
HEART FILIGREE DOVE LARGE,CHARLIE + LOLA RED HOT WATER BOTTLE,1
HEART IVORY TRELLIS LARGE,WHITE HANGING HEART T-LIGHT HOLDER,3
HEART IVORY TRELLIS LARGE,ASSORTED COLOUR BIRD ORNAMENT,2
HEART IVORY TRELLIS LARGE,LUNCH BAG DOLLY GIRL DESIGN,2
HEART IVORY TRELLIS LARGE,LUNCH BAG CARS BLUE,2
HEART IVORY TRELLIS LARGE,COLOUR GLASS T-LIGHT HOLDER HANGING,2
HEART IVORY TRELLIS SMALL,LOVE BUILDING BLOCK WORD,2
HEART IVORY TRELLIS SMALL,HEART IVORY TRELLIS LARGE,2
HEART IVORY TRELLIS SMALL,JUMBO STORAGE BAG SUKI,2
HEART IVORY TRELLIS SMALL,DOORMAT AIRMAIL,2
HEART IVORY TRELLIS SMALL,FILIGRIS HEART WITH BUTTERFLY,2
HEART MINI PORTRAIT FRAME,CHRISTMAS HANGING STAR WITH BELL,1
HEART MINI PORTRAIT FRAME,CHRISTMAS RETROSPOT ANGEL WOOD,1
HEART MINI PORTRAIT FRAME,CHRISTMAS RETROSPOT STAR WOOD,1
HEART MINI PORTRAIT FRAME,HEART DECORATION PAINTED ZINC,1
HEART MINI PORTRAIT FRAME,50'S CHRISTMAS GIFT BAG LARGE,1
HEART MIRROR ANTIQUE WHITE,IVORY WICKER HEART LARGE,2
HEART MIRROR ANTIQUE WHITE,DECORATIVE WICKER HEART LARGE,2
HEART MIRROR ANTIQUE WHITE,METAL SIGN DROP YOUR PANTS,2
HEART MIRROR ANTIQUE WHITE,PACK OF 12 HEARTS DESIGN TISSUES,2
HEART MIRROR ANTIQUE WHITE,PHOTO FRAME CORNICE,2
HEART OF WICKER LARGE,HEART OF WICKER SMALL,5
HEART OF WICKER LARGE,LARGE WHITE HEART OF WICKER,3
HEART OF WICKER LARGE,JUMBO BAG VINTAGE LEAF,2
HEART OF WICKER LARGE,IVORY KITCHEN SCALES,2
HEART OF WICKER LARGE,LUNCH BAG RED RETROSPOT,2
HEART OF WICKER SMALL,SMALL WHITE HEART OF WICKER,7
HEART OF WICKER SMALL,HEART OF WICKER LARGE,5
HEART OF WICKER SMALL,NATURAL SLATE HEART CHALKBOARD,4
HEART OF WICKER SMALL,FRENCH ENAMEL CANDLEHOLDER,3
HEART OF WICKER SMALL,DECORATIVE WICKER HEART LARGE,3
HEART SHAPED HOLLY WREATH,6 GIFT TAGS VINTAGE CHRISTMAS,1
HEART SHAPED HOLLY WREATH,BISCUIT TIN 50'S CHRISTMAS,1
HEART SHAPED HOLLY WREATH,JUMBO BAG 50'S CHRISTMAS,1
HEART SHAPED HOLLY WREATH,JUMBO BAG VINTAGE CHRISTMAS,1
HEART SHAPED HOLLY WREATH,3D CHRISTMAS STAMPS STICKERS,1
HEART STRING MEMO HOLDER HANGING,CHRISTMAS TREE STAR DECORATION,1
HEART STRING MEMO HOLDER HANGING,HOME SWEET HOME BOTTLE,1
HEART STRING MEMO HOLDER HANGING,MAGIC DRAWING SLATE DOLLY GIRL,1
HEART STRING MEMO HOLDER HANGING,JUMBO BAG RED RETROSPOT,1
HEART STRING MEMO HOLDER HANGING,CARD CHRISTMAS VILLAGE,1
HEART T-LIGHT HOLDER WILLIE WINKIE,CARD HOLDER GINGHAM HEART,2
HEART T-LIGHT HOLDER WILLIE WINKIE,ZINC METAL HEART DECORATION,2
HEART T-LIGHT HOLDER WILLIE WINKIE,SET OF 3 CAKE TINS PANTRY DESIGN,2
HEART T-LIGHT HOLDER WILLIE WINKIE,SET OF 3 WOODEN HEART DECORATIONS,2
HEART T-LIGHT HOLDER WILLIE WINKIE,LIPSTICK PEN FUSCHIA,1
HEART TRELLISTRIPLE T-LIGHT HOLDER,ZINC FOLKART SLEIGH BELLS,1
HEART TRELLISTRIPLE T-LIGHT HOLDER,JAM MAKING SET PRINTED,1
HEART TRELLISTRIPLE T-LIGHT HOLDER,JAM JAR WITH GREEN LID,1
HEART TRELLISTRIPLE T-LIGHT HOLDER,ZINC METAL HEART DECORATION,1
HEART TRELLISTRIPLE T-LIGHT HOLDER,ANTIQUE SILVER T-LIGHT GLASS,1
HEARTS  STICKERS,HEARTS GIFT TAPE,1
HEARTS  STICKERS,72 SWEETHEART FAIRY CAKE CASES,1
HEARTS  STICKERS,LARGE HEART MEASURING SPOONS,1
HEARTS  STICKERS,FRENCH LAUNDRY SIGN BLUE METAL,1
HEARTS  STICKERS,HEART OF WICKER LARGE,1
HEARTS GIFT TAPE,LOVE HEART POCKET WARMER,2
HEARTS GIFT TAPE,HAND WARMER BABUSHKA DESIGN,2
HEARTS GIFT TAPE,ASSTD DESIGN 3D PAPER STICKERS,1
HEARTS GIFT TAPE,ALARM CLOCK BAKELIKE PINK,1
HEARTS GIFT TAPE,ALARM CLOCK BAKELIKE RED,1
HELLO SAILOR BLUE SOAP HOLDER,HEART OF WICKER SMALL,1
HELLO SAILOR BLUE SOAP HOLDER,AREA PATROLLED METAL SIGN,1
HELLO SAILOR BLUE SOAP HOLDER,JUMBO BAG OWLS,1
HELLO SAILOR BLUE SOAP HOLDER,LUNCH BAG WOODLAND,1
HELLO SAILOR BLUE SOAP HOLDER,LUNCH BAG DOLLY GIRL DESIGN,1
HEN HOUSE DECORATION,METAL 4 HOOK HANGER FRENCH CHATEAU,1
HEN HOUSE DECORATION,RED RETROSPOT SHOPPING BAG,1
HEN HOUSE DECORATION,REGENCY CAKESTAND 3 TIER,1
HEN HOUSE DECORATION,ROSE CARAVAN DOORSTOP,1
HEN HOUSE DECORATION,12 PENCILS TALL TUBE RED RETROSPOT,1
HERB MARKER BASIL,HERB MARKER ROSEMARY,5
HERB MARKER BASIL,HERB MARKER CHIVES,5
HERB MARKER BASIL,HERB MARKER THYME,4
HERB MARKER BASIL,HERB MARKER MINT,4
HERB MARKER BASIL,HERB MARKER PARSLEY,4
HERB MARKER CHIVES,HERB MARKER ROSEMARY,6
HERB MARKER CHIVES,HERB MARKER PARSLEY,5
HERB MARKER CHIVES,HERB MARKER MINT,5
HERB MARKER CHIVES,HERB MARKER BASIL,5
HERB MARKER CHIVES,GIN + TONIC DIET METAL SIGN,5
HERB MARKER MINT,HERB MARKER CHIVES,5
HERB MARKER MINT,HERB MARKER ROSEMARY,5
HERB MARKER MINT,HERB MARKER BASIL,4
HERB MARKER MINT,GIN + TONIC DIET METAL SIGN,4
HERB MARKER MINT,HERB MARKER PARSLEY,4
HERB MARKER PARSLEY,GIN + TONIC DIET METAL SIGN,5
HERB MARKER PARSLEY,HERB MARKER THYME,5
HERB MARKER PARSLEY,HERB MARKER ROSEMARY,5
HERB MARKER PARSLEY,HERB MARKER CHIVES,5
HERB MARKER PARSLEY,HERB MARKER MINT,4
HERB MARKER ROSEMARY,HERB MARKER CHIVES,6
HERB MARKER ROSEMARY,HERB MARKER MINT,5
HERB MARKER ROSEMARY,HERB MARKER BASIL,5
HERB MARKER ROSEMARY,HERB MARKER PARSLEY,5
HERB MARKER ROSEMARY,GIN + TONIC DIET METAL SIGN,5
HERB MARKER THYME,GIN + TONIC DIET METAL SIGN,5
HERB MARKER THYME,HERB MARKER ROSEMARY,5
HERB MARKER THYME,HERB MARKER PARSLEY,5
HERB MARKER THYME,HERB MARKER CHIVES,5
HERB MARKER THYME,HERB MARKER MINT,4
HI TEC ALPINE HAND WARMER,DOORSTOP RACING CAR DESIGN,1
HI TEC ALPINE HAND WARMER,CAKE PLATE LOVEBIRD WHITE,1
HI TEC ALPINE HAND WARMER,LOVE HEART POCKET WARMER,1
HI TEC ALPINE HAND WARMER,GUMBALL COAT RACK,1
HI TEC ALPINE HAND WARMER,BLACK AND WHITE CAT BOWL,1
HOLIDAY FUN LUDO,HEADS AND TAILS SPORTING FUN,1
HOLIDAY FUN LUDO,FELTCRAFT GIRL NICOLE KIT,1
HOLIDAY FUN LUDO,ALPHABET STENCIL CRAFT,1
HOLIDAY FUN LUDO,KITTY PENCIL ERASERS,1
HOLIDAY FUN LUDO,DINOSAUR PARTY BAG + STICKER SET,1
HOME BUILDING BLOCK WORD,LOVE BUILDING BLOCK WORD,4
HOME BUILDING BLOCK WORD,SWEETHEART RECIPE BOOK STAND,2
HOME BUILDING BLOCK WORD,SWEETHEART BIRD HOUSE,2
HOME BUILDING BLOCK WORD,6 RIBBONS RUSTIC CHARM,2
HOME BUILDING BLOCK WORD,WOODEN FRAME ANTIQUE WHITE,2
HOME SWEET HOME 3 PEG HANGER,HOME SWEET HOME BLACKBOARD,2
HOME SWEET HOME 3 PEG HANGER,LUNCH BAG RED RETROSPOT,2
HOME SWEET HOME 3 PEG HANGER,HOT BATHS METAL SIGN,2
HOME SWEET HOME 3 PEG HANGER,LUNCH BAG SUKI DESIGN,2
HOME SWEET HOME 3 PEG HANGER,SKULL DESIGN TV DINNER TRAY,2
HOME SWEET HOME BLACKBOARD,GUMBALL COAT RACK,3
HOME SWEET HOME BLACKBOARD,HAND OVER THE CHOCOLATE   SIGN,3
HOME SWEET HOME BLACKBOARD,GARDENERS KNEELING PAD KEEP CALM,2
HOME SWEET HOME BLACKBOARD,CHILLI LIGHTS,2
HOME SWEET HOME BLACKBOARD,BLUE HARMONICA IN BOX,2
HOME SWEET HOME BOTTLE,BISCUIT TIN VINTAGE CHRISTMAS,2
HOME SWEET HOME BOTTLE,ANTIQUE GLASS DRESSING TABLE POT,2
HOME SWEET HOME BOTTLE,LUNCH BAG  BLACK SKULL.,2
HOME SWEET HOME BOTTLE,CHARLOTTE BAG DOLLY GIRL DESIGN,2
HOME SWEET HOME BOTTLE,LUNCH BAG WOODLAND,2
HOME SWEET HOME CUSHION COVER,BLUE/CREAM STRIPE CUSHION COVER,1
HOME SWEET HOME CUSHION COVER,FRENCH BLUE METAL DOOR SIGN 9,1
HOME SWEET HOME CUSHION COVER,4 PINK FLOCK CHRISTMAS BALLS,1
HOME SWEET HOME CUSHION COVER,FELTCRAFT PRINCESS LOLA DOLL,1
HOME SWEET HOME CUSHION COVER,LUNCH BAG SUKI DESIGN,1
HOME SWEET HOME HANGING HEART,BLUE/CREAM STRIPE CUSHION COVER,1
HOME SWEET HOME HANGING HEART,FRENCH BLUE METAL DOOR SIGN 9,1
HOME SWEET HOME HANGING HEART,4 PINK FLOCK CHRISTMAS BALLS,1
HOME SWEET HOME HANGING HEART,FELTCRAFT PRINCESS LOLA DOLL,1
HOME SWEET HOME HANGING HEART,LUNCH BAG SUKI DESIGN,1
HOME SWEET HOME KEY HOLDER,LETTER HOLDER HOME SWEET HOME,2
HOME SWEET HOME KEY HOLDER,DISCO BALL CHRISTMAS DECORATION,2
HOME SWEET HOME KEY HOLDER,HOME SWEET HOME BLACKBOARD,2
HOME SWEET HOME KEY HOLDER,60 CAKE CASES VINTAGE CHRISTMAS,1
HOME SWEET HOME KEY HOLDER,COLOUR GLASS. STAR T-LIGHT HOLDER,1
HOME SWEET HOME METAL SIGN,HOME SWEET HOME MUG,2
HOME SWEET HOME METAL SIGN,NATURAL SLATE HEART CHALKBOARD,2
HOME SWEET HOME METAL SIGN,JUMBO BAG RED RETROSPOT,1
HOME SWEET HOME METAL SIGN,12 DAISY PEGS IN WOOD BOX,1
HOME SWEET HOME METAL SIGN,JUMBO BAG STRAWBERRY,1
HOME SWEET HOME MUG,COOK WITH WINE METAL SIGN,2
HOME SWEET HOME MUG,HOME SWEET HOME METAL SIGN,2
HOME SWEET HOME MUG,LUNCH BAG RED RETROSPOT,2
HOME SWEET HOME MUG,NATURAL SLATE HEART CHALKBOARD,2
HOME SWEET HOME MUG,LOVE BUILDING BLOCK WORD,2
HOMEMADE JAM SCENTED CANDLES,BUNNY EGG GARLAND,1
HOMEMADE JAM SCENTED CANDLES,LUNCH BAG SUKI DESIGN,1
HOMEMADE JAM SCENTED CANDLES,CHOCOLATE THIS WAY METAL SIGN,1
HOMEMADE JAM SCENTED CANDLES,DECORATION  PINK CHICK MAGIC GARDEN,1
HOMEMADE JAM SCENTED CANDLES,HANGING WOOD AND FELT BUTTERFLY,1
HOT BATHS METAL SIGN,LUNCH BAG WOODLAND,6
HOT BATHS METAL SIGN,GIN + TONIC DIET METAL SIGN,6
HOT BATHS METAL SIGN,CHOCOLATE THIS WAY METAL SIGN,5
HOT BATHS METAL SIGN,HAND OVER THE CHOCOLATE   SIGN,5
HOT BATHS METAL SIGN,LUNCH BAG CARS BLUE,5
HOT BATHS SOAP HOLDER,LUNCH BAG SUKI DESIGN,2
HOT BATHS SOAP HOLDER,LUNCH BAG RED RETROSPOT,2
HOT BATHS SOAP HOLDER,HOT BATHS METAL SIGN,2
HOT BATHS SOAP HOLDER,TREASURE TIN GYMKHANA DESIGN,2
HOT BATHS SOAP HOLDER,BUNDLE OF 3 SCHOOL EXERCISE BOOKS,1
HOT WATER BOTTLE BABUSHKA,MAGIC TREE -PAPER FLOWERS,1
HOT WATER BOTTLE BABUSHKA,CERAMIC CHERRY CAKE MONEY BANK,1
HOT WATER BOTTLE BABUSHKA,ESSENTIAL BALM 3.5G TIN IN ENVELOPE,1
HOT WATER BOTTLE BABUSHKA,HAND WARMER RED RETROSPOT,1
HOT WATER BOTTLE BABUSHKA,HAND WARMER BABUSHKA DESIGN,1
HOT WATER BOTTLE I AM SO POORLY,LOVE HOT WATER BOTTLE,6
HOT WATER BOTTLE I AM SO POORLY,CHOCOLATE HOT WATER BOTTLE,6
HOT WATER BOTTLE I AM SO POORLY,HOT WATER BOTTLE TEA AND SYMPATHY,5
HOT WATER BOTTLE I AM SO POORLY,WHITE SKULL HOT WATER BOTTLE,5
HOT WATER BOTTLE I AM SO POORLY,SCOTTIE DOG HOT WATER BOTTLE,4
HOT WATER BOTTLE KEEP CALM,LOVE HOT WATER BOTTLE,6
HOT WATER BOTTLE KEEP CALM,HOT WATER BOTTLE I AM SO POORLY,4
HOT WATER BOTTLE KEEP CALM,HOT WATER BOTTLE TEA AND SYMPATHY,4
HOT WATER BOTTLE KEEP CALM,WHITE SKULL HOT WATER BOTTLE,4
HOT WATER BOTTLE KEEP CALM,SCOTTIE DOG HOT WATER BOTTLE,4
HOT WATER BOTTLE TEA AND SYMPATHY,HAND WARMER BIRD DESIGN,5
HOT WATER BOTTLE TEA AND SYMPATHY,LOVE HOT WATER BOTTLE,5
HOT WATER BOTTLE TEA AND SYMPATHY,HOT WATER BOTTLE I AM SO POORLY,5
HOT WATER BOTTLE TEA AND SYMPATHY,GARDENERS KNEELING PAD KEEP CALM,4
HOT WATER BOTTLE TEA AND SYMPATHY,GARDENERS KNEELING PAD CUP OF TEA,4
HOUSE SHAPE PENCIL SHARPENER,DOORMAT FANCY FONT HOME SWEET HOME,1
HOUSE SHAPE PENCIL SHARPENER,BUNNY WOODEN PAINTED WITH BIRD,1
HOUSE SHAPE PENCIL SHARPENER,CARTOON  PENCIL SHARPENERS,1
HOUSE SHAPE PENCIL SHARPENER,LUNCH BAG ALPHABET DESIGN,1
HOUSE SHAPE PENCIL SHARPENER,DOORMAT VINTAGE LEAF,1
I CAN ONLY PLEASE ONE PERSON MUG,GUMBALL COAT RACK,2
I CAN ONLY PLEASE ONE PERSON MUG,LUNCH BAG WOODLAND,2
I CAN ONLY PLEASE ONE PERSON MUG,NO SINGING METAL SIGN,2
I CAN ONLY PLEASE ONE PERSON MUG,PLEASE ONE PERSON METAL SIGN,2
I CAN ONLY PLEASE ONE PERSON MUG,SMALL HANGING IVORY/RED WOOD BIRD,2
I LOVE LONDON BABY GIFT SET,BALLOON PUMP WITH 10 BALLOONS,1
I LOVE LONDON BABY GIFT SET,CHILDRENS CUTLERY POLKADOT PINK,1
I LOVE LONDON BABY GIFT SET,CHILDRENS CUTLERY RETROSPOT RED,1
I LOVE LONDON BABY GIFT SET,DOORMAT RED RETROSPOT,1
I LOVE LONDON BABY GIFT SET,ASSORTED COLOUR MINI CASES,1
I LOVE LONDON BEAKER,BUNDLE OF 3 SCHOOL EXERCISE BOOKS,1
I LOVE LONDON BEAKER,DOLLY GIRL CHILDRENS BOWL,1
I LOVE LONDON BEAKER,DOLLY GIRL CHILDRENS CUP,1
I LOVE LONDON BEAKER,BALLOONS  WRITING SET,1
I LOVE LONDON BEAKER,LUNCH BAG VINTAGE DOILY,1
I LOVE LONDON MINI BACKPACK,FELTCRAFT PRINCESS LOLA DOLL,1
I LOVE LONDON MINI BACKPACK,DOILY THANK YOU CARD,1
I LOVE LONDON MINI BACKPACK,MAGNETS PACK OF 4 SWALLOWS,1
I LOVE LONDON MINI BACKPACK,HEART OF WICKER SMALL,1
I LOVE LONDON MINI BACKPACK,LUNCH BAG SUKI DESIGN,1
I'M ON HOLIDAY METAL SIGN,HAND OVER THE CHOCOLATE   SIGN,5
I'M ON HOLIDAY METAL SIGN,IVORY KITCHEN SCALES,3
I'M ON HOLIDAY METAL SIGN,COOK WITH WINE METAL SIGN,3
I'M ON HOLIDAY METAL SIGN,CHOCOLATE THIS WAY METAL SIGN,2
I'M ON HOLIDAY METAL SIGN,PARTY METAL SIGN,2
ICE CREAM BUBBLES,GIRAFFE WOODEN RULER,1
ICE CREAM BUBBLES,HANGING QUILTED PATCHWORK APPLES,1
ICE CREAM BUBBLES,MAGNETS PACK OF 4 RETRO PHOTO,1
ICE CREAM BUBBLES,ANTIQUE SILVER BAUBLE LAMP,1
ICE CREAM BUBBLES,ICE CREAM SUNDAE LIP GLOSS,1
ICE CREAM PEN LIP GLOSS,3D TRADITIONAL CHRISTMAS STICKERS,1
ICE CREAM PEN LIP GLOSS,CHRISTMAS LIGHTS 10 SANTAS,1
ICE CREAM PEN LIP GLOSS,FELTCRAFT CUSHION BUTTERFLY,1
ICE CREAM PEN LIP GLOSS,HAND WARMER RED RETROSPOT,1
ICE CREAM PEN LIP GLOSS,HAND WARMER SCOTTY DOG DESIGN,1
ICE CREAM SUNDAE LIP GLOSS,APPLE BATH SPONGE,2
ICE CREAM SUNDAE LIP GLOSS,ENAMEL MEASURING JUG CREAM,1
ICE CREAM SUNDAE LIP GLOSS,ASSORTED COLOURS SILK FAN,1
ICE CREAM SUNDAE LIP GLOSS,HANGING QUILTED PATCHWORK APPLES,1
ICE CREAM SUNDAE LIP GLOSS,HAND WARMER OWL DESIGN,1
ICON MUG REVOLUTIONARY,I CAN ONLY PLEASE ONE PERSON MUG,1
ICON MUG REVOLUTIONARY,60 CAKE CASES DOLLY GIRL DESIGN,1
ICON MUG REVOLUTIONARY,GUMBALL COAT RACK,1
ICON MUG REVOLUTIONARY,12 PENCIL SMALL TUBE WOODLAND,1
ICON MUG REVOLUTIONARY,60 TEATIME FAIRY CAKE CASES,1
IF YOU CAN'T STAND THE HEAT MUG,GUMBALL COAT RACK,2
IF YOU CAN'T STAND THE HEAT MUG,POTTERING MUG,2
IF YOU CAN'T STAND THE HEAT MUG,LUNCH BAG PINK POLKADOT,1
IF YOU CAN'T STAND THE HEAT MUG,LUNCH BAG RED RETROSPOT,1
IF YOU CAN'T STAND THE HEAT MUG,MAGNETS PACK OF 4 VINTAGE COLLAGE,1
ILLUSTRATED CAT BOWL,6 EGG HOUSE PAINTED WOOD,1
ILLUSTRATED CAT BOWL,CHRISTMAS HANGING STAR WITH BELL,1
ILLUSTRATED CAT BOWL,CHRISTMAS HANGING TREE WITH BELL,1
ILLUSTRATED CAT BOWL,HEART T-LIGHT HOLDER WILLIE WINKIE,1
ILLUSTRATED CAT BOWL,CARD HOLDER GINGHAM HEART,1
IVORY CAFE HANGING LAMP,BAKING SET 9 PIECE RETROSPOT,1
IVORY CAFE HANGING LAMP,72 SWEETHEART FAIRY CAKE CASES,1
IVORY CAFE HANGING LAMP,CARRIAGE,1
IVORY CAFE HANGING LAMP,JAM MAKING SET PRINTED,1
IVORY CAFE HANGING LAMP,PACK OF 20 NAPKINS RED APPLES,1
IVORY DINER WALL CLOCK,SET OF 3 CAKE TINS PANTRY DESIGN,3
IVORY DINER WALL CLOCK,GIN + TONIC DIET METAL SIGN,3
IVORY DINER WALL CLOCK,VINTAGE DOILY DELUXE SEWING KIT,2
IVORY DINER WALL CLOCK,SET OF 3 HEART COOKIE CUTTERS,2
IVORY DINER WALL CLOCK,SET OF SALT AND PEPPER TOADSTOOLS,2
IVORY EMBROIDERED QUILT,JAM MAKING SET WITH JARS,1
IVORY EMBROIDERED QUILT,DOORMAT WELCOME PUPPIES,1
IVORY EMBROIDERED QUILT,JUMBO BAG WOODLAND ANIMALS,1
IVORY EMBROIDERED QUILT,LUNCH BAG SUKI  DESIGN,1
IVORY EMBROIDERED QUILT,JUMBO STORAGE BAG SKULLS,1
IVORY GIANT GARDEN THERMOMETER,GREEN GIANT GARDEN THERMOMETER,2
IVORY GIANT GARDEN THERMOMETER,BISCUIT TIN VINTAGE RED,1
IVORY GIANT GARDEN THERMOMETER,CLOTHES PEGS RETROSPOT PACK 24,1
IVORY GIANT GARDEN THERMOMETER,ASSORTED COLOUR BIRD ORNAMENT,1
IVORY GIANT GARDEN THERMOMETER,ENCHANTED BIRD COATHANGER 5 HOOK,1
IVORY HANGING DECORATION  EGG,FRENCH LAVENDER SCENT HEART,1
IVORY HANGING DECORATION  EGG,HANGING SPRING FLOWER EGG SMALL,1
IVORY HANGING DECORATION  EGG,GREEN REGENCY TEACUP AND SAUCER,1
IVORY HANGING DECORATION  EGG,CLEAR DRAWER KNOB ACRYLIC EDWARDIAN,1
IVORY HANGING DECORATION  EGG,FILIGREE HEART BIRD WHITE,1
IVORY HANGING DECORATION  HEART,DOORMAT WELCOME SUNRISE,1
IVORY HANGING DECORATION  HEART,GINGHAM HEART  DOORSTOP RED,1
IVORY HANGING DECORATION  HEART,"LETTER ""S"" BLING KEY RING",1
IVORY HANGING DECORATION  HEART,KEY RING BASEBALL BOOT ASSORTED,1
IVORY HANGING DECORATION  HEART,BLUE ROSE FABRIC MIRROR,1
IVORY KITCHEN SCALES,RED KITCHEN SCALES,3
IVORY KITCHEN SCALES,HEART OF WICKER SMALL,3
IVORY KITCHEN SCALES,HAND OVER THE CHOCOLATE   SIGN,3
IVORY KITCHEN SCALES,I'M ON HOLIDAY METAL SIGN,3
IVORY KITCHEN SCALES,WHITE HANGING HEART T-LIGHT HOLDER,2
IVORY PAPER CUP CAKE CASES,LUNCH BAG SPACEBOY DESIGN,3
IVORY PAPER CUP CAKE CASES,PACK OF 72 RETROSPOT CAKE CASES,3
IVORY PAPER CUP CAKE CASES,LUNCH BAG PINK POLKADOT,2
IVORY PAPER CUP CAKE CASES,ALARM CLOCK BAKELIKE GREEN,2
IVORY PAPER CUP CAKE CASES,ALARM CLOCK BAKELIKE PINK,2
IVORY STRING CURTAIN WITH POLE,EASTER DECORATION EGG BUNNY,1
IVORY STRING CURTAIN WITH POLE,CLOTHES PEGS RETROSPOT PACK 24,1
IVORY STRING CURTAIN WITH POLE,EASTER DECORATION HANGING BUNNY,1
IVORY STRING CURTAIN WITH POLE,FAMILY ALBUM WHITE PICTURE FRAME,1
IVORY STRING CURTAIN WITH POLE,FOLKART STAR CHRISTMAS DECORATIONS,1
IVORY SWEETHEART SOAP DISH,IVORY WIRE KITCHEN ORGANISER,1
IVORY SWEETHEART SOAP DISH,IVORY SWEETHEART WIRE LETTER RACK,1
IVORY SWEETHEART SOAP DISH,GOLD STANDING GNOME,1
IVORY SWEETHEART SOAP DISH,IVORY WIRE SWEETHEART LETTER TRAY,1
IVORY SWEETHEART SOAP DISH,BLUE SPOT CERAMIC DRAWER KNOB,1
IVORY SWEETHEART WIRE LETTER RACK,SET OF 3 CAKE TINS PANTRY DESIGN,3
IVORY SWEETHEART WIRE LETTER RACK,LOVE BUILDING BLOCK WORD,2
IVORY SWEETHEART WIRE LETTER RACK,DOILEY STORAGE TIN,2
IVORY SWEETHEART WIRE LETTER RACK,REGENCY CAKESTAND 3 TIER,2
IVORY SWEETHEART WIRE LETTER RACK,SET OF 3 REGENCY CAKE TINS,2
IVORY WICKER HEART LARGE,DECORATIVE WICKER HEART LARGE,3
IVORY WICKER HEART LARGE,WOOD BLACK BOARD ANT WHITE FINISH,3
IVORY WICKER HEART LARGE,HEART OF WICKER SMALL,2
IVORY WICKER HEART LARGE,NATURAL SLATE HEART CHALKBOARD,2
IVORY WICKER HEART LARGE,IVORY WICKER HEART MEDIUM,2
IVORY WICKER HEART MEDIUM,DECORATIVE WICKER HEART LARGE,2
IVORY WICKER HEART MEDIUM,HEART OF WICKER SMALL,2
IVORY WICKER HEART MEDIUM,IVORY WICKER HEART LARGE,2
IVORY WICKER HEART MEDIUM,NATURAL SLATE HEART CHALKBOARD,2
IVORY WICKER HEART MEDIUM,RETROSPOT HEART HOT WATER BOTTLE,2
IVORY WIRE KITCHEN ORGANISER,LARGE IVORY HEART WALL ORGANISER,1
IVORY WIRE KITCHEN ORGANISER,IVORY SWEETHEART SOAP DISH,1
IVORY WIRE KITCHEN ORGANISER,GOLD STANDING GNOME,1
IVORY WIRE KITCHEN ORGANISER,IVORY SWEETHEART WIRE LETTER RACK,1
IVORY WIRE KITCHEN ORGANISER,BLUE SPOT CERAMIC DRAWER KNOB,1
IVORY WIRE SWEETHEART LETTER TRAY,LARGE IVORY HEART WALL ORGANISER,1
IVORY WIRE SWEETHEART LETTER TRAY,IVORY SWEETHEART SOAP DISH,1
IVORY WIRE SWEETHEART LETTER TRAY,GOLD STANDING GNOME,1
IVORY WIRE SWEETHEART LETTER TRAY,IVORY SWEETHEART WIRE LETTER RACK,1
IVORY WIRE SWEETHEART LETTER TRAY,BLUE SPOT CERAMIC DRAWER KNOB,1
JAM CLOCK MAGNET,CHRISTMAS TREE STAR DECORATION,1
JAM CLOCK MAGNET,"LETTER ""Y"" BLING KEY RING",1
JAM CLOCK MAGNET,HOME SWEET HOME BOTTLE,1
JAM CLOCK MAGNET,MEASURING TAPE BABUSHKA PINK,1
JAM CLOCK MAGNET,CARD CHRISTMAS VILLAGE,1
JAM JAR WITH GREEN LID,JAM MAKING SET PRINTED,2
JAM JAR WITH GREEN LID,JAM JAR WITH PINK LID,2
JAM JAR WITH GREEN LID,ENVELOPE 50 BLOSSOM IMAGES,1
JAM JAR WITH GREEN LID,HOMEMADE JAM SCENTED CANDLES,1
JAM JAR WITH GREEN LID,JUMBO BAG DOILEY PATTERNS,1
JAM JAR WITH PINK LID,JAM MAKING SET PRINTED,3
JAM JAR WITH PINK LID,JAM JAR WITH GREEN LID,2
JAM JAR WITH PINK LID,LUNCH BAG DOILEY PATTERN,2
JAM JAR WITH PINK LID,ZINC METAL HEART DECORATION,2
JAM JAR WITH PINK LID,SET OF 3 HEART COOKIE CUTTERS,2
JAM MAKING SET PRINTED,RECIPE BOX PANTRY YELLOW DESIGN,4
JAM MAKING SET PRINTED,ALARM CLOCK BAKELIKE GREEN,3
JAM MAKING SET PRINTED,SET OF 12 FAIRY CAKE BAKING CASES,3
JAM MAKING SET PRINTED,VINTAGE DOILY TRAVEL SEWING KIT,3
JAM MAKING SET PRINTED,SET OF 4 PANTRY JELLY MOULDS,3
JAM MAKING SET WITH JARS,STRAWBERRY LUNCH BOX WITH CUTLERY,2
JAM MAKING SET WITH JARS,RED RETROSPOT ROUND CAKE TINS,2
JAM MAKING SET WITH JARS,PAPER CHAIN KIT EMPIRE,2
JAM MAKING SET WITH JARS,JAM MAKING SET PRINTED,2
JAM MAKING SET WITH JARS,WOODEN CROQUET GARDEN SET,1
JARDIN ETCHED GLASS CHEESE DISH,BISCUITS SMALL BOWL LIGHT BLUE,1
JARDIN ETCHED GLASS CHEESE DISH,CHARLIE AND LOLA FIGURES TINS,1
JARDIN ETCHED GLASS CHEESE DISH,CHARLIE AND LOLA TABLE TINS,1
JARDIN ETCHED GLASS CHEESE DISH,GLASS CHALICE BLUE SMALL,1
JARDIN ETCHED GLASS CHEESE DISH,GLASS CHALICE GREEN  SMALL,1
JARDIN ETCHED GLASS FRUITBOWL,CHARLIE + LOLA BISCUITS TINS,1
JARDIN ETCHED GLASS FRUITBOWL,LUNCH BAG SUKI DESIGN,1
JARDIN ETCHED GLASS FRUITBOWL,6 RIBBONS RUSTIC CHARM,1
JARDIN ETCHED GLASS FRUITBOWL,BLUE STRIPE CERAMIC DRAWER KNOB,1
JARDIN ETCHED GLASS FRUITBOWL,ENGLISH ROSE NOTEBOOK A7 SIZE,1
JARDIN ETCHED GLASS LARGE BELL JAR,BISCUITS SMALL BOWL LIGHT BLUE,1
JARDIN ETCHED GLASS LARGE BELL JAR,CHARLIE AND LOLA FIGURES TINS,1
JARDIN ETCHED GLASS LARGE BELL JAR,CHARLIE AND LOLA TABLE TINS,1
JARDIN ETCHED GLASS LARGE BELL JAR,GLASS CHALICE BLUE SMALL,1
JARDIN ETCHED GLASS LARGE BELL JAR,GLASS CHALICE GREEN  SMALL,1
JAZZ HEARTS ADDRESS BOOK,ZINC METAL HEART DECORATION,2
JAZZ HEARTS ADDRESS BOOK,LIPSTICK PEN BABY PINK,2
JAZZ HEARTS ADDRESS BOOK,LOVEBIRD HANGING DECORATION WHITE,2
JAZZ HEARTS ADDRESS BOOK,LIPSTICK PEN RED,1
JAZZ HEARTS ADDRESS BOOK,ENGLISH ROSE GARDEN SECATEURS,1
JAZZ HEARTS PURSE NOTEBOOK,LIPSTICK PEN BABY PINK,1
JAZZ HEARTS PURSE NOTEBOOK,BROWN CHECK CAT DOORSTOP,1
JAZZ HEARTS PURSE NOTEBOOK,LIPSTICK PEN FUSCHIA,1
JAZZ HEARTS PURSE NOTEBOOK,FOLDING BUTTERFLY MIRROR IVORY,1
JAZZ HEARTS PURSE NOTEBOOK,ENGLISH ROSE GARDEN SECATEURS,1
JIGSAW RABBIT AND BIRDHOUSE,EGG FRYING PAN MINT,1
JIGSAW RABBIT AND BIRDHOUSE,EGG FRYING PAN PINK,1
JIGSAW RABBIT AND BIRDHOUSE,EGG FRYING PAN RED,1
JIGSAW RABBIT AND BIRDHOUSE,BUBBLEGUM RING ASSORTED,1
JIGSAW RABBIT AND BIRDHOUSE,BLUE CIRCLES DESIGN TEDDY,1
JIGSAW TREE WITH BIRDHOUSE,CHARLOTTE BAG DOLLY GIRL DESIGN,1
JIGSAW TREE WITH BIRDHOUSE,DOORMAT VINTAGE LEAF,1
JIGSAW TREE WITH BIRDHOUSE,4 SKY BLUE DINNER CANDLES,1
JIGSAW TREE WITH BIRDHOUSE,ALARM CLOCK BAKELIKE RED,1
JIGSAW TREE WITH BIRDHOUSE,LUNCH BAG ALPHABET DESIGN,1
JINGLE BELL HEART DECORATION,HERB MARKER ROSEMARY,1
JINGLE BELL HEART DECORATION,HERB MARKER THYME,1
JINGLE BELL HEART DECORATION,FILIGREE HEART BIRD WHITE,1
JINGLE BELL HEART DECORATION,FAIRY CAKE DESIGN UMBRELLA,1
JINGLE BELL HEART DECORATION,FILIGREE HEART DAISY WHITE,1
JINGLE BELLS TREE DECORATION,CHRISTMAS TREE STAR DECORATION,1
JINGLE BELLS TREE DECORATION,"LETTER ""Y"" BLING KEY RING",1
JINGLE BELLS TREE DECORATION,HOME SWEET HOME BOTTLE,1
JINGLE BELLS TREE DECORATION,MEASURING TAPE BABUSHKA PINK,1
JINGLE BELLS TREE DECORATION,CARD CHRISTMAS VILLAGE,1
JOY LARGE WOOD LETTERS,DOORSTOP RACING CAR DESIGN,1
JOY LARGE WOOD LETTERS,CAKE PLATE LOVEBIRD WHITE,1
JOY LARGE WOOD LETTERS,IF YOU CAN'T STAND THE HEAT MUG,1
JOY LARGE WOOD LETTERS,GUMBALL COAT RACK,1
JOY LARGE WOOD LETTERS,BLACK AND WHITE CAT BOWL,1
JUMBO  BAG BAROQUE BLACK WHITE,JUMBO BAG RED RETROSPOT,4
JUMBO  BAG BAROQUE BLACK WHITE,JUMBO STORAGE BAG SUKI,3
JUMBO  BAG BAROQUE BLACK WHITE,LUNCH BAG RED RETROSPOT,3
JUMBO  BAG BAROQUE BLACK WHITE,JUMBO BAG VINTAGE DOILY,3
JUMBO  BAG BAROQUE BLACK WHITE,LUNCH BAG  BLACK SKULL.,3
JUMBO BAG 50'S CHRISTMAS,LUNCH BAG CARS BLUE,5
JUMBO BAG 50'S CHRISTMAS,LUNCH BAG  BLACK SKULL.,5
JUMBO BAG 50'S CHRISTMAS,JUMBO BAG VINTAGE DOILY,5
JUMBO BAG 50'S CHRISTMAS,JUMBO BAG VINTAGE CHRISTMAS,5
JUMBO BAG 50'S CHRISTMAS,LUNCH BAG WOODLAND,5
JUMBO BAG ALPHABET,JUMBO BAG RED RETROSPOT,5
JUMBO BAG ALPHABET,LUNCH BAG VINTAGE DOILY,4
JUMBO BAG ALPHABET,LUNCH BAG SUKI DESIGN,3
JUMBO BAG ALPHABET,JUMBO BAG APPLES,3
JUMBO BAG ALPHABET,LUNCH BAG PINK POLKADOT,3
JUMBO BAG APPLES,LUNCH BAG APPLE DESIGN,6
JUMBO BAG APPLES,LUNCH BAG VINTAGE DOILY,6
JUMBO BAG APPLES,JUMBO STORAGE BAG SKULLS,5
JUMBO BAG APPLES,JUMBO BAG PINK POLKADOT,5
JUMBO BAG APPLES,RED RETROSPOT UMBRELLA,4
JUMBO BAG CHARLIE AND LOLA TOYS,JUMBO STORAGE BAG SUKI,2
JUMBO BAG CHARLIE AND LOLA TOYS,JUMBO STORAGE BAG SKULLS,2
JUMBO BAG CHARLIE AND LOLA TOYS,PINK FAIRY CAKE CHILDRENS APRON,2
JUMBO BAG CHARLIE AND LOLA TOYS,LUNCH BAG  BLACK SKULL.,1
JUMBO BAG CHARLIE AND LOLA TOYS,JUMBO BAG TOYS,1
JUMBO BAG DOILEY PATTERNS,CARROT CHARLIE+LOLA COASTER SET,1
JUMBO BAG DOILEY PATTERNS,LARGE WHITE HEART OF WICKER,1
JUMBO BAG DOILEY PATTERNS,CHILDRENS CUTLERY POLKADOT PINK,1
JUMBO BAG DOILEY PATTERNS,LUNCH BAG PINK POLKADOT,1
JUMBO BAG DOILEY PATTERNS,CHILDRENS CUTLERY SPACEBOY,1
JUMBO BAG DOLLY GIRL DESIGN,LUNCH BAG VINTAGE DOILY,4
JUMBO BAG DOLLY GIRL DESIGN,LUNCH BAG  BLACK SKULL.,4
JUMBO BAG DOLLY GIRL DESIGN,CHARLOTTE BAG DOLLY GIRL DESIGN,4
JUMBO BAG DOLLY GIRL DESIGN,LUNCH BAG APPLE DESIGN,4
JUMBO BAG DOLLY GIRL DESIGN,LUNCH BAG WOODLAND,3
JUMBO BAG OWLS,JUMBO BAG PINK POLKADOT,5
JUMBO BAG OWLS,JUMBO BAG RED RETROSPOT,3
JUMBO BAG OWLS,LUNCH BAG PINK POLKADOT,3
JUMBO BAG OWLS,JUMBO BAG SCANDINAVIAN BLUE PAISLEY,3
JUMBO BAG OWLS,JUMBO BAG APPLES,3
JUMBO BAG PAISLEY PARK,JUMBO BAG TOYS,2
JUMBO BAG PAISLEY PARK,HOT WATER BOTTLE KEEP CALM,2
JUMBO BAG PAISLEY PARK,HAND WARMER BIRD DESIGN,2
JUMBO BAG PAISLEY PARK,HAND WARMER OWL DESIGN,2
JUMBO BAG PAISLEY PARK,LUNCH BAG PAISLEY PARK,2
JUMBO BAG PEARS,LUNCH BAG APPLE DESIGN,4
JUMBO BAG PEARS,JUMBO BAG APPLES,3
JUMBO BAG PEARS,LUNCH BAG PINK POLKADOT,3
JUMBO BAG PEARS,LUNCH BAG SPACEBOY DESIGN,3
JUMBO BAG PEARS,JUMBO BAG VINTAGE LEAF,3
JUMBO BAG PINK POLKADOT,JUMBO BAG RED RETROSPOT,7
JUMBO BAG PINK POLKADOT,JUMBO SHOPPER VINTAGE RED PAISLEY,6
JUMBO BAG PINK POLKADOT,JUMBO STORAGE BAG SUKI,6
JUMBO BAG PINK POLKADOT,LUNCH BAG RED RETROSPOT,5
JUMBO BAG PINK POLKADOT,LUNCH BAG CARS BLUE,5
JUMBO BAG PINK VINTAGE PAISLEY,LUNCH BAG CARS BLUE,5
JUMBO BAG PINK VINTAGE PAISLEY,JUMBO BAG RED RETROSPOT,5
JUMBO BAG PINK VINTAGE PAISLEY,JUMBO STORAGE BAG SUKI,5
JUMBO BAG PINK VINTAGE PAISLEY,LUNCH BAG PINK POLKADOT,5
JUMBO BAG PINK VINTAGE PAISLEY,JUMBO SHOPPER VINTAGE RED PAISLEY,4
JUMBO BAG RED RETROSPOT,JUMBO STORAGE BAG SUKI,9
JUMBO BAG RED RETROSPOT,LUNCH BAG RED RETROSPOT,7
JUMBO BAG RED RETROSPOT,JUMBO BAG PINK POLKADOT,7
JUMBO BAG RED RETROSPOT,JUMBO BAG WOODLAND ANIMALS,6
JUMBO BAG RED RETROSPOT,JUMBO SHOPPER VINTAGE RED PAISLEY,6
JUMBO BAG SCANDINAVIAN BLUE PAISLEY,JUMBO STORAGE BAG SUKI,5
JUMBO BAG SCANDINAVIAN BLUE PAISLEY,JUMBO BAG RED RETROSPOT,5
JUMBO BAG SCANDINAVIAN BLUE PAISLEY,LUNCH BAG RED RETROSPOT,4
JUMBO BAG SCANDINAVIAN BLUE PAISLEY,JUMBO SHOPPER VINTAGE RED PAISLEY,4
JUMBO BAG SCANDINAVIAN BLUE PAISLEY,JUMBO BAG PINK POLKADOT,4
JUMBO BAG SPACEBOY DESIGN,LUNCH BAG SPACEBOY DESIGN,4
JUMBO BAG SPACEBOY DESIGN,JUMBO BAG ALPHABET,3
JUMBO BAG SPACEBOY DESIGN,LUNCH BAG PINK POLKADOT,3
JUMBO BAG SPACEBOY DESIGN,JUMBO BAG APPLES,3
JUMBO BAG SPACEBOY DESIGN,CHARLOTTE BAG SUKI DESIGN,3
JUMBO BAG STRAWBERRY,JUMBO BAG RED RETROSPOT,6
JUMBO BAG STRAWBERRY,LUNCH BAG APPLE DESIGN,3
JUMBO BAG STRAWBERRY,PARTY METAL SIGN,3
JUMBO BAG STRAWBERRY,RED RETROSPOT CHARLOTTE BAG,3
JUMBO BAG STRAWBERRY,CHARLOTTE BAG DOLLY GIRL DESIGN,3
JUMBO BAG TOYS,JUMBO STORAGE BAG SUKI,5
JUMBO BAG TOYS,JUMBO SHOPPER VINTAGE RED PAISLEY,5
JUMBO BAG TOYS,JUMBO BAG WOODLAND ANIMALS,4
JUMBO BAG TOYS,JUMBO STORAGE BAG SKULLS,4
JUMBO BAG TOYS,JUMBO BAG APPLES,4
JUMBO BAG VINTAGE CHRISTMAS,JUMBO BAG 50'S CHRISTMAS,5
JUMBO BAG VINTAGE CHRISTMAS,LUNCH BAG WOODLAND,4
JUMBO BAG VINTAGE CHRISTMAS,LUNCH BAG  BLACK SKULL.,4
JUMBO BAG VINTAGE CHRISTMAS,LUNCH BAG CARS BLUE,4
JUMBO BAG VINTAGE CHRISTMAS,JUMBO STORAGE BAG SKULLS,3
JUMBO BAG VINTAGE DOILY,LUNCH BAG VINTAGE DOILY,5
JUMBO BAG VINTAGE DOILY,JUMBO BAG 50'S CHRISTMAS,5
JUMBO BAG VINTAGE DOILY,LUNCH BAG  BLACK SKULL.,5
JUMBO BAG VINTAGE DOILY,LUNCH BAG APPLE DESIGN,4
JUMBO BAG VINTAGE DOILY,HAND WARMER OWL DESIGN,4
JUMBO BAG VINTAGE LEAF,LUNCH BAG  BLACK SKULL.,4
JUMBO BAG VINTAGE LEAF,LUNCH BAG VINTAGE LEAF DESIGN,4
JUMBO BAG VINTAGE LEAF,JUMBO SHOPPER VINTAGE RED PAISLEY,4
JUMBO BAG VINTAGE LEAF,AREA PATROLLED METAL SIGN,4
JUMBO BAG VINTAGE LEAF,LUNCH BAG DOLLY GIRL DESIGN,4
JUMBO BAG WOODLAND ANIMALS,JUMBO STORAGE BAG SUKI,7
JUMBO BAG WOODLAND ANIMALS,JUMBO BAG RED RETROSPOT,6
JUMBO BAG WOODLAND ANIMALS,JUMBO STORAGE BAG SKULLS,5
JUMBO BAG WOODLAND ANIMALS,JUMBO SHOPPER VINTAGE RED PAISLEY,5
JUMBO BAG WOODLAND ANIMALS,JUMBO BAG PINK VINTAGE PAISLEY,4
JUMBO SHOPPER VINTAGE RED PAISLEY,JUMBO STORAGE BAG SUKI,8
JUMBO SHOPPER VINTAGE RED PAISLEY,JUMBO BAG PINK POLKADOT,6
JUMBO SHOPPER VINTAGE RED PAISLEY,JUMBO BAG RED RETROSPOT,6
JUMBO SHOPPER VINTAGE RED PAISLEY,JUMBO BAG WOODLAND ANIMALS,5
JUMBO SHOPPER VINTAGE RED PAISLEY,JUMBO BAG TOYS,5
JUMBO STORAGE BAG SKULLS,JUMBO STORAGE BAG SUKI,7
JUMBO STORAGE BAG SKULLS,LUNCH BAG  BLACK SKULL.,5
JUMBO STORAGE BAG SKULLS,LUNCH BAG WOODLAND,5
JUMBO STORAGE BAG SKULLS,JUMBO BAG WOODLAND ANIMALS,5
JUMBO STORAGE BAG SKULLS,JUMBO BAG APPLES,5
JUMBO STORAGE BAG SUKI,JUMBO BAG RED RETROSPOT,9
JUMBO STORAGE BAG SUKI,JUMBO SHOPPER VINTAGE RED PAISLEY,8
JUMBO STORAGE BAG SUKI,JUMBO STORAGE BAG SKULLS,7
JUMBO STORAGE BAG SUKI,JUMBO BAG WOODLAND ANIMALS,7
JUMBO STORAGE BAG SUKI,LUNCH BAG  BLACK SKULL.,7
JUNGLE POPSICLES ICE LOLLY MOULDS,HEADS AND TAILS SPORTING FUN,1
JUNGLE POPSICLES ICE LOLLY MOULDS,FELTCRAFT GIRL NICOLE KIT,1
JUNGLE POPSICLES ICE LOLLY MOULDS,ALPHABET STENCIL CRAFT,1
JUNGLE POPSICLES ICE LOLLY MOULDS,HOLIDAY FUN LUDO,1
JUNGLE POPSICLES ICE LOLLY MOULDS,DINOSAUR PARTY BAG + STICKER SET,1
"KEY FOB , BACK DOOR",CERAMIC PIRATE CHEST MONEY BANK,2
"KEY FOB , BACK DOOR",GUMBALL COAT RACK,2
"KEY FOB , BACK DOOR",TOAST ITS - FAIRY FLOWER,2
"KEY FOB , BACK DOOR",BISCUIT TIN VINTAGE CHRISTMAS,1
"KEY FOB , BACK DOOR",HANGING WOOD AND FELT BUTTERFLY,1
"KEY FOB , FRONT  DOOR",CHRISTMAS TREE STAR DECORATION,1
"KEY FOB , FRONT  DOOR","LETTER ""S"" BLING KEY RING",1
"KEY FOB , FRONT  DOOR",HOME SWEET HOME BOTTLE,1
"KEY FOB , FRONT  DOOR","LETTER ""Y"" BLING KEY RING",1
"KEY FOB , FRONT  DOOR",CARD CHRISTMAS VILLAGE,1
"KEY FOB , GARAGE DESIGN",LOVE BUILDING BLOCK WORD,1
"KEY FOB , GARAGE DESIGN",GREY HEART HOT WATER BOTTLE,1
"KEY FOB , GARAGE DESIGN","KEY FOB , SHED",1
"KEY FOB , GARAGE DESIGN",LUNCH BAG RED RETROSPOT,1
"KEY FOB , GARAGE DESIGN",CHARLIE + LOLA RED HOT WATER BOTTLE,1
"KEY FOB , SHED",JUMBO STORAGE BAG SUKI,2
"KEY FOB , SHED",LUNCH BAG SUKI DESIGN,2
"KEY FOB , SHED",LUNCH BAG  BLACK SKULL.,2
"KEY FOB , SHED",DOORMAT RED RETROSPOT,1
"KEY FOB , SHED",FILIGRIS HEART WITH BUTTERFLY,1
KEY RING BASEBALL BOOT ASSORTED,GLITTER HEART DECORATION,1
KEY RING BASEBALL BOOT ASSORTED,36 FOIL HEART CAKE CASES,1
KEY RING BASEBALL BOOT ASSORTED,36 FOIL STAR CAKE CASES,1
KEY RING BASEBALL BOOT ASSORTED,IVORY HANGING DECORATION  HEART,1
KEY RING BASEBALL BOOT ASSORTED,CERAMIC HEART FAIRY CAKE MONEY BANK,1
KEY RING BASEBALL BOOT UNION JACK,GLITTER HEART DECORATION,1
KEY RING BASEBALL BOOT UNION JACK,36 FOIL HEART CAKE CASES,1
KEY RING BASEBALL BOOT UNION JACK,36 FOIL STAR CAKE CASES,1
KEY RING BASEBALL BOOT UNION JACK,IVORY HANGING DECORATION  HEART,1
KEY RING BASEBALL BOOT UNION JACK,CERAMIC HEART FAIRY CAKE MONEY BANK,1
KIDS RAIN MAC PINK,GLASS JAR PEACOCK BATH SALTS,1
KIDS RAIN MAC PINK,JUMBO  BAG BAROQUE BLACK WHITE,1
KIDS RAIN MAC PINK,FILIGRIS HEART WITH BUTTERFLY,1
KIDS RAIN MAC PINK,"KEY FOB , BACK DOOR",1
KIDS RAIN MAC PINK,BOX OF 6 ASSORTED COLOUR TEASPOONS,1
KINGS CHOICE BISCUIT TIN,CERAMIC PIRATE CHEST MONEY BANK,1
KINGS CHOICE BISCUIT TIN,KITTENS DESIGN FLANNEL,1
KINGS CHOICE BISCUIT TIN,BOX OF 24 COCKTAIL PARASOLS,1
KINGS CHOICE BISCUIT TIN,KINGS CHOICE TEA CADDY,1
KINGS CHOICE BISCUIT TIN,DAIRY MAID LARGE MILK JUG,1
KINGS CHOICE GIANT TUBE MATCHES,VINTAGE UNION JACK MEMOBOARD,2
KINGS CHOICE GIANT TUBE MATCHES,FAIRY CAKE FLANNEL ASSORTED COLOUR,1
KINGS CHOICE GIANT TUBE MATCHES,LARGE CAKE TOWEL CHOCOLATE SPOTS,1
KINGS CHOICE GIANT TUBE MATCHES,4 LILY  BOTANICAL DINNER CANDLES,1
KINGS CHOICE GIANT TUBE MATCHES,LARGE CAKE TOWEL PINK SPOTS,1
KINGS CHOICE MUG,RETRO MOD TRAY,2
KINGS CHOICE MUG,VINTAGE BILLBOARD LOVE/HATE MUG,2
KINGS CHOICE MUG,LOVE HEART POCKET WARMER,1
KINGS CHOICE MUG,LARGE CAKE STAND HANGING HEARTS,1
KINGS CHOICE MUG,HAND OVER THE CHOCOLATE   SIGN,1
KINGS CHOICE TEA CADDY,DOORMAT AIRMAIL,2
KINGS CHOICE TEA CADDY,SMALL HEART MEASURING SPOONS,2
KINGS CHOICE TEA CADDY,BATHROOM METAL SIGN,1
KINGS CHOICE TEA CADDY,JUMBO BAG PINK VINTAGE PAISLEY,1
KINGS CHOICE TEA CADDY,JUMBO BAG RED RETROSPOT,1
KITCHEN METAL SIGN,BATHROOM METAL SIGN,2
KITCHEN METAL SIGN,72 SWEETHEART FAIRY CAKE CASES,1
KITCHEN METAL SIGN,HEART OF WICKER SMALL,1
KITCHEN METAL SIGN,LUNCH BAG SPACEBOY DESIGN,1
KITCHEN METAL SIGN,12 PENCIL SMALL TUBE WOODLAND,1
KITTENS DESIGN FLANNEL,SMALL HEART MEASURING SPOONS,2
KITTENS DESIGN FLANNEL,JUMBO BAG TOYS,1
KITTENS DESIGN FLANNEL,JUMBO BAG APPLES,1
KITTENS DESIGN FLANNEL,FELTCRAFT 6 FLOWER FRIENDS,1
KITTENS DESIGN FLANNEL,JUMBO BAG CHARLIE AND LOLA TOYS,1
KITTY PENCIL ERASERS,FOOD/DRINK SPONGE STICKERS,2
KITTY PENCIL ERASERS,CHOCOLATE CALCULATOR,2
KITTY PENCIL ERASERS,LUNCH BAG WOODLAND,2
KITTY PENCIL ERASERS,PARTY TIME PENCIL ERASERS,2
KITTY PENCIL ERASERS,SET OF 20 KIDS COOKIE CUTTERS,2
KNEELING MAT HOUSEWORK  DESIGN,ALARM CLOCK BAKELIKE PINK,1
KNEELING MAT HOUSEWORK  DESIGN,LUNCH BAG PAISLEY PARK,1
KNEELING MAT HOUSEWORK  DESIGN,HEART CALCULATOR,1
KNEELING MAT HOUSEWORK  DESIGN,DOORMAT HEARTS,1
KNEELING MAT HOUSEWORK  DESIGN,LADIES & GENTLEMEN METAL SIGN,1
KNICKERBOCKERGLORY MAGNET ASSORTED,FRENCH STYLE STORAGE JAR BONBONS,1
KNICKERBOCKERGLORY MAGNET ASSORTED,FRENCH STYLE STORAGE JAR CAFE,1
KNICKERBOCKERGLORY MAGNET ASSORTED,EDWARDIAN PARASOL RED,1
KNICKERBOCKERGLORY MAGNET ASSORTED,FELT TOADSTOOL LARGE,1
KNICKERBOCKERGLORY MAGNET ASSORTED,EASTER TIN BUNNY BOUQUET,1
KNITTED UNION FLAG HOT WATER BOTTLE,CHOCOLATE HOT WATER BOTTLE,3
KNITTED UNION FLAG HOT WATER BOTTLE,HOT WATER BOTTLE I AM SO POORLY,3
KNITTED UNION FLAG HOT WATER BOTTLE,PACK OF 20 SKULL PAPER NAPKINS,2
KNITTED UNION FLAG HOT WATER BOTTLE,JUMBO BAG PINK VINTAGE PAISLEY,2
KNITTED UNION FLAG HOT WATER BOTTLE,CHARLOTTE BAG SUKI DESIGN,2
LADIES & GENTLEMEN METAL SIGN,LUNCH BAG WOODLAND,3
LADIES & GENTLEMEN METAL SIGN,HOME BUILDING BLOCK WORD,2
LADIES & GENTLEMEN METAL SIGN,VINTAGE CHRISTMAS BUNTING,2
LADIES & GENTLEMEN METAL SIGN,GARDENERS KNEELING PAD KEEP CALM,2
LADIES & GENTLEMEN METAL SIGN,CHOCOLATE THIS WAY METAL SIGN,2
LADS ONLY TISSUE BOX,EMPIRE TISSUE BOX,1
LADS ONLY TISSUE BOX,BLUE POLKADOT BEAKER,1
LADS ONLY TISSUE BOX,CLASSIC FRENCH STYLE BASKET NATURAL,1
LADS ONLY TISSUE BOX,DANISH ROSE PHOTO FRAME,1
LADS ONLY TISSUE BOX,LOVE HEART TRINKET POT,1
LANDMARK FRAME CAMDEN TOWN,HAND WARMER BIRD DESIGN,1
LANDMARK FRAME CAMDEN TOWN,HAND WARMER OWL DESIGN,1
LANDMARK FRAME CAMDEN TOWN,6 GIFT TAGS VINTAGE CHRISTMAS,1
LANDMARK FRAME CAMDEN TOWN,GREY HEART HOT WATER BOTTLE,1
LANDMARK FRAME CAMDEN TOWN,JUMBO BAG VINTAGE DOILY,1
LARGE ANTIQUE WHITE PHOTO FRAME,GLASS BON BON JAR,1
LARGE ANTIQUE WHITE PHOTO FRAME,DOILEY STORAGE TIN,1
LARGE ANTIQUE WHITE PHOTO FRAME,DRAWER KNOB CRACKLE GLAZE BLUE,1
LARGE ANTIQUE WHITE PHOTO FRAME,DRAWER KNOB CRACKLE GLAZE GREEN,1
LARGE ANTIQUE WHITE PHOTO FRAME,DRAWER KNOB CRACKLE GLAZE IVORY,1
LARGE CAKE STAND  HANGING STRAWBERY,CAKE STAND LOVEBIRD 2 TIER WHITE,1
LARGE CAKE STAND  HANGING STRAWBERY,36 FOIL HEART CAKE CASES,1
LARGE CAKE STAND  HANGING STRAWBERY,ASSORTED COLOURS SILK FAN,1
LARGE CAKE STAND  HANGING STRAWBERY,ASSORTED MONKEY SUCTION CUP HOOK,1
LARGE CAKE STAND  HANGING STRAWBERY,CHARLIE+LOLA RED HOT WATER BOTTLE,1
LARGE CAKE STAND HANGING HEARTS,STRAWBERRY CERAMIC TRINKET BOX,2
LARGE CAKE STAND HANGING HEARTS,RED RETROSPOT SHOPPER BAG,2
LARGE CAKE STAND HANGING HEARTS,CHARLIE + LOLA BISCUITS TINS,2
LARGE CAKE STAND HANGING HEARTS,CHARLIE AND LOLA FIGURES TINS,2
LARGE CAKE STAND HANGING HEARTS,VINTAGE BILLBOARD LOVE/HATE MUG,1
LARGE CAKE TOWEL CHOCOLATE SPOTS,LARGE CAKE TOWEL PINK SPOTS,2
LARGE CAKE TOWEL CHOCOLATE SPOTS,"SWISS ROLL TOWEL, CHOCOLATE  SPOTS",2
LARGE CAKE TOWEL CHOCOLATE SPOTS,6 RIBBONS SHIMMERING PINKS,1
LARGE CAKE TOWEL CHOCOLATE SPOTS,DOORMAT UNION FLAG,1
LARGE CAKE TOWEL CHOCOLATE SPOTS,CAKES AND BOWS GIFT  TAPE,1
LARGE CAKE TOWEL PINK SPOTS,CREAM SLICE FLANNEL PINK SPOT,2
LARGE CAKE TOWEL PINK SPOTS,LARGE CAKE TOWEL CHOCOLATE SPOTS,2
LARGE CAKE TOWEL PINK SPOTS,"SWISS ROLL TOWEL, CHOCOLATE  SPOTS",2
LARGE CAKE TOWEL PINK SPOTS,HAND TOWEL PALE BLUE W FLOWERS,1
LARGE CAKE TOWEL PINK SPOTS,HAND TOWEL PINK FLOWER AND DAISY,1
LARGE CERAMIC TOP STORAGE JAR,REGENCY CAKESTAND 3 TIER,3
LARGE CERAMIC TOP STORAGE JAR,HAND OVER THE CHOCOLATE   SIGN,2
LARGE CERAMIC TOP STORAGE JAR,GIN + TONIC DIET METAL SIGN,2
LARGE CERAMIC TOP STORAGE JAR,POTTERING IN THE SHED METAL SIGN,2
LARGE CERAMIC TOP STORAGE JAR,SET OF SALT AND PEPPER TOADSTOOLS,2
LARGE CHINESE STYLE SCISSOR,COFFEE MUG DOG + BALL DESIGN,1
LARGE CHINESE STYLE SCISSOR,GENTLEMAN SHIRT REPAIR KIT,1
LARGE CHINESE STYLE SCISSOR,ALARM CLOCK BAKELIKE GREEN,1
LARGE CHINESE STYLE SCISSOR,ALARM CLOCK BAKELIKE IVORY,1
LARGE CHINESE STYLE SCISSOR,JAM MAKING SET PRINTED,1
LARGE CIRCULAR MIRROR MOBILE,IVORY KITCHEN SCALES,1
LARGE CIRCULAR MIRROR MOBILE,ANTIQUE TALL SWIRLGLASS TRINKET POT,1
LARGE CIRCULAR MIRROR MOBILE,HEART MIRROR ANTIQUE WHITE,1
LARGE CIRCULAR MIRROR MOBILE,JUMBO BAG VINTAGE DOILY,1
LARGE CIRCULAR MIRROR MOBILE,LARGE YELLOW BABUSHKA NOTEBOOK,1
LARGE DECO JEWELLERY STAND,BALLOON PUMP WITH 10 BALLOONS,1
LARGE DECO JEWELLERY STAND,CHARLOTTE BAG APPLES DESIGN,1
LARGE DECO JEWELLERY STAND,CHARLOTTE BAG DOLLY GIRL DESIGN,1
LARGE DECO JEWELLERY STAND,HAND WARMER BIRD DESIGN,1
LARGE DECO JEWELLERY STAND,JUMBO BAG STRAWBERRY,1
LARGE HEART MEASURING SPOONS,LOVE HEART SOCK HANGER,2
LARGE HEART MEASURING SPOONS,PIGGY BANK RETROSPOT,2
LARGE HEART MEASURING SPOONS,SMALL HEART MEASURING SPOONS,2
LARGE HEART MEASURING SPOONS,TEA BAG PLATE RED RETROSPOT,2
LARGE HEART MEASURING SPOONS,TEA TIME DES TEA COSY,2
LARGE IVORY HEART WALL ORGANISER,GOLD STANDING GNOME,1
LARGE IVORY HEART WALL ORGANISER,CREAM SWEETHEART MINI CHEST,1
LARGE IVORY HEART WALL ORGANISER,CREAM WALL PLANTER HEART SHAPED,1
LARGE IVORY HEART WALL ORGANISER,ANTIQUE GLASS PEDESTAL BOWL,1
LARGE IVORY HEART WALL ORGANISER,BOX OF 24 COCKTAIL PARASOLS,1
LARGE MEDINA STAMPED METAL BOWL,CHRISTMAS CRAFT WHITE FAIRY,1
LARGE MEDINA STAMPED METAL BOWL,HAND OVER THE CHOCOLATE   SIGN,1
LARGE MEDINA STAMPED METAL BOWL,ASSORTED COLOURS SILK FAN,1
LARGE MEDINA STAMPED METAL BOWL,I'M ON HOLIDAY METAL SIGN,1
LARGE MEDINA STAMPED METAL BOWL,ENAMEL FLOWER JUG CREAM,1
LARGE POPCORN HOLDER,FRENCH BLUE METAL DOOR SIGN 2,1
LARGE POPCORN HOLDER,FRENCH BLUE METAL DOOR SIGN 4,1
LARGE POPCORN HOLDER,BAKING MOULD EASTER EGG MILK CHOC,1
LARGE POPCORN HOLDER,BAKING MOULD EASTER EGG WHITE CHOC,1
LARGE POPCORN HOLDER,BAKING MOULD TOFFEE CUP CHOCOLATE,1
LARGE PURPLE BABUSHKA NOTEBOOK,TRADITIONAL KNITTING NANCY,3
LARGE PURPLE BABUSHKA NOTEBOOK,SET OF 20 KIDS COOKIE CUTTERS,3
LARGE PURPLE BABUSHKA NOTEBOOK,TREASURE TIN GYMKHANA DESIGN,2
LARGE PURPLE BABUSHKA NOTEBOOK,PLASTERS IN TIN STRONGMAN,2
LARGE PURPLE BABUSHKA NOTEBOOK,BAKING SET SPACEBOY DESIGN,2
LARGE RED BABUSHKA NOTEBOOK,LARGE PURPLE BABUSHKA NOTEBOOK,2
LARGE RED BABUSHKA NOTEBOOK,TRADITIONAL KNITTING NANCY,2
LARGE RED BABUSHKA NOTEBOOK,DOORMAT SPOTTY HOME SWEET HOME,1
LARGE RED BABUSHKA NOTEBOOK,JUMBO BAG VINTAGE CHRISTMAS,1
LARGE RED BABUSHKA NOTEBOOK,GYMKHANA TREASURE BOOK BOX,1
LARGE RED RETROSPOT WINDMILL,EGG FRYING PAN MINT,1
LARGE RED RETROSPOT WINDMILL,EGG FRYING PAN PINK,1
LARGE RED RETROSPOT WINDMILL,EGG FRYING PAN RED,1
LARGE RED RETROSPOT WINDMILL,BUBBLEGUM RING ASSORTED,1
LARGE RED RETROSPOT WINDMILL,BLUE CIRCLES DESIGN TEDDY,1
LARGE TORTILLA DESIGN RED BOWL,CONDIMENT TRAY 4 BOWLS AND 4 SPOONS,1
LARGE TORTILLA DESIGN RED BOWL,CHILLI LIGHTS,1
LARGE TORTILLA DESIGN RED BOWL,HANGING JAM JAR T-LIGHT HOLDER,1
LARGE TORTILLA DESIGN RED BOWL,PAPER BUNTING COLOURED LACE,1
LARGE TORTILLA DESIGN RED BOWL,SET/20 RED RETROSPOT PAPER NAPKINS,1
LARGE WHITE HEART OF WICKER,SMALL WHITE HEART OF WICKER,6
LARGE WHITE HEART OF WICKER,WHITE HANGING HEART T-LIGHT HOLDER,4
LARGE WHITE HEART OF WICKER,CHOCOLATE THIS WAY METAL SIGN,3
LARGE WHITE HEART OF WICKER,HOT BATHS METAL SIGN,3
LARGE WHITE HEART OF WICKER,GARDENERS KNEELING PAD KEEP CALM,3
LARGE YELLOW BABUSHKA NOTEBOOK,LARGE PURPLE BABUSHKA NOTEBOOK,2
LARGE YELLOW BABUSHKA NOTEBOOK,RED GINGHAM ROSE JEWELLERY BOX,2
LARGE YELLOW BABUSHKA NOTEBOOK,RED METAL BOX TOP SECRET,2
LARGE YELLOW BABUSHKA NOTEBOOK,FOLDING BUTTERFLY MIRROR HOT PINK,1
LARGE YELLOW BABUSHKA NOTEBOOK,LARGE RED BABUSHKA NOTEBOOK,1
LAUNDRY 15C METAL SIGN,HOT BATHS METAL SIGN,3
LAUNDRY 15C METAL SIGN,LUNCH BAG WOODLAND,3
LAUNDRY 15C METAL SIGN,LUNCH BAG DOLLY GIRL DESIGN,3
LAUNDRY 15C METAL SIGN,JUMBO BAG OWLS,2
LAUNDRY 15C METAL SIGN,AREA PATROLLED METAL SIGN,2
LAVENDER SCENT CAKE CANDLE,72 SWEETHEART FAIRY CAKE CASES,1
LAVENDER SCENT CAKE CANDLE,RED RETROSPOT PEG BAG,1
LAVENDER SCENT CAKE CANDLE,REX CASH+CARRY JUMBO SHOPPER,1
LAVENDER SCENT CAKE CANDLE,SET OF 36 PAISLEY FLOWER DOILIES,1
LAVENDER TOILETTE BOTTLE,CHRISTMAS TREE STAR DECORATION,1
LAVENDER TOILETTE BOTTLE,"LETTER ""J"" BLING KEY RING",1
LAVENDER TOILETTE BOTTLE,HOME SWEET HOME BOTTLE,1
LAVENDER TOILETTE BOTTLE,"LETTER ""L"" BLING KEY RING",1
LAVENDER TOILETTE BOTTLE,CARD CHRISTMAS VILLAGE,1
LE GRAND TRAY CHIC SET,LADIES & GENTLEMEN METAL SIGN,1
LE GRAND TRAY CHIC SET,BLUE PUDDING SPOON,1
LE GRAND TRAY CHIC SET,LUNCH BAG DOLLY GIRL DESIGN,1
LE GRAND TRAY CHIC SET,CHRISTMAS PUDDING TRINKET POT,1
LE GRAND TRAY CHIC SET,HOME BUILDING BLOCK WORD,1
"LETTER ""A"" BLING KEY RING",CHRISTMAS TREE STAR DECORATION,1
"LETTER ""A"" BLING KEY RING","LETTER ""J"" BLING KEY RING",1
"LETTER ""A"" BLING KEY RING",HOME SWEET HOME BOTTLE,1
"LETTER ""A"" BLING KEY RING","LETTER ""L"" BLING KEY RING",1
"LETTER ""A"" BLING KEY RING",CARD CHRISTMAS VILLAGE,1
"LETTER ""D"" BLING KEY RING",CHRISTMAS TREE STAR DECORATION,1
"LETTER ""D"" BLING KEY RING","LETTER ""J"" BLING KEY RING",1
"LETTER ""D"" BLING KEY RING",HOME SWEET HOME BOTTLE,1
"LETTER ""D"" BLING KEY RING","LETTER ""L"" BLING KEY RING",1
"LETTER ""D"" BLING KEY RING",CARD CHRISTMAS VILLAGE,1
"LETTER ""E"" BLING KEY RING",CHRISTMAS TREE STAR DECORATION,1
"LETTER ""E"" BLING KEY RING","LETTER ""J"" BLING KEY RING",1
"LETTER ""E"" BLING KEY RING",HOME SWEET HOME BOTTLE,1
"LETTER ""E"" BLING KEY RING","LETTER ""L"" BLING KEY RING",1
"LETTER ""E"" BLING KEY RING",CARD CHRISTMAS VILLAGE,1
"LETTER ""J"" BLING KEY RING",CHRISTMAS TREE STAR DECORATION,1
"LETTER ""J"" BLING KEY RING","LETTER ""E"" BLING KEY RING",1
"LETTER ""J"" BLING KEY RING",HOME SWEET HOME BOTTLE,1
"LETTER ""J"" BLING KEY RING","LETTER ""L"" BLING KEY RING",1
"LETTER ""J"" BLING KEY RING",CARD CHRISTMAS VILLAGE,1
"LETTER ""L"" BLING KEY RING",CHRISTMAS TREE STAR DECORATION,1
"LETTER ""L"" BLING KEY RING","LETTER ""E"" BLING KEY RING",1
"LETTER ""L"" BLING KEY RING",HOME SWEET HOME BOTTLE,1
"LETTER ""L"" BLING KEY RING","LETTER ""J"" BLING KEY RING",1
"LETTER ""L"" BLING KEY RING",CARD CHRISTMAS VILLAGE,1
"LETTER ""S"" BLING KEY RING",BROWN  PIRATE TREASURE CHEST,2
"LETTER ""S"" BLING KEY RING",DARK BIRD HOUSE TREE DECORATION,2
"LETTER ""S"" BLING KEY RING",LARGE WHITE HEART OF WICKER,2
"LETTER ""S"" BLING KEY RING",PAPER CHAIN KIT VINTAGE CHRISTMAS,2
"LETTER ""S"" BLING KEY RING",SPACEBOY MINI BACKPACK,2
"LETTER ""Y"" BLING KEY RING",CHRISTMAS TREE STAR DECORATION,1
"LETTER ""Y"" BLING KEY RING","LETTER ""E"" BLING KEY RING",1
"LETTER ""Y"" BLING KEY RING",HOME SWEET HOME BOTTLE,1
"LETTER ""Y"" BLING KEY RING","LETTER ""J"" BLING KEY RING",1
"LETTER ""Y"" BLING KEY RING",CARD CHRISTMAS VILLAGE,1
LETTER HOLDER HOME SWEET HOME,DISCO BALL CHRISTMAS DECORATION,2
LETTER HOLDER HOME SWEET HOME,HOME SWEET HOME KEY HOLDER,2
LETTER HOLDER HOME SWEET HOME,HOME SWEET HOME BLACKBOARD,2
LETTER HOLDER HOME SWEET HOME,60 CAKE CASES VINTAGE CHRISTMAS,1
LETTER HOLDER HOME SWEET HOME,COLOUR GLASS. STAR T-LIGHT HOLDER,1
LETTER SHAPE PENCIL SHARPENER,CHOCOLATE CALCULATOR,2
LETTER SHAPE PENCIL SHARPENER,FANCY FONTS BIRTHDAY WRAP,1
LETTER SHAPE PENCIL SHARPENER,CHARLOTTE BAG DOLLY GIRL DESIGN,1
LETTER SHAPE PENCIL SHARPENER,BUBBLEGUM RING ASSORTED,1
LETTER SHAPE PENCIL SHARPENER,12 PENCIL SMALL TUBE WOODLAND,1
LIGHT GARLAND BUTTERFILES PINK,BLUE POLKADOT KIDS BAG,1
LIGHT GARLAND BUTTERFILES PINK,LARGE WHITE HEART OF WICKER,1
LIGHT GARLAND BUTTERFILES PINK,"FANCY FONT BIRTHDAY CARD,",1
LIGHT GARLAND BUTTERFILES PINK,GIFT BAG PSYCHEDELIC APPLES,1
LIGHT GARLAND BUTTERFILES PINK,FUNKY DIVA PEN,1
LIPSTICK PEN BABY PINK,GIN + TONIC DIET METAL SIGN,2
LIPSTICK PEN BABY PINK,60 TEATIME FAIRY CAKE CASES,2
LIPSTICK PEN BABY PINK,GUMBALL COAT RACK,2
LIPSTICK PEN BABY PINK,JAZZ HEARTS ADDRESS BOOK,2
LIPSTICK PEN BABY PINK,METAL SIGN TAKE IT OR LEAVE IT,2
LIPSTICK PEN FUSCHIA,LIPSTICK PEN RED,2
LIPSTICK PEN FUSCHIA,ANGEL DECORATION 3 BUTTONS,1
LIPSTICK PEN FUSCHIA,HANGING QUILTED PATCHWORK APPLES,1
LIPSTICK PEN FUSCHIA,ANGEL DECORATION STARS ON DRESS,1
LIPSTICK PEN FUSCHIA,KINGS CHOICE GIANT TUBE MATCHES,1
LIPSTICK PEN RED,LIPSTICK PEN FUSCHIA,2
LIPSTICK PEN RED,LIPSTICK PEN BABY PINK,2
LIPSTICK PEN RED,CARD HOLDER GINGHAM HEART,1
LIPSTICK PEN RED,CREAM SLICE FLANNEL PINK SPOT,1
LIPSTICK PEN RED,JUMBO BAG SPACEBOY DESIGN,1
LONDON BUS COFFEE MUG,LUNCH BOX WITH CUTLERY RETROSPOT,1
LONDON BUS COFFEE MUG,6 GIFT TAGS 50'S CHRISTMAS,1
LONDON BUS COFFEE MUG,GIANT 50'S CHRISTMAS CRACKER,1
LONDON BUS COFFEE MUG,HOME BUILDING BLOCK WORD,1
LONDON BUS COFFEE MUG,FELTCRAFT DOLL EMILY,1
LOVE BUILDING BLOCK WORD,LUNCH BAG PINK POLKADOT,4
LOVE BUILDING BLOCK WORD,LUNCH BAG WOODLAND,4
LOVE BUILDING BLOCK WORD,HOME BUILDING BLOCK WORD,4
LOVE BUILDING BLOCK WORD,PLEASE ONE PERSON METAL SIGN,4
LOVE BUILDING BLOCK WORD,COOK WITH WINE METAL SIGN,4
LOVE HEART POCKET WARMER,HAND WARMER BABUSHKA DESIGN,3
LOVE HEART POCKET WARMER,HEARTS GIFT TAPE,2
LOVE HEART POCKET WARMER,S/4 VALENTINE DECOUPAGE HEART BOX,2
LOVE HEART POCKET WARMER,CERAMIC STRAWBERRY MONEY BOX,1
LOVE HEART POCKET WARMER,CAKE PLATE LOVEBIRD WHITE,1
LOVE HEART SOCK HANGER,LARGE HEART MEASURING SPOONS,2
LOVE HEART SOCK HANGER,SMALL HEART MEASURING SPOONS,2
LOVE HEART SOCK HANGER,TEA TIME DES TEA COSY,2
LOVE HEART SOCK HANGER,CERAMIC CAKE DESIGN SPOTTED MUG,1
LOVE HEART SOCK HANGER,CERAMIC CAKE DESIGN SPOTTED PLATE,1
LOVE HEART TRINKET POT,BLUE EGG  SPOON,2
LOVE HEART TRINKET POT,BLACK WINE GLASS,1
LOVE HEART TRINKET POT,LADS ONLY TISSUE BOX,1
LOVE HEART TRINKET POT,CERAMIC BOWL WITH LOVE HEART DESIGN,1
LOVE HEART TRINKET POT,BLUE POLKADOT EGG CUP,1
LOVE HOT WATER BOTTLE,HOT WATER BOTTLE I AM SO POORLY,6
LOVE HOT WATER BOTTLE,HOT WATER BOTTLE KEEP CALM,6
LOVE HOT WATER BOTTLE,HAND WARMER BIRD DESIGN,5
LOVE HOT WATER BOTTLE,HOT WATER BOTTLE TEA AND SYMPATHY,5
LOVE HOT WATER BOTTLE,HAND WARMER UNION JACK,5
LOVEBIRD HANGING DECORATION WHITE,JUMBO STORAGE BAG SUKI,2
LOVEBIRD HANGING DECORATION WHITE,LIPSTICK PEN BABY PINK,2
LOVEBIRD HANGING DECORATION WHITE,HANGING HEART MIRROR DECORATION,2
LOVEBIRD HANGING DECORATION WHITE,JAZZ HEARTS ADDRESS BOOK,2
LOVEBIRD HANGING DECORATION WHITE,ZINC METAL HEART DECORATION,2
LOVELY BONBON STICKER SHEET,CHRISTMAS TREE STAR DECORATION,1
LOVELY BONBON STICKER SHEET,"LETTER ""E"" BLING KEY RING",1
LOVELY BONBON STICKER SHEET,HOME SWEET HOME BOTTLE,1
LOVELY BONBON STICKER SHEET,"LETTER ""J"" BLING KEY RING",1
LOVELY BONBON STICKER SHEET,CARD CHRISTMAS VILLAGE,1
LUNCH BAG  BLACK SKULL.,LUNCH BAG CARS BLUE,14
LUNCH BAG  BLACK SKULL.,LUNCH BAG SUKI DESIGN,12
LUNCH BAG  BLACK SKULL.,LUNCH BAG WOODLAND,11
LUNCH BAG  BLACK SKULL.,LUNCH BAG RED RETROSPOT,10
LUNCH BAG  BLACK SKULL.,LUNCH BAG SPACEBOY DESIGN,8
LUNCH BAG ALPHABET DESIGN,LUNCH BAG APPLE DESIGN,6
LUNCH BAG ALPHABET DESIGN,LUNCH BAG VINTAGE DOILY,6
LUNCH BAG ALPHABET DESIGN,LUNCH BAG CARS BLUE,6
LUNCH BAG ALPHABET DESIGN,LUNCH BAG SPACEBOY DESIGN,5
LUNCH BAG ALPHABET DESIGN,LUNCH BAG SUKI DESIGN,5
LUNCH BAG APPLE DESIGN,LUNCH BAG CARS BLUE,8
LUNCH BAG APPLE DESIGN,LUNCH BAG  BLACK SKULL.,8
LUNCH BAG APPLE DESIGN,LUNCH BAG VINTAGE DOILY,7
LUNCH BAG APPLE DESIGN,LUNCH BAG RED RETROSPOT,6
LUNCH BAG APPLE DESIGN,LUNCH BAG ALPHABET DESIGN,6
LUNCH BAG CARS BLUE,LUNCH BAG  BLACK SKULL.,14
LUNCH BAG CARS BLUE,LUNCH BAG SUKI DESIGN,13
LUNCH BAG CARS BLUE,LUNCH BAG RED RETROSPOT,12
LUNCH BAG CARS BLUE,LUNCH BAG WOODLAND,12
LUNCH BAG CARS BLUE,LUNCH BAG PINK POLKADOT,10
LUNCH BAG DOILEY PATTERN,LUNCH BAG CARS BLUE,3
LUNCH BAG DOILEY PATTERN,LUNCH BAG APPLE DESIGN,3
LUNCH BAG DOILEY PATTERN,JUMBO STORAGE BAG SUKI,3
LUNCH BAG DOILEY PATTERN,SET OF 12 FAIRY CAKE BAKING CASES,3
LUNCH BAG DOILEY PATTERN,SET OF 4 KNICK KNACK TINS DOILEY,3
LUNCH BAG DOLLY GIRL DESIGN,LUNCH BAG WOODLAND,7
LUNCH BAG DOLLY GIRL DESIGN,LUNCH BAG SPACEBOY DESIGN,7
LUNCH BAG DOLLY GIRL DESIGN,LUNCH BAG CARS BLUE,7
LUNCH BAG DOLLY GIRL DESIGN,LUNCH BAG  BLACK SKULL.,7
LUNCH BAG DOLLY GIRL DESIGN,LUNCH BAG PINK POLKADOT,6
LUNCH BAG PAISLEY PARK,HAND WARMER UNION JACK,3
LUNCH BAG PAISLEY PARK,SCOTTIE DOG HOT WATER BOTTLE,3
LUNCH BAG PAISLEY PARK,LUNCH BAG  BLACK SKULL.,3
LUNCH BAG PAISLEY PARK,LOVE HOT WATER BOTTLE,3
LUNCH BAG PAISLEY PARK,HOT WATER BOTTLE KEEP CALM,3
LUNCH BAG PINK POLKADOT,LUNCH BAG CARS BLUE,10
LUNCH BAG PINK POLKADOT,LUNCH BAG RED RETROSPOT,9
LUNCH BAG PINK POLKADOT,LUNCH BAG SPACEBOY DESIGN,8
LUNCH BAG PINK POLKADOT,LUNCH BAG  BLACK SKULL.,7
LUNCH BAG PINK POLKADOT,LUNCH BAG WOODLAND,7
LUNCH BAG RED RETROSPOT,LUNCH BAG CARS BLUE,12
LUNCH BAG RED RETROSPOT,LUNCH BAG WOODLAND,11
LUNCH BAG RED RETROSPOT,LUNCH BAG SUKI DESIGN,11
LUNCH BAG RED RETROSPOT,LUNCH BAG  BLACK SKULL.,10
LUNCH BAG RED RETROSPOT,LUNCH BAG PINK POLKADOT,9
LUNCH BAG RED VINTAGE DOILY,10 COLOUR SPACEBOY PEN,1
LUNCH BAG RED VINTAGE DOILY,JUMBO BAG VINTAGE LEAF,1
LUNCH BAG RED VINTAGE DOILY,JUMBO BAG WOODLAND ANIMALS,1
LUNCH BAG RED VINTAGE DOILY,12 PENCIL SMALL TUBE WOODLAND,1
LUNCH BAG RED VINTAGE DOILY,12 PENCILS SMALL TUBE RED RETROSPOT,1
LUNCH BAG SPACEBOY DESIGN,LUNCH BAG WOODLAND,9
LUNCH BAG SPACEBOY DESIGN,LUNCH BAG PINK POLKADOT,8
LUNCH BAG SPACEBOY DESIGN,LUNCH BAG  BLACK SKULL.,8
LUNCH BAG SPACEBOY DESIGN,LUNCH BAG CARS BLUE,8
LUNCH BAG SPACEBOY DESIGN,LUNCH BAG DOLLY GIRL DESIGN,7
LUNCH BAG SUKI  DESIGN,SKULLS AND CROSSBONES WRAP,2
LUNCH BAG SUKI  DESIGN,HANGING METAL RABBIT DECORATION,1
LUNCH BAG SUKI  DESIGN,IVORY EMBROIDERED QUILT,1
LUNCH BAG SUKI  DESIGN,GARLAND WOODEN HAPPY EASTER,1
LUNCH BAG SUKI  DESIGN,LUNCH BAG SPACEBOY DESIGN,1
LUNCH BAG SUKI DESIGN,LUNCH BAG CARS BLUE,13
LUNCH BAG SUKI DESIGN,LUNCH BAG  BLACK SKULL.,12
LUNCH BAG SUKI DESIGN,LUNCH BAG RED RETROSPOT,11
LUNCH BAG SUKI DESIGN,LUNCH BAG WOODLAND,9
LUNCH BAG SUKI DESIGN,LUNCH BAG SPACEBOY DESIGN,7
LUNCH BAG VINTAGE DOILY,LUNCH BAG CARS BLUE,7
LUNCH BAG VINTAGE DOILY,LUNCH BAG APPLE DESIGN,7
LUNCH BAG VINTAGE DOILY,LUNCH BAG  BLACK SKULL.,6
LUNCH BAG VINTAGE DOILY,JUMBO BAG APPLES,6
LUNCH BAG VINTAGE DOILY,LUNCH BAG WOODLAND,6
LUNCH BAG VINTAGE LEAF DESIGN,LUNCH BAG CARS BLUE,5
LUNCH BAG VINTAGE LEAF DESIGN,LUNCH BAG RED RETROSPOT,5
LUNCH BAG VINTAGE LEAF DESIGN,LUNCH BAG SUKI DESIGN,5
LUNCH BAG VINTAGE LEAF DESIGN,LUNCH BAG  BLACK SKULL.,5
LUNCH BAG VINTAGE LEAF DESIGN,JUMBO BAG VINTAGE LEAF,4
LUNCH BAG WOODLAND,LUNCH BAG CARS BLUE,12
LUNCH BAG WOODLAND,LUNCH BAG  BLACK SKULL.,11
LUNCH BAG WOODLAND,LUNCH BAG RED RETROSPOT,11
LUNCH BAG WOODLAND,LUNCH BAG SUKI DESIGN,9
LUNCH BAG WOODLAND,LUNCH BAG SPACEBOY DESIGN,9
LUNCH BOX I LOVE LONDON,LUNCH BAG APPLE DESIGN,3
LUNCH BOX I LOVE LONDON,JUMBO BAG APPLES,3
LUNCH BOX I LOVE LONDON,JUMBO SHOPPER VINTAGE RED PAISLEY,3
LUNCH BOX I LOVE LONDON,METAL 4 HOOK HANGER FRENCH CHATEAU,3
LUNCH BOX I LOVE LONDON,JUMBO STORAGE BAG SUKI,3
LUNCH BOX WITH CUTLERY RETROSPOT,LUNCH BAG PINK POLKADOT,2
LUNCH BOX WITH CUTLERY RETROSPOT,BALLOONS  WRITING SET,2
LUNCH BOX WITH CUTLERY RETROSPOT,LUNCH BAG APPLE DESIGN,2
LUNCH BOX WITH CUTLERY RETROSPOT,FELTCRAFT CHRISTMAS FAIRY,2
LUNCH BOX WITH CUTLERY RETROSPOT,BUNDLE OF 3 ALPHABET EXERCISE BOOKS,2
MA CAMPAGNE CUTLERY BOX,HAND OVER THE CHOCOLATE   SIGN,1
MA CAMPAGNE CUTLERY BOX,DOG TOY WITH PINK CROCHET SKIRT,1
MA CAMPAGNE CUTLERY BOX,BEACH HUT SHELF W 3 DRAWERS,1
MA CAMPAGNE CUTLERY BOX,HEART IVORY TRELLIS LARGE,1
MA CAMPAGNE CUTLERY BOX,COOK WITH WINE METAL SIGN,1
MADRAS NOTEBOOK MEDIUM,EMPIRE TISSUE BOX,1
MADRAS NOTEBOOK MEDIUM,BLUE POLKADOT BEAKER,1
MADRAS NOTEBOOK MEDIUM,CLASSIC FRENCH STYLE BASKET NATURAL,1
MADRAS NOTEBOOK MEDIUM,DANISH ROSE PHOTO FRAME,1
MADRAS NOTEBOOK MEDIUM,LOVE HEART TRINKET POT,1
MAGIC DRAWING SLATE BAKE A CAKE,10 COLOUR SPACEBOY PEN,1
MAGIC DRAWING SLATE BAKE A CAKE,JUMBO BAG VINTAGE LEAF,1
MAGIC DRAWING SLATE BAKE A CAKE,JUMBO BAG WOODLAND ANIMALS,1
MAGIC DRAWING SLATE BAKE A CAKE,12 PENCIL SMALL TUBE WOODLAND,1
MAGIC DRAWING SLATE BAKE A CAKE,12 PENCILS SMALL TUBE RED RETROSPOT,1
MAGIC DRAWING SLATE CIRCUS PARADE,PLASTERS IN TIN CIRCUS PARADE,3
MAGIC DRAWING SLATE CIRCUS PARADE,PLASTERS IN TIN WOODLAND ANIMALS,3
MAGIC DRAWING SLATE CIRCUS PARADE,ROUND SNACK BOXES SET OF4 WOODLAND,3
MAGIC DRAWING SLATE CIRCUS PARADE,BUNDLE OF 3 SCHOOL EXERCISE BOOKS,2
MAGIC DRAWING SLATE CIRCUS PARADE,36 PENCILS TUBE RED RETROSPOT,2
MAGIC DRAWING SLATE DINOSAUR,10 COLOUR SPACEBOY PEN,1
MAGIC DRAWING SLATE DINOSAUR,JUMBO BAG VINTAGE LEAF,1
MAGIC DRAWING SLATE DINOSAUR,JUMBO BAG WOODLAND ANIMALS,1
MAGIC DRAWING SLATE DINOSAUR,12 PENCIL SMALL TUBE WOODLAND,1
MAGIC DRAWING SLATE DINOSAUR,12 PENCILS SMALL TUBE RED RETROSPOT,1
MAGIC DRAWING SLATE DOLLY GIRL,MAGIC DRAWING SLATE SPACEBOY,3
MAGIC DRAWING SLATE DOLLY GIRL,JUMBO BAG VINTAGE DOILY,3
MAGIC DRAWING SLATE DOLLY GIRL,JUMBO BAG 50'S CHRISTMAS,3
MAGIC DRAWING SLATE DOLLY GIRL,AREA PATROLLED METAL SIGN,2
MAGIC DRAWING SLATE DOLLY GIRL,JUMBO BAG STRAWBERRY,2
MAGIC DRAWING SLATE LEAP FROG,10 COLOUR SPACEBOY PEN,1
MAGIC DRAWING SLATE LEAP FROG,JUMBO BAG VINTAGE LEAF,1
MAGIC DRAWING SLATE LEAP FROG,JUMBO BAG WOODLAND ANIMALS,1
MAGIC DRAWING SLATE LEAP FROG,12 PENCIL SMALL TUBE WOODLAND,1
MAGIC DRAWING SLATE LEAP FROG,12 PENCILS SMALL TUBE RED RETROSPOT,1
MAGIC DRAWING SLATE PURDEY,LUNCH BAG CARS BLUE,2
MAGIC DRAWING SLATE PURDEY,VINTAGE UNION JACK BUNTING,2
MAGIC DRAWING SLATE PURDEY,DISCO BALL ROTATOR BATTERY OPERATED,1
MAGIC DRAWING SLATE PURDEY,JUMBO BAG SCANDINAVIAN BLUE PAISLEY,1
MAGIC DRAWING SLATE PURDEY,12 PENCIL SMALL TUBE WOODLAND,1
MAGIC DRAWING SLATE SPACEBOY,MAGIC DRAWING SLATE DOLLY GIRL,3
MAGIC DRAWING SLATE SPACEBOY,JUMBO BAG 50'S CHRISTMAS,3
MAGIC DRAWING SLATE SPACEBOY,JUMBO BAG VINTAGE DOILY,3
MAGIC DRAWING SLATE SPACEBOY,AREA PATROLLED METAL SIGN,2
MAGIC DRAWING SLATE SPACEBOY,JUMBO BAG RED RETROSPOT,2
MAGIC SHEEP WOOL GROWING FROM PAPER,GIRAFFE WOODEN RULER,1
MAGIC SHEEP WOOL GROWING FROM PAPER,HANGING QUILTED PATCHWORK APPLES,1
MAGIC SHEEP WOOL GROWING FROM PAPER,ICE CREAM BUBBLES,1
MAGIC SHEEP WOOL GROWING FROM PAPER,ANTIQUE SILVER BAUBLE LAMP,1
MAGIC SHEEP WOOL GROWING FROM PAPER,LARGE PURPLE BABUSHKA NOTEBOOK,1
MAGIC TREE -PAPER FLOWERS,HAND WARMER BABUSHKA DESIGN,2
MAGIC TREE -PAPER FLOWERS,CERAMIC STRAWBERRY CAKE MONEY BANK,1
MAGIC TREE -PAPER FLOWERS,ASSORTED COLOURS SILK FAN,1
MAGIC TREE -PAPER FLOWERS,MAGNETS PACK OF 4 CHILDHOOD MEMORY,1
MAGIC TREE -PAPER FLOWERS,HAND WARMER BIRD DESIGN,1
MAGNETS PACK OF 4 CHILDHOOD MEMORY,GARDENERS KNEELING PAD CUP OF TEA,2
MAGNETS PACK OF 4 CHILDHOOD MEMORY,GIN + TONIC DIET METAL SIGN,2
MAGNETS PACK OF 4 CHILDHOOD MEMORY,HOT BATHS METAL SIGN,2
MAGNETS PACK OF 4 CHILDHOOD MEMORY,GARDENERS KNEELING PAD KEEP CALM,2
MAGNETS PACK OF 4 CHILDHOOD MEMORY,HAND WARMER OWL DESIGN,2
MAGNETS PACK OF 4 HOME SWEET HOME,ALARM CLOCK BAKELIKE GREEN,2
MAGNETS PACK OF 4 HOME SWEET HOME,DOORMAT SPOTTY HOME SWEET HOME,2
MAGNETS PACK OF 4 HOME SWEET HOME,DOORMAT RED RETROSPOT,2
MAGNETS PACK OF 4 HOME SWEET HOME,MAGNETS PACK OF 4 VINTAGE COLLAGE,2
MAGNETS PACK OF 4 HOME SWEET HOME,ALARM CLOCK BAKELIKE IVORY,2
MAGNETS PACK OF 4 RETRO PHOTO,ALARM CLOCK BAKELIKE PINK,2
MAGNETS PACK OF 4 RETRO PHOTO,MAGNETS PACK OF 4 CHILDHOOD MEMORY,2
MAGNETS PACK OF 4 RETRO PHOTO,CARD CIRCUS PARADE,2
MAGNETS PACK OF 4 RETRO PHOTO,DOLLY GIRL MINI BACKPACK,2
MAGNETS PACK OF 4 RETRO PHOTO,HEART OF WICKER SMALL,2
MAGNETS PACK OF 4 SWALLOWS,ALARM CLOCK BAKELIKE GREEN,3
MAGNETS PACK OF 4 SWALLOWS,ALARM CLOCK BAKELIKE IVORY,3
MAGNETS PACK OF 4 SWALLOWS,LUNCH BAG SPACEBOY DESIGN,3
MAGNETS PACK OF 4 SWALLOWS,SPACEBOY BIRTHDAY CARD,3
MAGNETS PACK OF 4 SWALLOWS,LUNCH BAG DOLLY GIRL DESIGN,2
MAGNETS PACK OF 4 VINTAGE COLLAGE,3 HOOK PHOTO SHELF ANTIQUE WHITE,2
MAGNETS PACK OF 4 VINTAGE COLLAGE,ASSORTED COLOUR BIRD ORNAMENT,2
MAGNETS PACK OF 4 VINTAGE COLLAGE,ALARM CLOCK BAKELIKE CHOCOLATE,2
MAGNETS PACK OF 4 VINTAGE COLLAGE,MAGNETS PACK OF 4 SWALLOWS,2
MAGNETS PACK OF 4 VINTAGE COLLAGE,MAGNETS PACK OF 4 HOME SWEET HOME,2
MAGNETS PACK OF 4 VINTAGE LABELS,LUNCH BAG CARS BLUE,1
MAGNETS PACK OF 4 VINTAGE LABELS,EDWARDIAN PARASOL BLACK,1
MAGNETS PACK OF 4 VINTAGE LABELS,EDWARDIAN PARASOL NATURAL,1
MAGNETS PACK OF 4 VINTAGE LABELS,MAGNETS PACK OF 4 CHILDHOOD MEMORY,1
MAGNETS PACK OF 4 VINTAGE LABELS,CREAM CUPID HEARTS COAT HANGER,1
MAKE YOUR OWN MONSOON CARD KIT,JUNGLE POPSICLES ICE LOLLY MOULDS,1
MAKE YOUR OWN MONSOON CARD KIT,FAIRY TALE COTTAGE NIGHTLIGHT,1
MAKE YOUR OWN MONSOON CARD KIT,FELTCRAFT DOLL MOLLY,1
MAKE YOUR OWN MONSOON CARD KIT,CHOCOLATE CALCULATOR,1
MAKE YOUR OWN MONSOON CARD KIT,LUNCH BAG WOODLAND,1
MAKE YOUR OWN PLAYTIME CARD KIT,BUNDLE OF 3 RETRO NOTE BOOKS,2
MAKE YOUR OWN PLAYTIME CARD KIT,BUNDLE OF 3 SCHOOL EXERCISE BOOKS,2
MAKE YOUR OWN PLAYTIME CARD KIT,LARGE PURPLE BABUSHKA NOTEBOOK,2
MAKE YOUR OWN PLAYTIME CARD KIT,SET OF 20 KIDS COOKIE CUTTERS,2
MAKE YOUR OWN PLAYTIME CARD KIT,WATERING CAN BLUE ELEPHANT,2
MANUAL,CHILDRENS CUTLERY POLKADOT GREEN,1
MANUAL,DOLLY GIRL CHILDRENS CUP,1
MANUAL,CHILDRENS CUTLERY RETROSPOT RED,1
MANUAL,ANTIQUE TALL SWIRLGLASS TRINKET POT,1
MANUAL,CHILDRENS CUTLERY SPACEBOY,1
MEASURING TAPE BABUSHKA PINK,CHRISTMAS TREE STAR DECORATION,1
MEASURING TAPE BABUSHKA PINK,"LETTER ""E"" BLING KEY RING",1
MEASURING TAPE BABUSHKA PINK,HOME SWEET HOME BOTTLE,1
MEASURING TAPE BABUSHKA PINK,"LETTER ""J"" BLING KEY RING",1
MEASURING TAPE BABUSHKA PINK,CARD CHRISTMAS VILLAGE,1
MEASURING TAPE BABUSHKA RED,EGG FRYING PAN MINT,1
MEASURING TAPE BABUSHKA RED,EGG FRYING PAN PINK,1
MEASURING TAPE BABUSHKA RED,EGG FRYING PAN RED,1
MEASURING TAPE BABUSHKA RED,BUBBLEGUM RING ASSORTED,1
MEASURING TAPE BABUSHKA RED,BLUE CIRCLES DESIGN TEDDY,1
MEDIUM CERAMIC TOP STORAGE JAR,BLACK CHRISTMAS TREE 120CM,1
MEDIUM CERAMIC TOP STORAGE JAR,BREAD BIN DINER STYLE IVORY,1
MEDIUM CERAMIC TOP STORAGE JAR,HOT WATER BOTTLE TEA AND SYMPATHY,1
MEDIUM CERAMIC TOP STORAGE JAR,BREAD BIN DINER STYLE PINK,1
MEDIUM CERAMIC TOP STORAGE JAR,CHILDRENS APRON APPLES DESIGN,1
MEDIUM MEDINA STAMPED METAL BOWL,LARGE CIRCULAR MIRROR MOBILE,1
MEDIUM MEDINA STAMPED METAL BOWL,ASSORTED TUTTI FRUTTI HEART BOX,1
MEDIUM MEDINA STAMPED METAL BOWL,LARGE YELLOW BABUSHKA NOTEBOOK,1
MEDIUM MEDINA STAMPED METAL BOWL,DECORATIVE WICKER HEART LARGE,1
MEDIUM MEDINA STAMPED METAL BOWL,IVORY WICKER HEART LARGE,1
MEMO BOARD COTTAGE DESIGN,BOX OF 6 ASSORTED COLOUR TEASPOONS,2
MEMO BOARD COTTAGE DESIGN,FELTCRAFT 6 FLOWER FRIENDS,2
MEMO BOARD COTTAGE DESIGN,PINK CREAM FELT CRAFT TRINKET BOX,2
MEMO BOARD COTTAGE DESIGN,12 EGG HOUSE PAINTED WOOD,1
MEMO BOARD COTTAGE DESIGN,FELTCRAFT BUTTERFLY HEARTS,1
MEMO BOARD RETROSPOT  DESIGN,FELTCRAFT BUTTERFLY HEARTS,2
MEMO BOARD RETROSPOT  DESIGN,BOX OF 6 ASSORTED COLOUR TEASPOONS,1
MEMO BOARD RETROSPOT  DESIGN,CHOCOLATE BOX RIBBONS,1
MEMO BOARD RETROSPOT  DESIGN,FELTCRAFT CUSHION BUTTERFLY,1
MEMO BOARD RETROSPOT  DESIGN,CREAM SWEETHEART EGG HOLDER,1
METAL 4 HOOK HANGER FRENCH CHATEAU,JUMBO STORAGE BAG SUKI,4
METAL 4 HOOK HANGER FRENCH CHATEAU,JUMBO BAG PINK POLKADOT,3
METAL 4 HOOK HANGER FRENCH CHATEAU,JUMBO SHOPPER VINTAGE RED PAISLEY,3
METAL 4 HOOK HANGER FRENCH CHATEAU,JUMBO BAG WOODLAND ANIMALS,3
METAL 4 HOOK HANGER FRENCH CHATEAU,NATURAL SLATE HEART CHALKBOARD,3
METAL DECORATION NAUGHTY CHILDREN,"AIRLINE LOUNGE,METAL SIGN",2
METAL DECORATION NAUGHTY CHILDREN,60 CAKE CASES DOLLY GIRL DESIGN,2
METAL DECORATION NAUGHTY CHILDREN,60 TEATIME FAIRY CAKE CASES,2
METAL DECORATION NAUGHTY CHILDREN,WOODEN BOX OF DOMINOES,1
METAL DECORATION NAUGHTY CHILDREN,WRAP ENGLISH ROSE,1
METAL MERRY CHRISTMAS WREATH,SET OF 20 VINTAGE CHRISTMAS NAPKINS,2
METAL MERRY CHRISTMAS WREATH,ENGLISH ROSE GARDEN SECATEURS,1
METAL MERRY CHRISTMAS WREATH,BLUE PUDDING SPOON,1
METAL MERRY CHRISTMAS WREATH,HOME SWEET HOME BOTTLE,1
METAL MERRY CHRISTMAS WREATH,LUNCH BAG  BLACK SKULL.,1
METAL SIGN CUPCAKE SINGLE HOOK,LUNCH BAG  BLACK SKULL.,1
METAL SIGN CUPCAKE SINGLE HOOK,GIN + TONIC DIET METAL SIGN,1
METAL SIGN CUPCAKE SINGLE HOOK,BLACK/BLUE POLKADOT UMBRELLA,1
METAL SIGN CUPCAKE SINGLE HOOK,HAND WARMER OWL DESIGN,1
METAL SIGN CUPCAKE SINGLE HOOK,ANTIQUE CREAM CUTLERY SHELF,1
METAL SIGN DROP YOUR PANTS,HAND OVER THE CHOCOLATE   SIGN,5
METAL SIGN DROP YOUR PANTS,CHOCOLATE THIS WAY METAL SIGN,4
METAL SIGN DROP YOUR PANTS,GIN + TONIC DIET METAL SIGN,4
METAL SIGN DROP YOUR PANTS,GARDENERS KNEELING PAD KEEP CALM,3
METAL SIGN DROP YOUR PANTS,GARDENERS KNEELING PAD CUP OF TEA,3
METAL SIGN EMPIRE TEA,CHRISTMAS CRAFT TREE TOP ANGEL,2
METAL SIGN EMPIRE TEA,GUMBALL COAT RACK,2
METAL SIGN EMPIRE TEA,ASSORTED COLOURS SILK FAN,2
METAL SIGN EMPIRE TEA,LUNCH BAG  BLACK SKULL.,2
METAL SIGN EMPIRE TEA,JUMBO BAG RED RETROSPOT,2
METAL SIGN HER DINNER IS SERVED,HAND WARMER BABUSHKA DESIGN,2
METAL SIGN HER DINNER IS SERVED,FELTCRAFT CUSHION BUTTERFLY,2
METAL SIGN HER DINNER IS SERVED,ABSTRACT CIRCLES SKETCHBOOK,1
METAL SIGN HER DINNER IS SERVED,HAND WARMER RED RETROSPOT,1
METAL SIGN HER DINNER IS SERVED,FELTCRAFT DOLL MOLLY,1
METAL SIGN HIS DINNER IS SERVED,PLEASE ONE PERSON METAL SIGN,2
METAL SIGN HIS DINNER IS SERVED,PARTY METAL SIGN,2
METAL SIGN HIS DINNER IS SERVED,METAL SIGN DROP YOUR PANTS,2
METAL SIGN HIS DINNER IS SERVED,LUNCH BAG WOODLAND,2
METAL SIGN HIS DINNER IS SERVED,LUNCH BAG  BLACK SKULL.,2
METAL SIGN NEIGHBOURHOOD WITCH,HOT BATHS METAL SIGN,2
METAL SIGN NEIGHBOURHOOD WITCH,HANGING HEART WITH BELL,2
METAL SIGN NEIGHBOURHOOD WITCH,CHOCOLATE THIS WAY METAL SIGN,2
METAL SIGN NEIGHBOURHOOD WITCH,LARGE WHITE HEART OF WICKER,2
METAL SIGN NEIGHBOURHOOD WITCH,JUMBO BAG VINTAGE DOILY,2
METAL SIGN TAKE IT OR LEAVE IT,HOT BATHS METAL SIGN,4
METAL SIGN TAKE IT OR LEAVE IT,GIN + TONIC DIET METAL SIGN,3
METAL SIGN TAKE IT OR LEAVE IT,LUNCH BAG WOODLAND,3
METAL SIGN TAKE IT OR LEAVE IT,JUMBO STORAGE BAG SUKI,3
METAL SIGN TAKE IT OR LEAVE IT,GUMBALL COAT RACK,3
"METAL SIGN,CUPCAKE SINGLE HOOK",LUNCH BAG  BLACK SKULL.,1
"METAL SIGN,CUPCAKE SINGLE HOOK",GIN + TONIC DIET METAL SIGN,1
"METAL SIGN,CUPCAKE SINGLE HOOK",BLACK/BLUE POLKADOT UMBRELLA,1
"METAL SIGN,CUPCAKE SINGLE HOOK",HAND WARMER OWL DESIGN,1
"METAL SIGN,CUPCAKE SINGLE HOOK",ANTIQUE CREAM CUTLERY SHELF,1
MIDNIGHT BLUE GLASS/SILVER BRACELET,FUNKY DIVA PEN,1
MIDNIGHT BLUE GLASS/SILVER BRACELET,LIGHT GARLAND BUTTERFILES PINK,1
MIDNIGHT BLUE GLASS/SILVER BRACELET,LARGE WHITE HEART OF WICKER,1
MIDNIGHT BLUE GLASS/SILVER BRACELET,GIFT BAG PSYCHEDELIC APPLES,1
MIDNIGHT BLUE GLASS/SILVER BRACELET,"FANCY FONT BIRTHDAY CARD,",1
MINI CAKE STAND  HANGING STRAWBERY,VINTAGE UNION JACK BUNTING,2
MINI CAKE STAND  HANGING STRAWBERY,NATURAL SLATE HEART CHALKBOARD,2
MINI CAKE STAND  HANGING STRAWBERY,SET OF 3 BUTTERFLY COOKIE CUTTERS,2
MINI CAKE STAND  HANGING STRAWBERY,DOTCOM POSTAGE,2
MINI CAKE STAND  HANGING STRAWBERY,JUMBO BAG WOODLAND ANIMALS,2
MINI FUNKY DESIGN TAPES,HI TEC ALPINE HAND WARMER,1
MINI FUNKY DESIGN TAPES,FILIGRIS HEART WITH BUTTERFLY,1
MINI FUNKY DESIGN TAPES,BOTTLE BAG RETROSPOT,1
MINI FUNKY DESIGN TAPES,CAKE PLATE LOVEBIRD WHITE,1
MINI FUNKY DESIGN TAPES,JOY LARGE WOOD LETTERS,1
MINI JIGSAW CIRCUS PARADE,60 CAKE CASES DOLLY GIRL DESIGN,1
MINI JIGSAW CIRCUS PARADE,FRENCH WC SIGN BLUE METAL,1
MINI JIGSAW CIRCUS PARADE,60 TEATIME FAIRY CAKE CASES,1
MINI JIGSAW CIRCUS PARADE,12 PENCIL SMALL TUBE WOODLAND,1
MINI JIGSAW CIRCUS PARADE,FRIDGE MAGNETS LA VIE EN ROSE,1
MINI JIGSAW DINOSAUR,FUNKY DIVA PEN,1
MINI JIGSAW DINOSAUR,LIGHT GARLAND BUTTERFILES PINK,1
MINI JIGSAW DINOSAUR,LARGE WHITE HEART OF WICKER,1
MINI JIGSAW DINOSAUR,GIFT BAG PSYCHEDELIC APPLES,1
MINI JIGSAW DINOSAUR,"FANCY FONT BIRTHDAY CARD,",1
MINI JIGSAW DOLLY GIRL,60 CAKE CASES DOLLY GIRL DESIGN,1
MINI JIGSAW DOLLY GIRL,FRENCH WC SIGN BLUE METAL,1
MINI JIGSAW DOLLY GIRL,60 TEATIME FAIRY CAKE CASES,1
MINI JIGSAW DOLLY GIRL,12 PENCIL SMALL TUBE WOODLAND,1
MINI JIGSAW DOLLY GIRL,FRIDGE MAGNETS LA VIE EN ROSE,1
MINI JIGSAW SPACEBOY,60 CAKE CASES DOLLY GIRL DESIGN,1
MINI JIGSAW SPACEBOY,FRENCH WC SIGN BLUE METAL,1
MINI JIGSAW SPACEBOY,60 TEATIME FAIRY CAKE CASES,1
MINI JIGSAW SPACEBOY,12 PENCIL SMALL TUBE WOODLAND,1
MINI JIGSAW SPACEBOY,FRIDGE MAGNETS LA VIE EN ROSE,1
MINI LADLE LOVE HEART PINK,DRAWER KNOB CRACKLE GLAZE GREEN,1
MINI LADLE LOVE HEART PINK,4 PINK FLOCK CHRISTMAS BALLS,1
MINI LADLE LOVE HEART PINK,HANGING QUILTED PATCHWORK APPLES,1
MINI LADLE LOVE HEART PINK,DRAWER KNOB CRACKLE GLAZE PINK,1
MINI LADLE LOVE HEART PINK,DISCO BALL CHRISTMAS DECORATION,1
MINI PAINT SET VINTAGE,ALARM CLOCK BAKELIKE GREEN,3
MINI PAINT SET VINTAGE,ALARM CLOCK BAKELIKE ORANGE,2
MINI PAINT SET VINTAGE,ALARM CLOCK BAKELIKE PINK,2
MINI PAINT SET VINTAGE,CHARLOTTE BAG APPLES DESIGN,2
MINI PAINT SET VINTAGE,CHARLOTTE BAG VINTAGE ALPHABET,2
MINI PLAYING CARDS BUFFALO BILL,MINI PLAYING CARDS DOLLY GIRL,2
MINI PLAYING CARDS BUFFALO BILL,BICYCLE PUNCTURE REPAIR KIT,1
MINI PLAYING CARDS BUFFALO BILL,BICYCLE SAFTEY WALL ART,1
MINI PLAYING CARDS BUFFALO BILL,GREY HEART HOT WATER BOTTLE,1
MINI PLAYING CARDS BUFFALO BILL,CLASSIC BICYCLE CLIPS,1
MINI PLAYING CARDS DOLLY GIRL,MINI PLAYING CARDS BUFFALO BILL,2
MINI PLAYING CARDS DOLLY GIRL,BICYCLE PUNCTURE REPAIR KIT,1
MINI PLAYING CARDS DOLLY GIRL,BICYCLE SAFTEY WALL ART,1
MINI PLAYING CARDS DOLLY GIRL,GREY HEART HOT WATER BOTTLE,1
MINI PLAYING CARDS DOLLY GIRL,CLASSIC BICYCLE CLIPS,1
MINI PLAYING CARDS FUN FAIR,HOT WATER BOTTLE I AM SO POORLY,1
MINI PLAYING CARDS FUN FAIR,GLASS JAR ENGLISH CONFECTIONERY,1
MINI PLAYING CARDS FUN FAIR,COSY HOUR CIGAR BOX MATCHES,1
MINI PLAYING CARDS FUN FAIR,BICYCLE PUNCTURE REPAIR KIT,1
MINI PLAYING CARDS FUN FAIR,GLASS JAR PEACOCK BATH SALTS,1
MINI PLAYING CARDS GYMKHANA,BICYCLE SAFTEY WALL ART,1
MINI PLAYING CARDS GYMKHANA,DOG LICENCE WALL ART,1
MINI PLAYING CARDS GYMKHANA,70'S ALPHABET WALL ART,1
MINI PLAYING CARDS GYMKHANA,MINI PLAYING CARDS BUFFALO BILL,1
MINI PLAYING CARDS GYMKHANA,MINI PLAYING CARDS DOLLY GIRL,1
MINI PLAYING CARDS SPACEBOY,BICYCLE SAFTEY WALL ART,1
MINI PLAYING CARDS SPACEBOY,DOG LICENCE WALL ART,1
MINI PLAYING CARDS SPACEBOY,70'S ALPHABET WALL ART,1
MINI PLAYING CARDS SPACEBOY,MINI PLAYING CARDS BUFFALO BILL,1
MINI PLAYING CARDS SPACEBOY,MINI PLAYING CARDS DOLLY GIRL,1
MINI WOODEN HAPPY BIRTHDAY GARLAND,BLACK MEDIUM GLASS CAKE STAND,1
MINI WOODEN HAPPY BIRTHDAY GARLAND,FELTCRAFT CUSHION RABBIT,1
MINI WOODEN HAPPY BIRTHDAY GARLAND,DOORMAT HEARTS,1
MINI WOODEN HAPPY BIRTHDAY GARLAND,DOORMAT HOME SWEET HOME BLUE,1
MINI WOODEN HAPPY BIRTHDAY GARLAND,FELTCRAFT HAIRBANDS PINK AND WHITE,1
MINIATURE ANTIQUE ROSE HOOK IVORY,HANGING PHOTO CLIP ROPE LADDER,2
MINIATURE ANTIQUE ROSE HOOK IVORY,PACK OF 60 DINOSAUR CAKE CASES,2
MINIATURE ANTIQUE ROSE HOOK IVORY,"RECORD FRAME 7"" SINGLE SIZE",2
MINIATURE ANTIQUE ROSE HOOK IVORY,SKULL SHOULDER BAG,2
MINIATURE ANTIQUE ROSE HOOK IVORY,TRIPLE HOOK ANTIQUE IVORY ROSE,2
MINT DINER WALL CLOCK,HAND OVER THE CHOCOLATE   SIGN,2
MINT DINER WALL CLOCK,HEART OF WICKER LARGE,2
MINT DINER WALL CLOCK,HEART OF WICKER SMALL,2
MINT DINER WALL CLOCK,GARDENERS KNEELING PAD CUP OF TEA,1
MINT DINER WALL CLOCK,ALARM CLOCK BAKELIKE GREEN,1
MINT GREEN ROSE TOWEL,LONDON BUS COFFEE MUG,1
MINT GREEN ROSE TOWEL,HOME BUILDING BLOCK WORD,1
MINT GREEN ROSE TOWEL,LOVE BUILDING BLOCK WORD,1
MINT GREEN ROSE TOWEL,JAM JAR WITH GREEN LID,1
MINT GREEN ROSE TOWEL,GREY HEART HOT WATER BOTTLE,1
MINT KITCHEN SCALES,FRENCH TOILET SIGN BLUE METAL,1
MINT KITCHEN SCALES,LUNCH BAG PINK POLKADOT,1
MINT KITCHEN SCALES,CARRIAGE,1
MINT KITCHEN SCALES,CARROT CHARLIE+LOLA COASTER SET,1
MINT KITCHEN SCALES,JUMBO BAG SPACEBOY DESIGN,1
MIRROR CORNICE,DOGGY RUBBER,1
MIRROR CORNICE,ANTIQUE SILVER BAUBLE LAMP,1
MIRROR CORNICE,FELTCRAFT HAIRBAND PINK AND PURPLE,1
MIRROR CORNICE,FELTCRAFT HAIRBAND RED AND BLUE,1
MIRROR CORNICE,FELTCRAFT HAIRBANDS PINK AND WHITE,1
MIRRORED DISCO BALL,PACK OF 12 HEARTS DESIGN TISSUES,2
MIRRORED DISCO BALL,RED RETROSPOT SMALL MILK JUG,2
MIRRORED DISCO BALL,RED RETROSPOT SUGAR JAM BOWL,2
MIRRORED DISCO BALL,IVORY WICKER HEART LARGE,1
MIRRORED DISCO BALL,MAGIC DRAWING SLATE PURDEY,1
MISTLETOE HEART WREATH GREEN,3D TRADITIONAL CHRISTMAS STICKERS,2
MISTLETOE HEART WREATH GREEN,3D CHRISTMAS STAMPS STICKERS,2
MISTLETOE HEART WREATH GREEN,PAPER CHAIN KIT 50'S CHRISTMAS,2
MISTLETOE HEART WREATH GREEN,LUNCH BAG CARS BLUE,1
MISTLETOE HEART WREATH GREEN,HEART SHAPED HOLLY WREATH,1
MIXED NUTS LIGHT GREEN BOWL,CHARLIE AND LOLA FIGURES TINS,1
MIXED NUTS LIGHT GREEN BOWL,CHARLIE AND LOLA TABLE TINS,1
MIXED NUTS LIGHT GREEN BOWL,BISCUITS SMALL BOWL LIGHT BLUE,1
MIXED NUTS LIGHT GREEN BOWL,GLASS CHALICE GREEN  SMALL,1
MIXED NUTS LIGHT GREEN BOWL,JARDIN ETCHED GLASS LARGE BELL JAR,1
MOBILE VINTAGE HEARTS,PACK OF 12 HEARTS DESIGN TISSUES,2
MOBILE VINTAGE HEARTS,ZINC METAL HEART DECORATION,1
MOBILE VINTAGE HEARTS,WOODEN PICTURE FRAME WHITE FINISH,1
MOBILE VINTAGE HEARTS,WOOD 2 DRAWER CABINET WHITE FINISH,1
MOBILE VINTAGE HEARTS,WOOD BLACK BOARD ANT WHITE FINISH,1
MOCK LOBSTER FRIDGE MAGNET,BLUE EGG  SPOON,1
MOCK LOBSTER FRIDGE MAGNET,BLUE POLKADOT BEAKER,1
MOCK LOBSTER FRIDGE MAGNET,CLASSIC FRENCH STYLE BASKET NATURAL,1
MOCK LOBSTER FRIDGE MAGNET,DANISH ROSE PHOTO FRAME,1
MOCK LOBSTER FRIDGE MAGNET,LADS ONLY TISSUE BOX,1
MODERN FLORAL STATIONERY SET,LUNCH BAG  BLACK SKULL.,2
MODERN FLORAL STATIONERY SET,BUBBLEGUM RING ASSORTED,2
MODERN FLORAL STATIONERY SET,ASSORTED COLOURS SILK FAN,2
MODERN FLORAL STATIONERY SET,JUMBO BAG VINTAGE CHRISTMAS,2
MODERN FLORAL STATIONERY SET,METAL SIGN EMPIRE TEA,2
MONEY BOX KINGS CHOICE DESIGN,CREAM SWEETHEART MINI CHEST,1
MONEY BOX KINGS CHOICE DESIGN,KITTENS DESIGN FLANNEL,1
MONEY BOX KINGS CHOICE DESIGN,KINGS CHOICE BISCUIT TIN,1
MONEY BOX KINGS CHOICE DESIGN,36 PENCILS TUBE SKULLS,1
MONEY BOX KINGS CHOICE DESIGN,KINGS CHOICE TEA CADDY,1
MONSTERS STENCIL CRAFT,HAPPY STENCIL CRAFT,3
MONSTERS STENCIL CRAFT,BUBBLEGUM RING ASSORTED,2
MONSTERS STENCIL CRAFT,ALPHABET STENCIL CRAFT,2
MONSTERS STENCIL CRAFT,REX CASH+CARRY JUMBO SHOPPER,2
MONSTERS STENCIL CRAFT,LARGE RED BABUSHKA NOTEBOOK,1
MOODY BOY  DOOR HANGER,LUNCH BAG CARS BLUE,2
MOODY BOY  DOOR HANGER,LUNCH BAG RED RETROSPOT,2
MOODY BOY  DOOR HANGER,LUNCH BAG  BLACK SKULL.,2
MOODY BOY  DOOR HANGER,LUNCH BAG WOODLAND,2
MOODY BOY  DOOR HANGER,MOODY GIRL DOOR HANGER,2
MOODY GIRL DOOR HANGER,TOXIC AREA  DOOR HANGER,3
MOODY GIRL DOOR HANGER,LUNCH BAG RED RETROSPOT,2
MOODY GIRL DOOR HANGER,LUNCH BAG  BLACK SKULL.,2
MOODY GIRL DOOR HANGER,DOORMAT HEARTS,2
MOODY GIRL DOOR HANGER,LUNCH BAG CARS BLUE,2
MOROCCAN TEA GLASS,6 EGG HOUSE PAINTED WOOD,1
MOROCCAN TEA GLASS,BOX OF 24 COCKTAIL PARASOLS,1
MOROCCAN TEA GLASS,FAIRY CAKE BIRTHDAY CANDLE SET,1
MOROCCAN TEA GLASS,RED RETROSPOT BUTTER DISH,1
MOROCCAN TEA GLASS,RED RETROSPOT SMALL MILK JUG,1
MOTHER'S KITCHEN SPOON REST,IVORY EMBROIDERED QUILT,1
MOTHER'S KITCHEN SPOON REST,CARD DOG AND BALL,1
MOTHER'S KITCHEN SPOON REST,DOLLY GIRL LUNCH BOX,1
MOTHER'S KITCHEN SPOON REST,JAM MAKING SET WITH JARS,1
MOTHER'S KITCHEN SPOON REST,BULL DOG BOTTLE TOP WALL CLOCK,1
MOTORING TISSUE BOX,EMPIRE TISSUE BOX,3
MOTORING TISSUE BOX,CHARLOTTE BAG SUKI DESIGN,2
MOTORING TISSUE BOX,JUMBO BAG TOYS,2
MOTORING TISSUE BOX,JUMBO BAG SPACEBOY DESIGN,2
MOTORING TISSUE BOX,BLUE PAISLEY TISSUE BOX,2
MOUSE TOY WITH PINK T-SHIRT,DOG TOY WITH PINK CROCHET SKIRT,2
MOUSE TOY WITH PINK T-SHIRT,FELTCRAFT CUSHION RABBIT,1
MOUSE TOY WITH PINK T-SHIRT,BLUE BIRDHOUSE DECORATION,1
MOUSE TOY WITH PINK T-SHIRT,GARLAND WOODEN HAPPY EASTER,1
MOUSE TOY WITH PINK T-SHIRT,I'M ON HOLIDAY METAL SIGN,1
MULTI COLOUR SILVER T-LIGHT HOLDER,BEACH HUT SHELF W 3 DRAWERS,1
MULTI COLOUR SILVER T-LIGHT HOLDER,GINGHAM ROSE WRAP,1
MULTI COLOUR SILVER T-LIGHT HOLDER,BLUE HAPPY BIRTHDAY BUNTING,1
MULTI COLOUR SILVER T-LIGHT HOLDER,"FANCY FONT BIRTHDAY CARD,",1
MULTI COLOUR SILVER T-LIGHT HOLDER,HEART IVORY TRELLIS LARGE,1
MULTICOLOUR 3D BALLS GARLAND,BALLOONS  WRITING SET,1
MULTICOLOUR 3D BALLS GARLAND,JUMBO BAG RED RETROSPOT,1
MULTICOLOUR 3D BALLS GARLAND,FLORAL FOLK STATIONERY SET,1
MULTICOLOUR 3D BALLS GARLAND,FELTCRAFT CHRISTMAS FAIRY,1
MULTICOLOUR 3D BALLS GARLAND,LONDON BUS COFFEE MUG,1
MULTICOLOUR HONEYCOMB FAN,BLUE HAPPY BIRTHDAY BUNTING,1
MULTICOLOUR HONEYCOMB FAN,BALLOON ART MAKE YOUR OWN FLOWERS,1
MULTICOLOUR HONEYCOMB FAN,36 FOIL HEART CAKE CASES,1
MULTICOLOUR HONEYCOMB FAN,36 FOIL STAR CAKE CASES,1
MULTICOLOUR HONEYCOMB FAN,EIGHT PIECE SNAKE  SET,1
MULTICOLOUR POLKADOT PLATE,COFFEE MUG PINK PAISLEY DESIGN,1
MULTICOLOUR POLKADOT PLATE,ENAMEL WASH BOWL CREAM,1
MULTICOLOUR POLKADOT PLATE,DAIRY MAID LARGE MILK JUG,1
MULTICOLOUR POLKADOT PLATE,COFFEE MUG BLUE PAISLEY DESIGN,1
MULTICOLOUR POLKADOT PLATE,PARISIENNE CURIO CABINET,1
MULTICOLOUR SPRING FLOWER MUG,FRENCH LAVENDER SCENT HEART,1
MULTICOLOUR SPRING FLOWER MUG,DO NOT TOUCH MY STUFF DOOR HANGER,1
MULTICOLOUR SPRING FLOWER MUG,DOORMAT SPOTTY HOME SWEET HOME,1
MULTICOLOUR SPRING FLOWER MUG,CANDY HEART HANGING DECORATION,1
MULTICOLOUR SPRING FLOWER MUG,BISCUITS SMALL BOWL LIGHT BLUE,1
MUM'S KITCHEN CLOCK,HERB MARKER MINT,1
MUM'S KITCHEN CLOCK,HEART DECORATION PAINTED ZINC,1
MUM'S KITCHEN CLOCK,ALARM CLOCK BAKELIKE CHOCOLATE,1
MUM'S KITCHEN CLOCK,HERB MARKER PARSLEY,1
MUM'S KITCHEN CLOCK,EDWARDIAN PARASOL RED,1
MUSICAL ZINC HEART DECORATION,LUNCH BAG CARS BLUE,2
MUSICAL ZINC HEART DECORATION,LUNCH BAG SUKI DESIGN,2
MUSICAL ZINC HEART DECORATION,LUNCH BAG APPLE DESIGN,2
MUSICAL ZINC HEART DECORATION,BLUE STRIPE CERAMIC DRAWER KNOB,1
MUSICAL ZINC HEART DECORATION,MAGNETS PACK OF 4 VINTAGE COLLAGE,1
NATURAL HANGING QUILTED HEARTS,DOGGY RUBBER,1
NATURAL HANGING QUILTED HEARTS,ANTIQUE SILVER BAUBLE LAMP,1
NATURAL HANGING QUILTED HEARTS,FELTCRAFT HAIRBAND PINK AND PURPLE,1
NATURAL HANGING QUILTED HEARTS,FELTCRAFT HAIRBAND RED AND BLUE,1
NATURAL HANGING QUILTED HEARTS,FELTCRAFT HAIRBANDS PINK AND WHITE,1
NATURAL SLATE CHALKBOARD LARGE,NATURAL SLATE HEART CHALKBOARD,4
NATURAL SLATE CHALKBOARD LARGE,WOODEN CROQUET GARDEN SET,2
NATURAL SLATE CHALKBOARD LARGE,RED RETROSPOT ROUND CAKE TINS,2
NATURAL SLATE CHALKBOARD LARGE,RED RETROSPOT UMBRELLA,2
NATURAL SLATE CHALKBOARD LARGE,ROUND CAKE TIN VINTAGE RED,2
NATURAL SLATE HEART CHALKBOARD,SET OF 3 BUTTERFLY COOKIE CUTTERS,5
NATURAL SLATE HEART CHALKBOARD,HEART OF WICKER SMALL,4
NATURAL SLATE HEART CHALKBOARD,NATURAL SLATE CHALKBOARD LARGE,4
NATURAL SLATE HEART CHALKBOARD,SMALL WHITE HEART OF WICKER,4
NATURAL SLATE HEART CHALKBOARD,GARDENERS KNEELING PAD KEEP CALM,3
NATURAL SLATE RECTANGLE CHALKBOARD,BOX OF 24 COCKTAIL PARASOLS,3
NATURAL SLATE RECTANGLE CHALKBOARD,DAIRY MAID LARGE MILK JUG,2
NATURAL SLATE RECTANGLE CHALKBOARD,RED STRIPE CERAMIC DRAWER KNOB,2
NATURAL SLATE RECTANGLE CHALKBOARD,VINTAGE CREAM CAT FOOD CONTAINER,2
NATURAL SLATE RECTANGLE CHALKBOARD,12 EGG HOUSE PAINTED WOOD,1
NO JUNK MAIL METAL SIGN,FRENCH WC SIGN BLUE METAL,2
NO JUNK MAIL METAL SIGN,METAL SIGN TAKE IT OR LEAVE IT,2
NO JUNK MAIL METAL SIGN,FRENCH KITCHEN SIGN BLUE METAL,1
NO JUNK MAIL METAL SIGN,12 PENCIL SMALL TUBE WOODLAND,1
NO JUNK MAIL METAL SIGN,LAUNDRY 15C METAL SIGN,1
NO SINGING METAL SIGN,SPOTTY BUNTING,2
NO SINGING METAL SIGN,ALARM CLOCK BAKELIKE RED,2
NO SINGING METAL SIGN,METAL SIGN TAKE IT OR LEAVE IT,2
NO SINGING METAL SIGN,PLEASE ONE PERSON METAL SIGN,2
NO SINGING METAL SIGN,REGENCY CAKESTAND 3 TIER,2
NOEL GARLAND PAINTED ZINC,LOVELY BONBON STICKER SHEET,1
NOEL GARLAND PAINTED ZINC,DOG TOY WITH PINK CROCHET SKIRT,1
NOEL GARLAND PAINTED ZINC,CARD CHRISTMAS VILLAGE,1
NOEL GARLAND PAINTED ZINC,HOT BATHS METAL SIGN,1
NOEL GARLAND PAINTED ZINC,GARLAND WITH HEARTS AND BELLS,1
NOEL WOODEN BLOCK LETTERS,LUNCH BAG PINK POLKADOT,1
NOEL WOODEN BLOCK LETTERS,CHILDRENS CUTLERY SPACEBOY,1
NOEL WOODEN BLOCK LETTERS,LOVE BUILDING BLOCK WORD,1
NOEL WOODEN BLOCK LETTERS,CLASSIC FRENCH STYLE BASKET BROWN,1
NOEL WOODEN BLOCK LETTERS,HOT WATER BOTTLE TEA AND SYMPATHY,1
NOVELTY BISCUITS CAKE STAND 3 TIER,SET/20 RED RETROSPOT PAPER NAPKINS,2
NOVELTY BISCUITS CAKE STAND 3 TIER,FRENCH BLUE METAL DOOR SIGN 2,1
NOVELTY BISCUITS CAKE STAND 3 TIER,CLEAR DRAWER KNOB ACRYLIC EDWARDIAN,1
NOVELTY BISCUITS CAKE STAND 3 TIER,LUNCH BAG APPLE DESIGN,1
NOVELTY BISCUITS CAKE STAND 3 TIER,JUMBO BAG OWLS,1
NUMBER TILE COTTAGE GARDEN 2,LOVELY BONBON STICKER SHEET,1
NUMBER TILE COTTAGE GARDEN 2,DOG TOY WITH PINK CROCHET SKIRT,1
NUMBER TILE COTTAGE GARDEN 2,CARD CHRISTMAS VILLAGE,1
NUMBER TILE COTTAGE GARDEN 2,HOT BATHS METAL SIGN,1
NUMBER TILE COTTAGE GARDEN 2,GARLAND WITH HEARTS AND BELLS,1
NURSE'S BAG SOFT TOY,GLASS STAR FROSTED T-LIGHT HOLDER,1
NURSE'S BAG SOFT TOY,ASSORTED COLOUR BIRD ORNAMENT,1
NURSE'S BAG SOFT TOY,HEART OF WICKER LARGE,1
NURSE'S BAG SOFT TOY,ASSORTED COLOUR MINI CASES,1
NURSE'S BAG SOFT TOY,COFFEE MUG CAT + BIRD DESIGN,1
OFFICE MUG WARMER POLKADOT,BLACK ENCHANTED FOREST PLACEMAT,1
OFFICE MUG WARMER POLKADOT,BIRD DECORATION RED RETROSPOT,1
OFFICE MUG WARMER POLKADOT,KIDS RAIN MAC PINK,1
OFFICE MUG WARMER POLKADOT,CHRYSANTHEMUM SKETCHBOOK,1
OFFICE MUG WARMER POLKADOT,CERAMIC PIRATE CHEST MONEY BANK,1
OPEN CLOSED METAL SIGN,GUMBALL COAT RACK,2
OPEN CLOSED METAL SIGN,HEART OF WICKER SMALL,2
OPEN CLOSED METAL SIGN,FRENCH ENAMEL CANDLEHOLDER,2
OPEN CLOSED METAL SIGN,"FANCY FONT BIRTHDAY CARD,",1
OPEN CLOSED METAL SIGN,BEACH HUT SHELF W 3 DRAWERS,1
ORANGE TV TRAY TABLE,BREAD BIN DINER STYLE MINT,1
ORANGE TV TRAY TABLE,BREAD BIN DINER STYLE PINK,1
ORANGE TV TRAY TABLE,FLOOR LAMP SHADE WOOD BASE,1
ORANGE TV TRAY TABLE,GLASS  BEURRE DISH,1
ORANGE TV TRAY TABLE,BLUE & WHITE BREAKFAST TRAY,1
OVAL  MINI PORTRAIT FRAME,ANGEL DECORATION PAINTED ZINC,1
OVAL  MINI PORTRAIT FRAME,50'S CHRISTMAS GIFT BAG LARGE,1
OVAL  MINI PORTRAIT FRAME,IVORY WICKER HEART MEDIUM,1
OVAL  MINI PORTRAIT FRAME,HEART OF WICKER SMALL,1
OVAL  MINI PORTRAIT FRAME,DECORATIVE WICKER HEART LARGE,1
OVAL WALL MIRROR DIAMANTE,LOVELY BONBON STICKER SHEET,1
OVAL WALL MIRROR DIAMANTE,DOG TOY WITH PINK CROCHET SKIRT,1
OVAL WALL MIRROR DIAMANTE,CARD CHRISTMAS VILLAGE,1
OVAL WALL MIRROR DIAMANTE,HOT BATHS METAL SIGN,1
OVAL WALL MIRROR DIAMANTE,GARLAND WITH HEARTS AND BELLS,1
OWL DOORSTOP,BLUE BIRDHOUSE DECORATION,1
OWL DOORSTOP,BOX OF 6 ASSORTED COLOUR TEASPOONS,1
OWL DOORSTOP,EASTER CRAFT IVY WREATH WITH CHICK,1
OWL DOORSTOP,GARLAND WOODEN HAPPY EASTER,1
OWL DOORSTOP,HANGING WOOD AND FELT BUTTERFLY,1
PACK 20 ENGLISH ROSE PAPER NAPKINS,HI TEC ALPINE HAND WARMER,1
PACK 20 ENGLISH ROSE PAPER NAPKINS,FILIGRIS HEART WITH BUTTERFLY,1
PACK 20 ENGLISH ROSE PAPER NAPKINS,BOTTLE BAG RETROSPOT,1
PACK 20 ENGLISH ROSE PAPER NAPKINS,CAKE PLATE LOVEBIRD WHITE,1
PACK 20 ENGLISH ROSE PAPER NAPKINS,JOY LARGE WOOD LETTERS,1
PACK 3 BOXES CHRISTMAS PANNETONE,6 GIFT TAGS 50'S CHRISTMAS,2
PACK 3 BOXES CHRISTMAS PANNETONE,3 RAFFIA RIBBONS 50'S CHRISTMAS,2
PACK 3 BOXES CHRISTMAS PANNETONE,3 RAFFIA RIBBONS VINTAGE CHRISTMAS,2
PACK 3 BOXES CHRISTMAS PANNETONE,6 RIBBONS ELEGANT CHRISTMAS,2
PACK 3 BOXES CHRISTMAS PANNETONE,ROLL WRAP 50'S CHRISTMAS,2
PACK OF 12 50'S CHRISTMAS TISSUES,HOT WATER BOTTLE I AM SO POORLY,1
PACK OF 12 50'S CHRISTMAS TISSUES,GLASS JAR ENGLISH CONFECTIONERY,1
PACK OF 12 50'S CHRISTMAS TISSUES,COSY HOUR CIGAR BOX MATCHES,1
PACK OF 12 50'S CHRISTMAS TISSUES,BICYCLE PUNCTURE REPAIR KIT,1
PACK OF 12 50'S CHRISTMAS TISSUES,GLASS JAR PEACOCK BATH SALTS,1
PACK OF 12 BLUE PAISLEY TISSUES,PACK OF 12 CIRCUS PARADE TISSUES,2
PACK OF 12 BLUE PAISLEY TISSUES,BAKING SET 9 PIECE RETROSPOT,1
PACK OF 12 BLUE PAISLEY TISSUES,BAKING SET SPACEBOY DESIGN,1
PACK OF 12 BLUE PAISLEY TISSUES,GREEN REGENCY TEACUP AND SAUCER,1
PACK OF 12 BLUE PAISLEY TISSUES,BALLOON PUMP WITH 10 BALLOONS,1
PACK OF 12 CHRISTMAS FUN CARDS,LOVELY BONBON STICKER SHEET,1
PACK OF 12 CHRISTMAS FUN CARDS,DOG TOY WITH PINK CROCHET SKIRT,1
PACK OF 12 CHRISTMAS FUN CARDS,CARD CHRISTMAS VILLAGE,1
PACK OF 12 CHRISTMAS FUN CARDS,HOT BATHS METAL SIGN,1
PACK OF 12 CHRISTMAS FUN CARDS,GARLAND WITH HEARTS AND BELLS,1
PACK OF 12 CIRCUS PARADE TISSUES,PACK OF 12 BLUE PAISLEY TISSUES,2
PACK OF 12 CIRCUS PARADE TISSUES,BAKING SET 9 PIECE RETROSPOT,1
PACK OF 12 CIRCUS PARADE TISSUES,BAKING SET SPACEBOY DESIGN,1
PACK OF 12 CIRCUS PARADE TISSUES,GREEN REGENCY TEACUP AND SAUCER,1
PACK OF 12 CIRCUS PARADE TISSUES,BALLOON PUMP WITH 10 BALLOONS,1
PACK OF 12 COLOURED PENCILS,PACK OF 12 TRADITIONAL CRAYONS,2
PACK OF 12 COLOURED PENCILS,LARGE RED RETROSPOT WINDMILL,1
PACK OF 12 COLOURED PENCILS,JIGSAW RABBIT AND BIRDHOUSE,1
PACK OF 12 COLOURED PENCILS,BOYS VINTAGE TIN SEASIDE BUCKET,1
PACK OF 12 COLOURED PENCILS,JIGSAW TREE WITH BIRDHOUSE,1
PACK OF 12 DOLLY GIRL TISSUES,LOVELY BONBON STICKER SHEET,1
PACK OF 12 DOLLY GIRL TISSUES,DOG TOY WITH PINK CROCHET SKIRT,1
PACK OF 12 DOLLY GIRL TISSUES,CARD CHRISTMAS VILLAGE,1
PACK OF 12 DOLLY GIRL TISSUES,HOT BATHS METAL SIGN,1
PACK OF 12 DOLLY GIRL TISSUES,GARLAND WITH HEARTS AND BELLS,1
PACK OF 12 HEARTS DESIGN TISSUES,3 HOOK PHOTO SHELF ANTIQUE WHITE,2
PACK OF 12 HEARTS DESIGN TISSUES,WOOD BLACK BOARD ANT WHITE FINISH,2
PACK OF 12 HEARTS DESIGN TISSUES,SMALL WHITE HEART OF WICKER,2
PACK OF 12 HEARTS DESIGN TISSUES,TRAVEL SEWING KIT,2
PACK OF 12 HEARTS DESIGN TISSUES,SWEETHEART 3 TIER CAKE STAND,2
PACK OF 12 LONDON TISSUES,FELTCRAFT CHRISTMAS FAIRY,2
PACK OF 12 LONDON TISSUES,LONDON BUS COFFEE MUG,1
PACK OF 12 LONDON TISSUES,CREAM SWEETHEART MINI CHEST,1
PACK OF 12 LONDON TISSUES,HEART OF WICKER SMALL,1
PACK OF 12 LONDON TISSUES,LOVE BUILDING BLOCK WORD,1
PACK OF 12 PAISLEY PARK TISSUES,DOORMAT VINTAGE LEAF,1
PACK OF 12 PAISLEY PARK TISSUES,ALARM CLOCK BAKELIKE RED,1
PACK OF 12 PAISLEY PARK TISSUES,DOORMAT FANCY FONT HOME SWEET HOME,1
PACK OF 12 PAISLEY PARK TISSUES,LUNCH BAG ALPHABET DESIGN,1
PACK OF 12 PAISLEY PARK TISSUES,CARTOON  PENCIL SHARPENERS,1
PACK OF 12 PINK POLKADOT TISSUES,PACK OF 12 RED RETROSPOT TISSUES,2
PACK OF 12 PINK POLKADOT TISSUES,ENVELOPE 50 BLOSSOM IMAGES,1
PACK OF 12 PINK POLKADOT TISSUES,BIRDS MOBILE VINTAGE DESIGN,1
PACK OF 12 PINK POLKADOT TISSUES,GREEN GIANT GARDEN THERMOMETER,1
PACK OF 12 PINK POLKADOT TISSUES,HOME BUILDING BLOCK WORD,1
PACK OF 12 RED RETROSPOT TISSUES,FELTCRAFT BUTTERFLY HEARTS,2
PACK OF 12 RED RETROSPOT TISSUES,PACK OF 12 HEARTS DESIGN TISSUES,2
PACK OF 12 RED RETROSPOT TISSUES,PACK OF 12 PINK POLKADOT TISSUES,2
PACK OF 12 RED RETROSPOT TISSUES,TRAVEL SEWING KIT,2
PACK OF 12 RED RETROSPOT TISSUES,CERAMIC HEART FAIRY CAKE MONEY BANK,1
PACK OF 12 SKULL TISSUES,LUNCH BAG  BLACK SKULL.,2
PACK OF 12 SKULL TISSUES,HOT BATHS METAL SIGN,2
PACK OF 12 SKULL TISSUES,JUMBO BAG 50'S CHRISTMAS,2
PACK OF 12 SKULL TISSUES,LARGE WHITE HEART OF WICKER,2
PACK OF 12 SKULL TISSUES,DINOSAURS  WRITING SET,2
PACK OF 12 SPACEBOY TISSUES,ALARM CLOCK BAKELIKE GREEN,3
PACK OF 12 SPACEBOY TISSUES,LUNCH BAG WOODLAND,3
PACK OF 12 SPACEBOY TISSUES,SET OF 4 PANTRY JELLY MOULDS,2
PACK OF 12 SPACEBOY TISSUES,PINK REGENCY TEACUP AND SAUCER,2
PACK OF 12 SPACEBOY TISSUES,RED  HARMONICA IN BOX,2
PACK OF 12 STICKY BUNNIES,LOVELY BONBON STICKER SHEET,1
PACK OF 12 STICKY BUNNIES,DOG TOY WITH PINK CROCHET SKIRT,1
PACK OF 12 STICKY BUNNIES,CARD CHRISTMAS VILLAGE,1
PACK OF 12 STICKY BUNNIES,HOT BATHS METAL SIGN,1
PACK OF 12 STICKY BUNNIES,GARLAND WITH HEARTS AND BELLS,1
PACK OF 12 SUKI TISSUES,JUMBO STORAGE BAG SUKI,1
PACK OF 12 SUKI TISSUES,HEART STRING MEMO HOLDER HANGING,1
PACK OF 12 SUKI TISSUES,CARD I LOVE LONDON,1
PACK OF 12 SUKI TISSUES,CARD MOTORBIKE SANTA,1
PACK OF 12 SUKI TISSUES,CARD PARTY GAMES,1
PACK OF 12 TRADITIONAL CRAYONS,HAPPY STENCIL CRAFT,3
PACK OF 12 TRADITIONAL CRAYONS,RETROSPOT TEA SET CERAMIC 11 PC,3
PACK OF 12 TRADITIONAL CRAYONS,PLASTERS IN TIN CIRCUS PARADE,2
PACK OF 12 TRADITIONAL CRAYONS,CHOCOLATE CALCULATOR,2
PACK OF 12 TRADITIONAL CRAYONS,CHILDS BREAKFAST SET SPACEBOY,2
PACK OF 12 VINTAGE DOILY TISSUES,LUNCH BAG PINK POLKADOT,1
PACK OF 12 VINTAGE DOILY TISSUES,CHILDRENS CUTLERY SPACEBOY,1
PACK OF 12 VINTAGE DOILY TISSUES,LOVE BUILDING BLOCK WORD,1
PACK OF 12 VINTAGE DOILY TISSUES,CLASSIC FRENCH STYLE BASKET BROWN,1
PACK OF 12 VINTAGE DOILY TISSUES,HOT WATER BOTTLE TEA AND SYMPATHY,1
PACK OF 12 VINTAGE LEAF TISSUES,DOORMAT VINTAGE LEAF,1
PACK OF 12 VINTAGE LEAF TISSUES,ALARM CLOCK BAKELIKE RED,1
PACK OF 12 VINTAGE LEAF TISSUES,DOORMAT FANCY FONT HOME SWEET HOME,1
PACK OF 12 VINTAGE LEAF TISSUES,LUNCH BAG ALPHABET DESIGN,1
PACK OF 12 VINTAGE LEAF TISSUES,CARTOON  PENCIL SHARPENERS,1
PACK OF 20 NAPKINS PANTRY DESIGN,POTTING SHED TEA MUG,3
PACK OF 20 NAPKINS PANTRY DESIGN,LUNCH BAG CARS BLUE,2
PACK OF 20 NAPKINS PANTRY DESIGN,HOME SWEET HOME MUG,2
PACK OF 20 NAPKINS PANTRY DESIGN,LUNCH BAG RED RETROSPOT,2
PACK OF 20 NAPKINS PANTRY DESIGN,REGENCY CAKESTAND 3 TIER,2
PACK OF 20 NAPKINS RED APPLES,72 SWEETHEART FAIRY CAKE CASES,2
PACK OF 20 NAPKINS RED APPLES,CARD DOLLY GIRL,1
PACK OF 20 NAPKINS RED APPLES,CARD GINGHAM ROSE,1
PACK OF 20 NAPKINS RED APPLES,12 PENCIL SMALL TUBE WOODLAND,1
PACK OF 20 NAPKINS RED APPLES,FRENCH TOILET SIGN BLUE METAL,1
PACK OF 20 SKULL PAPER NAPKINS,LUNCH BAG SPACEBOY DESIGN,4
PACK OF 20 SKULL PAPER NAPKINS,SET/20 STRAWBERRY PAPER NAPKINS,3
PACK OF 20 SKULL PAPER NAPKINS,REGENCY CAKESTAND 3 TIER,3
PACK OF 20 SKULL PAPER NAPKINS,VINTAGE UNION JACK BUNTING,3
PACK OF 20 SKULL PAPER NAPKINS,SET OF 3 BUTTERFLY COOKIE CUTTERS,3
PACK OF 20 SPACEBOY NAPKINS,LUNCH BAG PINK POLKADOT,2
PACK OF 20 SPACEBOY NAPKINS,LUNCH BAG SPACEBOY DESIGN,2
PACK OF 20 SPACEBOY NAPKINS,LUNCH BAG CARS BLUE,2
PACK OF 20 SPACEBOY NAPKINS,PACK OF 20 SKULL PAPER NAPKINS,2
PACK OF 20 SPACEBOY NAPKINS,PEG BAG APPLES DESIGN,2
PACK OF 6 BIRDY GIFT TAGS,ALARM CLOCK BAKELIKE GREEN,2
PACK OF 6 BIRDY GIFT TAGS,FELTCRAFT DOLL ROSIE,2
PACK OF 6 BIRDY GIFT TAGS,EMERGENCY FIRST AID TIN,2
PACK OF 6 BIRDY GIFT TAGS,"FEATHER PEN,HOT PINK",1
PACK OF 6 BIRDY GIFT TAGS,CERAMIC PIRATE CHEST MONEY BANK,1
PACK OF 6 COCKTAIL PARASOL STRAWS,COCKTAIL SWORDS 50 PIECES,2
PACK OF 6 COCKTAIL PARASOL STRAWS,PARTY CHARMS 50 PIECES,2
PACK OF 6 COCKTAIL PARASOL STRAWS,ENGLISH ROSE GARDEN SECATEURS,1
PACK OF 6 COCKTAIL PARASOL STRAWS,GREY HEART HOT WATER BOTTLE,1
PACK OF 6 COCKTAIL PARASOL STRAWS,6PC WOOD PLATE SET DISPOSABLE,1
PACK OF 6 HANDBAG GIFT BOXES,CHRISTMAS RETROSPOT STAR WOOD,1
PACK OF 6 HANDBAG GIFT BOXES,ASSORTED COLOUR MINI CASES,1
PACK OF 6 HANDBAG GIFT BOXES,ZINC FOLKART SLEIGH BELLS,1
PACK OF 6 HANDBAG GIFT BOXES,3D CHRISTMAS STAMPS STICKERS,1
PACK OF 6 HANDBAG GIFT BOXES,CHRISTMAS RETROSPOT TREE WOOD,1
PACK OF 6 PANNETONE GIFT BOXES,RETROSPOT TEA SET CERAMIC 11 PC,2
PACK OF 6 PANNETONE GIFT BOXES,DOORMAT VINTAGE LEAVES DESIGN,1
PACK OF 6 PANNETONE GIFT BOXES,COLOUR GLASS T-LIGHT HOLDER HANGING,1
PACK OF 6 PANNETONE GIFT BOXES,36 DOILIES VINTAGE CHRISTMAS,1
PACK OF 6 PANNETONE GIFT BOXES,CHRISTMAS TREE STAR DECORATION,1
PACK OF 6 SANDCASTLE FLAGS ASSORTED,ALUMINIUM STAMPED HEART,1
PACK OF 6 SANDCASTLE FLAGS ASSORTED,AREA PATROLLED METAL SIGN,1
PACK OF 6 SANDCASTLE FLAGS ASSORTED,ENAMEL WASH BOWL CREAM,1
PACK OF 6 SANDCASTLE FLAGS ASSORTED,LUNCH BAG SUKI DESIGN,1
PACK OF 6 SANDCASTLE FLAGS ASSORTED,FRENCH WC SIGN BLUE METAL,1
PACK OF 6 SKULL PAPER CUPS,BLUE HAPPY BIRTHDAY BUNTING,1
PACK OF 6 SKULL PAPER CUPS,BALLOON ART MAKE YOUR OWN FLOWERS,1
PACK OF 6 SKULL PAPER CUPS,36 FOIL HEART CAKE CASES,1
PACK OF 6 SKULL PAPER CUPS,36 FOIL STAR CAKE CASES,1
PACK OF 6 SKULL PAPER CUPS,EIGHT PIECE SNAKE  SET,1
PACK OF 6 SKULL PAPER PLATES,PACK OF 20 SKULL PAPER NAPKINS,2
PACK OF 6 SKULL PAPER PLATES,FRENCH BATHROOM SIGN BLUE METAL,1
PACK OF 6 SKULL PAPER PLATES,CHRISTMAS CRAFT LITTLE FRIENDS,1
PACK OF 6 SKULL PAPER PLATES,BALLOON ART MAKE YOUR OWN FLOWERS,1
PACK OF 6 SKULL PAPER PLATES,GREEN REGENCY TEACUP AND SAUCER,1
PACK OF 6 SWEETIE GIFT BOXES,CHRISTMAS RETROSPOT STAR WOOD,1
PACK OF 6 SWEETIE GIFT BOXES,ASSORTED COLOUR MINI CASES,1
PACK OF 6 SWEETIE GIFT BOXES,ZINC FOLKART SLEIGH BELLS,1
PACK OF 6 SWEETIE GIFT BOXES,3D CHRISTMAS STAMPS STICKERS,1
PACK OF 6 SWEETIE GIFT BOXES,CHRISTMAS RETROSPOT TREE WOOD,1
PACK OF 60 DINOSAUR CAKE CASES,72 SWEETHEART FAIRY CAKE CASES,3
PACK OF 60 DINOSAUR CAKE CASES,LUNCH BAG RED RETROSPOT,3
PACK OF 60 DINOSAUR CAKE CASES,PACK OF 72 RETROSPOT CAKE CASES,3
PACK OF 60 DINOSAUR CAKE CASES,RED STRIPE CERAMIC DRAWER KNOB,3
PACK OF 60 DINOSAUR CAKE CASES,SKULL SHOULDER BAG,3
PACK OF 60 MUSHROOM CAKE CASES,ALARM CLOCK BAKELIKE GREEN,2
PACK OF 60 MUSHROOM CAKE CASES,ALARM CLOCK BAKELIKE PINK,2
PACK OF 60 MUSHROOM CAKE CASES,ALARM CLOCK BAKELIKE RED,2
PACK OF 60 MUSHROOM CAKE CASES,DOORMAT SPOTTY HOME SWEET HOME,2
PACK OF 60 MUSHROOM CAKE CASES,IVORY PAPER CUP CAKE CASES,2
PACK OF 60 PINK PAISLEY CAKE CASES,PACK OF 72 RETROSPOT CAKE CASES,4
PACK OF 60 PINK PAISLEY CAKE CASES,LOVE HOT WATER BOTTLE,2
PACK OF 60 PINK PAISLEY CAKE CASES,LUNCH BAG ALPHABET DESIGN,2
PACK OF 60 PINK PAISLEY CAKE CASES,SCOTTIE DOG HOT WATER BOTTLE,2
PACK OF 60 PINK PAISLEY CAKE CASES,SET 12 RETRO WHITE CHALK STICKS,2
PACK OF 60 SPACEBOY CAKE CASES,ALARM CLOCK BAKELIKE RED,2
PACK OF 60 SPACEBOY CAKE CASES,PACK OF 60 MUSHROOM CAKE CASES,2
PACK OF 60 SPACEBOY CAKE CASES,ALARM CLOCK BAKELIKE PINK,2
PACK OF 60 SPACEBOY CAKE CASES,DOORMAT SPOTTY HOME SWEET HOME,2
PACK OF 60 SPACEBOY CAKE CASES,IVORY PAPER CUP CAKE CASES,2
PACK OF 72 RETROSPOT CAKE CASES,RECIPE BOX PANTRY YELLOW DESIGN,4
PACK OF 72 RETROSPOT CAKE CASES,SET/10 PINK POLKADOT PARTY CANDLES,4
PACK OF 72 RETROSPOT CAKE CASES,ALARM CLOCK BAKELIKE GREEN,4
PACK OF 72 RETROSPOT CAKE CASES,72 SWEETHEART FAIRY CAKE CASES,4
PACK OF 72 RETROSPOT CAKE CASES,REGENCY CAKESTAND 3 TIER,4
PACK OF 72 SKULL CAKE CASES,PACK OF 72 RETROSPOT CAKE CASES,4
PACK OF 72 SKULL CAKE CASES,ALARM CLOCK BAKELIKE GREEN,3
PACK OF 72 SKULL CAKE CASES,SET/4 SKULL BADGES,3
PACK OF 72 SKULL CAKE CASES,6 RIBBONS RUSTIC CHARM,3
PACK OF 72 SKULL CAKE CASES,SKULL SHOULDER BAG,3
PACK OF SIX LED TEA LIGHTS,GINGERBREAD MAN COOKIE CUTTER,1
PACK OF SIX LED TEA LIGHTS,FELTCRAFT BUTTERFLY HEARTS,1
PACK OF SIX LED TEA LIGHTS,CHRISTMAS TOILET ROLL,1
PACK OF SIX LED TEA LIGHTS,FELTCRAFT CHRISTMAS FAIRY,1
PACK OF SIX LED TEA LIGHTS,FELTCRAFT CUSHION BUTTERFLY,1
PAINT YOUR OWN CANVAS SET,DOGGY RUBBER,1
PAINT YOUR OWN CANVAS SET,ANTIQUE SILVER BAUBLE LAMP,1
PAINT YOUR OWN CANVAS SET,FELTCRAFT HAIRBAND PINK AND PURPLE,1
PAINT YOUR OWN CANVAS SET,FELTCRAFT HAIRBAND RED AND BLUE,1
PAINT YOUR OWN CANVAS SET,FELTCRAFT HAIRBANDS PINK AND WHITE,1
PAINTED LIGHTBULB RAINBOW DESIGN,LOVELY BONBON STICKER SHEET,1
PAINTED LIGHTBULB RAINBOW DESIGN,DOG TOY WITH PINK CROCHET SKIRT,1
PAINTED LIGHTBULB RAINBOW DESIGN,CARD CHRISTMAS VILLAGE,1
PAINTED LIGHTBULB RAINBOW DESIGN,HOT BATHS METAL SIGN,1
PAINTED LIGHTBULB RAINBOW DESIGN,GARLAND WITH HEARTS AND BELLS,1
PAINTED LIGHTBULB STAR+ MOON,LOVELY BONBON STICKER SHEET,1
PAINTED LIGHTBULB STAR+ MOON,DOG TOY WITH PINK CROCHET SKIRT,1
PAINTED LIGHTBULB STAR+ MOON,CARD CHRISTMAS VILLAGE,1
PAINTED LIGHTBULB STAR+ MOON,HOT BATHS METAL SIGN,1
PAINTED LIGHTBULB STAR+ MOON,GARLAND WITH HEARTS AND BELLS,1
PAINTED METAL PEARS ASSORTED,ASSORTED COLOUR BIRD ORNAMENT,3
PAINTED METAL PEARS ASSORTED,SPOTTY BUNTING,2
PAINTED METAL PEARS ASSORTED,TRADITIONAL KNITTING NANCY,2
PAINTED METAL PEARS ASSORTED,RETROSPOT HEART HOT WATER BOTTLE,2
PAINTED METAL PEARS ASSORTED,DOORMAT NEW ENGLAND,2
PAINTED METAL STAR WITH HOLLY BELLS,LOVELY BONBON STICKER SHEET,1
PAINTED METAL STAR WITH HOLLY BELLS,DOG TOY WITH PINK CROCHET SKIRT,1
PAINTED METAL STAR WITH HOLLY BELLS,CARD CHRISTMAS VILLAGE,1
PAINTED METAL STAR WITH HOLLY BELLS,HOT BATHS METAL SIGN,1
PAINTED METAL STAR WITH HOLLY BELLS,GARLAND WITH HEARTS AND BELLS,1
PAINTED YELLOW WOODEN DAISY,CHRISTMAS RETROSPOT STAR WOOD,1
PAINTED YELLOW WOODEN DAISY,ASSORTED COLOUR MINI CASES,1
PAINTED YELLOW WOODEN DAISY,ZINC FOLKART SLEIGH BELLS,1
PAINTED YELLOW WOODEN DAISY,3D CHRISTMAS STAMPS STICKERS,1
PAINTED YELLOW WOODEN DAISY,CHRISTMAS RETROSPOT TREE WOOD,1
PAISLEY PARK CARD,GREEN GOOSE FEATHER TREE 60CM,1
PAISLEY PARK CARD,LUNCH BAG  BLACK SKULL.,1
PAISLEY PARK CARD,LUNCH BAG ALPHABET DESIGN,1
PAISLEY PARK CARD,CARD CIRCUS PARADE,1
PAISLEY PARK CARD,FELTCRAFT PRINCESS CHARLOTTE DOLL,1
PANTRY 3 HOOK ROLLING PIN HANGER,JUMBO BAG VINTAGE DOILY,2
PANTRY 3 HOOK ROLLING PIN HANGER,JUMBO STORAGE BAG SKULLS,2
PANTRY 3 HOOK ROLLING PIN HANGER,GUMBALL COAT RACK,2
PANTRY 3 HOOK ROLLING PIN HANGER,HOT BATHS METAL SIGN,2
PANTRY 3 HOOK ROLLING PIN HANGER,LUNCH BAG  BLACK SKULL.,2
PANTRY APPLE CORER,PACK OF 72 RETROSPOT CAKE CASES,2
PANTRY APPLE CORER,RED SPOTTY BISCUIT TIN,2
PANTRY APPLE CORER,DRAWER KNOB CRACKLE GLAZE BLUE,1
PANTRY APPLE CORER,DRAWER KNOB CRACKLE GLAZE GREEN,1
PANTRY APPLE CORER,HERB MARKER ROSEMARY,1
PANTRY CHOPPING BOARD,LOVELY BONBON STICKER SHEET,1
PANTRY CHOPPING BOARD,DOG TOY WITH PINK CROCHET SKIRT,1
PANTRY CHOPPING BOARD,CARD CHRISTMAS VILLAGE,1
PANTRY CHOPPING BOARD,HOT BATHS METAL SIGN,1
PANTRY CHOPPING BOARD,GARLAND WITH HEARTS AND BELLS,1
PANTRY HOOK BALLOON WHISK,LUNCH BAG  BLACK SKULL.,1
PANTRY HOOK BALLOON WHISK,GIN + TONIC DIET METAL SIGN,1
PANTRY HOOK BALLOON WHISK,BLACK/BLUE POLKADOT UMBRELLA,1
PANTRY HOOK BALLOON WHISK,HAND WARMER OWL DESIGN,1
PANTRY HOOK BALLOON WHISK,ANTIQUE CREAM CUTLERY SHELF,1
PANTRY HOOK SPATULA,LUNCH BAG  BLACK SKULL.,1
PANTRY HOOK SPATULA,GIN + TONIC DIET METAL SIGN,1
PANTRY HOOK SPATULA,BLACK/BLUE POLKADOT UMBRELLA,1
PANTRY HOOK SPATULA,HAND WARMER OWL DESIGN,1
PANTRY HOOK SPATULA,ANTIQUE CREAM CUTLERY SHELF,1
PANTRY HOOK TEA STRAINER,LUNCH BAG  BLACK SKULL.,1
PANTRY HOOK TEA STRAINER,GIN + TONIC DIET METAL SIGN,1
PANTRY HOOK TEA STRAINER,BLACK/BLUE POLKADOT UMBRELLA,1
PANTRY HOOK TEA STRAINER,HAND WARMER OWL DESIGN,1
PANTRY HOOK TEA STRAINER,ANTIQUE CREAM CUTLERY SHELF,1
PANTRY MAGNETIC  SHOPPING LIST,LUNCH BAG WOODLAND,3
PANTRY MAGNETIC  SHOPPING LIST,DINOSAURS  WRITING SET,3
PANTRY MAGNETIC  SHOPPING LIST,JUMBO BAG RED RETROSPOT,3
PANTRY MAGNETIC  SHOPPING LIST,LUNCH BAG  BLACK SKULL.,3
PANTRY MAGNETIC  SHOPPING LIST,LUNCH BAG CARS BLUE,2
PANTRY PASTRY BRUSH,DOORMAT VINTAGE LEAVES DESIGN,2
PANTRY PASTRY BRUSH,WHITE HANGING HEART T-LIGHT HOLDER,1
PANTRY PASTRY BRUSH,36 PENCILS TUBE WOODLAND,1
PANTRY PASTRY BRUSH,VICTORIAN GLASS HANGING T-LIGHT,1
PANTRY PASTRY BRUSH,SMALL RED RETROSPOT WINDMILL,1
PANTRY ROLLING PIN,RED RETROSPOT PICNIC BAG,2
PANTRY ROLLING PIN,6 EGG HOUSE PAINTED WOOD,1
PANTRY ROLLING PIN,CHOCOLATE THIS WAY METAL SIGN,1
PANTRY ROLLING PIN,GINGHAM HEART DECORATION,1
PANTRY ROLLING PIN,DOORMAT WELCOME TO OUR HOME,1
PANTRY SCRUBBING BRUSH,IVORY EMBROIDERED QUILT,1
PANTRY SCRUBBING BRUSH,CARD DOG AND BALL,1
PANTRY SCRUBBING BRUSH,DOLLY GIRL LUNCH BOX,1
PANTRY SCRUBBING BRUSH,JAM MAKING SET WITH JARS,1
PANTRY SCRUBBING BRUSH,BULL DOG BOTTLE TOP WALL CLOCK,1
PANTRY WASHING UP BRUSH,ALARM CLOCK BAKELIKE GREEN,2
PANTRY WASHING UP BRUSH,JAM MAKING SET PRINTED,2
PANTRY WASHING UP BRUSH,RETROSPOT TEA SET CERAMIC 11 PC,2
PANTRY WASHING UP BRUSH,SET OF 4 PANTRY JELLY MOULDS,2
PANTRY WASHING UP BRUSH,GENTLEMAN SHIRT REPAIR KIT,1
PAPER BUNTING COLOURED LACE,PAPER BUNTING RETROSPOT,2
PAPER BUNTING COLOURED LACE,CHILLI LIGHTS,2
PAPER BUNTING COLOURED LACE,PAPER BUNTING VINTAGE PAISLEY,2
PAPER BUNTING COLOURED LACE,PARTY BUNTING,2
PAPER BUNTING COLOURED LACE,PIGGY BANK RETROSPOT,2
PAPER BUNTING PAISLEY PARK,DOORMAT RED RETROSPOT,1
PAPER BUNTING PAISLEY PARK,LUNCH BAG WOODLAND,1
PAPER BUNTING PAISLEY PARK,LUNCH BAG  BLACK SKULL.,1
PAPER BUNTING PAISLEY PARK,DINOSAURS  WRITING SET,1
PAPER BUNTING PAISLEY PARK,HEART CALCULATOR,1
PAPER BUNTING RETROSPOT,PAPER BUNTING COLOURED LACE,2
PAPER BUNTING RETROSPOT,PIGGY BANK RETROSPOT,2
PAPER BUNTING RETROSPOT,FAIRY CAKE DESIGN UMBRELLA,1
PAPER BUNTING RETROSPOT,LOVE HEART POCKET WARMER,1
PAPER BUNTING RETROSPOT,LARGE ANTIQUE WHITE PHOTO FRAME,1
PAPER BUNTING VINTAGE PAISLEY,LUNCH BAG PINK POLKADOT,2
PAPER BUNTING VINTAGE PAISLEY,PAPER BUNTING COLOURED LACE,2
PAPER BUNTING VINTAGE PAISLEY,ALARM CLOCK BAKELIKE CHOCOLATE,2
PAPER BUNTING VINTAGE PAISLEY,LUNCH BAG CARS BLUE,2
PAPER BUNTING VINTAGE PAISLEY,60 TEATIME FAIRY CAKE CASES,2
PAPER BUNTING WHITE LACE,PLASTERS IN TIN VINTAGE PAISLEY,2
PAPER BUNTING WHITE LACE,SET OF 4 PANTRY JELLY MOULDS,2
PAPER BUNTING WHITE LACE,DOORMAT WELCOME PUPPIES,1
PAPER BUNTING WHITE LACE,LARGE IVORY HEART WALL ORGANISER,1
PAPER BUNTING WHITE LACE,IVORY WIRE KITCHEN ORGANISER,1
PAPER CHAIN KIT 50'S CHRISTMAS,3D CHRISTMAS STAMPS STICKERS,5
PAPER CHAIN KIT 50'S CHRISTMAS,JUMBO BAG 50'S CHRISTMAS,4
PAPER CHAIN KIT 50'S CHRISTMAS,PAPER CHAIN KIT VINTAGE CHRISTMAS,4
PAPER CHAIN KIT 50'S CHRISTMAS,SET OF 2 CHRISTMAS DECOUPAGE CANDLE,4
PAPER CHAIN KIT 50'S CHRISTMAS,SET OF 3 WOODEN STOCKING DECORATION,4
PAPER CHAIN KIT EMPIRE,CIRCUS PARADE LUNCH BOX,2
PAPER CHAIN KIT EMPIRE,JAM MAKING SET WITH JARS,2
PAPER CHAIN KIT EMPIRE,PARTY BUNTING,2
PAPER CHAIN KIT EMPIRE,VINTAGE UNION JACK BUNTING,2
PAPER CHAIN KIT EMPIRE,WOODEN UNION JACK BUNTING,2
PAPER CHAIN KIT LONDON,BALLOONS  WRITING SET,1
PAPER CHAIN KIT LONDON,JUMBO BAG RED RETROSPOT,1
PAPER CHAIN KIT LONDON,FLORAL FOLK STATIONERY SET,1
PAPER CHAIN KIT LONDON,FELTCRAFT CHRISTMAS FAIRY,1
PAPER CHAIN KIT LONDON,LONDON BUS COFFEE MUG,1
PAPER CHAIN KIT RETROSPOT,CHILDRENS CUTLERY POLKADOT PINK,2
PAPER CHAIN KIT RETROSPOT,PARTY BUNTING,2
PAPER CHAIN KIT RETROSPOT,CHILDRENS CUTLERY RETROSPOT RED,2
PAPER CHAIN KIT RETROSPOT,LUNCH BAG CARS BLUE,2
PAPER CHAIN KIT RETROSPOT,PICTURE DOMINOES,2
PAPER CHAIN KIT VINTAGE CHRISTMAS,PAPER CHAIN KIT 50'S CHRISTMAS,4
PAPER CHAIN KIT VINTAGE CHRISTMAS,SET OF 2 CHRISTMAS DECOUPAGE CANDLE,3
PAPER CHAIN KIT VINTAGE CHRISTMAS,3D TRADITIONAL CHRISTMAS STICKERS,3
PAPER CHAIN KIT VINTAGE CHRISTMAS,SPACEBOY MINI BACKPACK,3
PAPER CHAIN KIT VINTAGE CHRISTMAS,SET OF 3 WOODEN STOCKING DECORATION,3
PAPERWEIGHT KINGS CHOICE,LOVELY BONBON STICKER SHEET,1
PAPERWEIGHT KINGS CHOICE,DOG TOY WITH PINK CROCHET SKIRT,1
PAPERWEIGHT KINGS CHOICE,CARD CHRISTMAS VILLAGE,1
PAPERWEIGHT KINGS CHOICE,HOT BATHS METAL SIGN,1
PAPERWEIGHT KINGS CHOICE,GARLAND WITH HEARTS AND BELLS,1
PAPERWEIGHT VINTAGE COLLAGE,REGENCY CAKESTAND 3 TIER,2
PAPERWEIGHT VINTAGE COLLAGE,WHITE HANGING HEART T-LIGHT HOLDER,2
PAPERWEIGHT VINTAGE COLLAGE,FOOT STOOL HOME SWEET HOME,1
PAPERWEIGHT VINTAGE COLLAGE,JUMBO BAG DOLLY GIRL DESIGN,1
PAPERWEIGHT VINTAGE COLLAGE,LUNCH BAG  BLACK SKULL.,1
PARISIENNE CURIO CABINET,PARISIENNE SEWING BOX,3
PARISIENNE CURIO CABINET,PARISIENNE JEWELLERY DRAWER,3
PARISIENNE CURIO CABINET,PARISIENNE KEY CABINET,3
PARISIENNE CURIO CABINET,FRENCH ENAMEL CANDLEHOLDER,2
PARISIENNE CURIO CABINET,SMALL PARISIENNE HEART PHOTO FRAME,2
PARISIENNE JEWELLERY DRAWER,PARISIENNE KEY CABINET,3
PARISIENNE JEWELLERY DRAWER,PARISIENNE CURIO CABINET,3
PARISIENNE JEWELLERY DRAWER,PARISIENNE SEWING BOX,3
PARISIENNE JEWELLERY DRAWER,SMALL PARISIENNE HEART PHOTO FRAME,2
PARISIENNE JEWELLERY DRAWER,FELTCRAFT GIRL AMELIE KIT,1
PARISIENNE KEY CABINET,PARISIENNE JEWELLERY DRAWER,3
PARISIENNE KEY CABINET,PARISIENNE CURIO CABINET,3
PARISIENNE KEY CABINET,PARISIENNE SEWING BOX,3
PARISIENNE KEY CABINET,SMALL PARISIENNE HEART PHOTO FRAME,2
PARISIENNE KEY CABINET,FELTCRAFT GIRL AMELIE KIT,1
PARISIENNE SEWING BOX,PARISIENNE JEWELLERY DRAWER,3
PARISIENNE SEWING BOX,PARISIENNE CURIO CABINET,3
PARISIENNE SEWING BOX,PARISIENNE KEY CABINET,3
PARISIENNE SEWING BOX,SMALL PARISIENNE HEART PHOTO FRAME,2
PARISIENNE SEWING BOX,FELTCRAFT GIRL AMELIE KIT,1
PARLOUR CERAMIC WALL HOOK,COLOUR GLASS T-LIGHT HOLDER HANGING,1
PARLOUR CERAMIC WALL HOOK,I'M ON HOLIDAY METAL SIGN,1
PARLOUR CERAMIC WALL HOOK,FRENCH FLORAL CUSHION COVER,1
PARLOUR CERAMIC WALL HOOK,DOG TOY WITH PINK CROCHET SKIRT,1
PARLOUR CERAMIC WALL HOOK,ENAMEL FLOWER JUG CREAM,1
PARTY BUNTING,REGENCY CAKESTAND 3 TIER,6
PARTY BUNTING,LUNCH BAG CARS BLUE,6
PARTY BUNTING,WHITE HANGING HEART T-LIGHT HOLDER,5
PARTY BUNTING,LUNCH BAG SUKI DESIGN,5
PARTY BUNTING,PINK CREAM FELT CRAFT TRINKET BOX,4
PARTY CHARMS 50 PIECES,COCKTAIL SWORDS 50 PIECES,2
PARTY CHARMS 50 PIECES,PACK OF 6 COCKTAIL PARASOL STRAWS,2
PARTY CHARMS 50 PIECES,ASSORTED COLOUR MINI CASES,1
PARTY CHARMS 50 PIECES,ENGLISH ROSE GARDEN SECATEURS,1
PARTY CHARMS 50 PIECES,GREY HEART HOT WATER BOTTLE,1
PARTY CONE CHRISTMAS DECORATION,JAZZ HEARTS PURSE NOTEBOOK,1
PARTY CONE CHRISTMAS DECORATION,COCKTAIL SWORDS 50 PIECES,1
PARTY CONE CHRISTMAS DECORATION,LIPSTICK PEN RED,1
PARTY CONE CHRISTMAS DECORATION,HEART DECORATION RUSTIC HANGING,1
PARTY CONE CHRISTMAS DECORATION,HEART T-LIGHT HOLDER WILLIE WINKIE,1
PARTY CONES CANDY ASSORTED,DAISIES  HONEYCOMB GARLAND,1
PARTY CONES CANDY ASSORTED,DOORMAT RED RETROSPOT,1
PARTY CONES CANDY ASSORTED,36 FOIL HEART CAKE CASES,1
PARTY CONES CANDY ASSORTED,36 FOIL STAR CAKE CASES,1
PARTY CONES CANDY ASSORTED,LARGE RED BABUSHKA NOTEBOOK,1
PARTY CONES CANDY DECORATION,LOVELY BONBON STICKER SHEET,1
PARTY CONES CANDY DECORATION,DOG TOY WITH PINK CROCHET SKIRT,1
PARTY CONES CANDY DECORATION,CARD CHRISTMAS VILLAGE,1
PARTY CONES CANDY DECORATION,HOT BATHS METAL SIGN,1
PARTY CONES CANDY DECORATION,GARLAND WITH HEARTS AND BELLS,1
PARTY CONES CANDY TREE DECORATION,LARGE PURPLE BABUSHKA NOTEBOOK,1
PARTY CONES CANDY TREE DECORATION,LARGE RED BABUSHKA NOTEBOOK,1
PARTY CONES CANDY TREE DECORATION,GARLAND WOODEN HAPPY EASTER,1
PARTY CONES CANDY TREE DECORATION,BAKING SET SPACEBOY DESIGN,1
PARTY CONES CANDY TREE DECORATION,MAGNETS PACK OF 4 HOME SWEET HOME,1
PARTY FOOD SHOPPER BAG,BLUE POLKADOT CUP,1
PARTY FOOD SHOPPER BAG,GREEN METAL SWINGING BUNNY,1
PARTY FOOD SHOPPER BAG,CHILDS GARDEN BRUSH BLUE,1
PARTY FOOD SHOPPER BAG,CHILDS GARDEN BRUSH PINK,1
PARTY FOOD SHOPPER BAG,HANGING METAL RABBIT DECORATION,1
PARTY INVITES JAZZ HEARTS,CHILDRENS APRON SPACEBOY DESIGN,1
PARTY INVITES JAZZ HEARTS,BLUE/YELLOW CERAMIC CANDLE HOLDER,1
PARTY INVITES JAZZ HEARTS,MEASURING TAPE BABUSHKA RED,1
PARTY INVITES JAZZ HEARTS,JUMBO BAG DOLLY GIRL DESIGN,1
PARTY INVITES JAZZ HEARTS,GIRLS VINTAGE TIN SEASIDE BUCKET,1
PARTY INVITES SPACEMAN,RETRO PLASTIC POLKA TRAY,2
PARTY INVITES SPACEMAN,LUNCH BAG DOILEY PATTERN,1
PARTY INVITES SPACEMAN,ASSORTED COLOUR BIRD ORNAMENT,1
PARTY INVITES SPACEMAN,CHOCOLATE CALCULATOR,1
PARTY INVITES SPACEMAN,CHOCOLATE HOT WATER BOTTLE,1
PARTY METAL SIGN,LUNCH BAG WOODLAND,4
PARTY METAL SIGN,LUNCH BAG APPLE DESIGN,4
PARTY METAL SIGN,CHOCOLATE THIS WAY METAL SIGN,4
PARTY METAL SIGN,GIN + TONIC DIET METAL SIGN,3
PARTY METAL SIGN,EDWARDIAN PARASOL NATURAL,3
PARTY PIZZA DISH BLUE POLKADOT,HAND WARMER BABUSHKA DESIGN,2
PARTY PIZZA DISH BLUE POLKADOT,LARGE RED BABUSHKA NOTEBOOK,1
PARTY PIZZA DISH BLUE POLKADOT,FOLDING BUTTERFLY MIRROR HOT PINK,1
PARTY PIZZA DISH BLUE POLKADOT,HEART IVORY TRELLIS SMALL,1
PARTY PIZZA DISH BLUE POLKADOT,HI TEC ALPINE HAND WARMER,1
PARTY PIZZA DISH GREEN POLKADOT,HI TEC ALPINE HAND WARMER,1
PARTY PIZZA DISH GREEN POLKADOT,FILIGRIS HEART WITH BUTTERFLY,1
PARTY PIZZA DISH GREEN POLKADOT,BOTTLE BAG RETROSPOT,1
PARTY PIZZA DISH GREEN POLKADOT,CAKE PLATE LOVEBIRD WHITE,1
PARTY PIZZA DISH GREEN POLKADOT,JOY LARGE WOOD LETTERS,1
PARTY PIZZA DISH PINK POLKADOT,HI TEC ALPINE HAND WARMER,1
PARTY PIZZA DISH PINK POLKADOT,FILIGRIS HEART WITH BUTTERFLY,1
PARTY PIZZA DISH PINK POLKADOT,BOTTLE BAG RETROSPOT,1
PARTY PIZZA DISH PINK POLKADOT,CAKE PLATE LOVEBIRD WHITE,1
PARTY PIZZA DISH PINK POLKADOT,JOY LARGE WOOD LETTERS,1
PARTY PIZZA DISH RED RETROSPOT,HI TEC ALPINE HAND WARMER,1
PARTY PIZZA DISH RED RETROSPOT,FILIGRIS HEART WITH BUTTERFLY,1
PARTY PIZZA DISH RED RETROSPOT,BOTTLE BAG RETROSPOT,1
PARTY PIZZA DISH RED RETROSPOT,CAKE PLATE LOVEBIRD WHITE,1
PARTY PIZZA DISH RED RETROSPOT,JOY LARGE WOOD LETTERS,1
PARTY TIME DESIGN FLANNEL,36 FOIL HEART CAKE CASES,1
PARTY TIME DESIGN FLANNEL,36 FOIL STAR CAKE CASES,1
PARTY TIME DESIGN FLANNEL,CHARLIE + LOLA RED HOT WATER BOTTLE,1
PARTY TIME DESIGN FLANNEL,FELTCRAFT CHRISTMAS FAIRY,1
PARTY TIME DESIGN FLANNEL,DARK BIRD HOUSE TREE DECORATION,1
PARTY TIME PENCIL ERASERS,KITTY PENCIL ERASERS,2
PARTY TIME PENCIL ERASERS,SLEEPING CAT ERASERS,2
PARTY TIME PENCIL ERASERS,SPACEBOY TV DINNER TRAY,2
PARTY TIME PENCIL ERASERS,GLITTER CHRISTMAS STAR,1
PARTY TIME PENCIL ERASERS,12 PENCIL SMALL TUBE WOODLAND,1
PASTEL COLOUR HONEYCOMB FAN,BLUE HAPPY BIRTHDAY BUNTING,1
PASTEL COLOUR HONEYCOMB FAN,BALLOON ART MAKE YOUR OWN FLOWERS,1
PASTEL COLOUR HONEYCOMB FAN,36 FOIL HEART CAKE CASES,1
PASTEL COLOUR HONEYCOMB FAN,36 FOIL STAR CAKE CASES,1
PASTEL COLOUR HONEYCOMB FAN,EIGHT PIECE SNAKE  SET,1
PEACE WOODEN BLOCK LETTERS,CHARLOTTE BAG PINK POLKADOT,1
PEACE WOODEN BLOCK LETTERS,HOME SWEET HOME BOTTLE,1
PEACE WOODEN BLOCK LETTERS,LUNCH BAG WOODLAND,1
PEACE WOODEN BLOCK LETTERS,LOVE BUILDING BLOCK WORD,1
PEACE WOODEN BLOCK LETTERS,HAND OVER THE CHOCOLATE   SIGN,1
PEARL CRYSTAL PUMPKIN T-LIGHT HLDR,GLASS STAR FROSTED T-LIGHT HOLDER,1
PEARL CRYSTAL PUMPKIN T-LIGHT HLDR,ASSORTED COLOUR BIRD ORNAMENT,1
PEARL CRYSTAL PUMPKIN T-LIGHT HLDR,HEART OF WICKER LARGE,1
PEARL CRYSTAL PUMPKIN T-LIGHT HLDR,ASSORTED COLOUR MINI CASES,1
PEARL CRYSTAL PUMPKIN T-LIGHT HLDR,COFFEE MUG CAT + BIRD DESIGN,1
PEG BAG APPLES DESIGN,PACK OF 20 SKULL PAPER NAPKINS,2
PEG BAG APPLES DESIGN,LUNCH BAG PINK POLKADOT,2
PEG BAG APPLES DESIGN,LUNCH BAG CARS BLUE,2
PEG BAG APPLES DESIGN,PACK OF 20 SPACEBOY NAPKINS,2
PEG BAG APPLES DESIGN,LUNCH BAG SPACEBOY DESIGN,2
PENCIL CASE LIFE IS BEAUTIFUL,JAZZ HEARTS PURSE NOTEBOOK,1
PENCIL CASE LIFE IS BEAUTIFUL,COCKTAIL SWORDS 50 PIECES,1
PENCIL CASE LIFE IS BEAUTIFUL,LIPSTICK PEN RED,1
PENCIL CASE LIFE IS BEAUTIFUL,HEART DECORATION RUSTIC HANGING,1
PENCIL CASE LIFE IS BEAUTIFUL,HEART T-LIGHT HOLDER WILLIE WINKIE,1
PENS ASSORTED FUNNY FACE,CHOCOLATE CALCULATOR,2
PENS ASSORTED FUNNY FACE,HAPPY STENCIL CRAFT,2
PENS ASSORTED FUNNY FACE,PACK OF 12 TRADITIONAL CRAYONS,2
PENS ASSORTED FUNNY FACE,RED TOADSTOOL LED NIGHT LIGHT,2
PENS ASSORTED FUNNY FACE,RETROSPOT TEA SET CERAMIC 11 PC,2
PETIT TRAY CHIC,CREAM SWEETHEART MINI CHEST,3
PETIT TRAY CHIC,GIN + TONIC DIET METAL SIGN,2
PETIT TRAY CHIC,HOT WATER BOTTLE TEA AND SYMPATHY,2
PETIT TRAY CHIC,HOT WATER BOTTLE KEEP CALM,2
PETIT TRAY CHIC,HOT WATER BOTTLE I AM SO POORLY,2
PHARMACIE FIRST AID TIN,JUMBO STORAGE BAG SUKI,2
PHARMACIE FIRST AID TIN,LUNCH BAG  BLACK SKULL.,2
PHARMACIE FIRST AID TIN,METAL SIGN TAKE IT OR LEAVE IT,2
PHARMACIE FIRST AID TIN,ALARM CLOCK BAKELIKE CHOCOLATE,2
PHARMACIE FIRST AID TIN,DOORMAT RED RETROSPOT,2
PHOTO CUBE,BOX OF 24 COCKTAIL PARASOLS,3
PHOTO CUBE,ALARM CLOCK BAKELIKE RED,3
PHOTO CUBE,ALARM CLOCK BAKELIKE GREEN,3
PHOTO CUBE,CHARLOTTE BAG PINK POLKADOT,3
PHOTO CUBE,LUNCH BAG SPACEBOY DESIGN,3
PHOTO FRAME 3 CLASSIC HANGING,GREY HEART HOT WATER BOTTLE,1
PHOTO FRAME 3 CLASSIC HANGING,HANGING HEART MIRROR DECORATION,1
PHOTO FRAME 3 CLASSIC HANGING,SCOTTIE DOG HOT WATER BOTTLE,1
PHOTO FRAME 3 CLASSIC HANGING,WHITE LOVEBIRD LANTERN,1
PHOTO FRAME 3 CLASSIC HANGING,WOODEN FRAME ANTIQUE WHITE,1
PHOTO FRAME CORNICE,WOOD BLACK BOARD ANT WHITE FINISH,2
PHOTO FRAME CORNICE,SPOTTY BUNTING,2
PHOTO FRAME CORNICE,PACK OF 12 HEARTS DESIGN TISSUES,2
PHOTO FRAME CORNICE,METAL SIGN DROP YOUR PANTS,2
PHOTO FRAME CORNICE,IVORY WICKER HEART LARGE,2
PICNIC BASKET WICKER LARGE,NATURAL SLATE HEART CHALKBOARD,2
PICNIC BASKET WICKER LARGE,DOORMAT KEEP CALM AND COME IN,1
PICNIC BASKET WICKER LARGE,JUMBO BAG WOODLAND ANIMALS,1
PICNIC BASKET WICKER LARGE,IVORY GIANT GARDEN THERMOMETER,1
PICNIC BASKET WICKER LARGE,EDWARDIAN PARASOL NATURAL,1
PICNIC BASKET WICKER SMALL,DOTCOM POSTAGE,1
PICNIC BASKET WICKER SMALL,LOVEBIRD HANGING DECORATION WHITE,1
PICNIC BASKET WICKER SMALL,DELUXE SEWING KIT,1
PICNIC BASKET WICKER SMALL,CAKES AND RABBITS DESIGN FLANNEL,1
PICNIC BASKET WICKER SMALL,FRENCH BLUE METAL DOOR SIGN 2,1
PICNIC BOXES SET OF 3 RETROSPOT,CHILDRENS CUTLERY RETROSPOT RED,1
PICNIC BOXES SET OF 3 RETROSPOT,CHILDRENS CUTLERY SPACEBOY,1
PICNIC BOXES SET OF 3 RETROSPOT,DOLLY GIRL CHILDRENS CUP,1
PICNIC BOXES SET OF 3 RETROSPOT,ANTIQUE TALL SWIRLGLASS TRINKET POT,1
PICNIC BOXES SET OF 3 RETROSPOT,GIRAFFE WOODEN RULER,1
PICTURE DOMINOES,ALPHABET STENCIL CRAFT,2
PICTURE DOMINOES,FELTCRAFT GIRL NICOLE KIT,2
PICTURE DOMINOES,HAPPY STENCIL CRAFT,2
PICTURE DOMINOES,PAPER CHAIN KIT RETROSPOT,2
PICTURE DOMINOES,PLASTERS IN TIN CIRCUS PARADE,2
PICTURE FRAME WOOD TRIPLE PORTRAIT,3 HOOK PHOTO SHELF ANTIQUE WHITE,3
PICTURE FRAME WOOD TRIPLE PORTRAIT,SMALL WHITE HEART OF WICKER,3
PICTURE FRAME WOOD TRIPLE PORTRAIT,FAMILY ALBUM WHITE PICTURE FRAME,2
PICTURE FRAME WOOD TRIPLE PORTRAIT,DOORMAT RED RETROSPOT,2
PICTURE FRAME WOOD TRIPLE PORTRAIT,ALARM CLOCK BAKELIKE GREEN,2
PIG KEYRING WITH LIGHT & SOUND,WRAP CHRISTMAS VILLAGE,1
PIG KEYRING WITH LIGHT & SOUND,3D CHRISTMAS STAMPS STICKERS,1
PIG KEYRING WITH LIGHT & SOUND,3D TRADITIONAL CHRISTMAS STICKERS,1
PIG KEYRING WITH LIGHT & SOUND,3D VINTAGE CHRISTMAS STICKERS,1
PIG KEYRING WITH LIGHT & SOUND,12 PENCILS SMALL TUBE SKULL,1
PIG MUG IN TWO COLOUR DESIGNS,BLUE EGG  SPOON,1
PIG MUG IN TWO COLOUR DESIGNS,BLUE POLKADOT BEAKER,1
PIG MUG IN TWO COLOUR DESIGNS,CLASSIC FRENCH STYLE BASKET NATURAL,1
PIG MUG IN TWO COLOUR DESIGNS,DANISH ROSE PHOTO FRAME,1
PIG MUG IN TWO COLOUR DESIGNS,LADS ONLY TISSUE BOX,1
PIGGY BANK RETROSPOT,CERAMIC CHERRY CAKE MONEY BANK,3
PIGGY BANK RETROSPOT,CERAMIC STRAWBERRY CAKE MONEY BANK,3
PIGGY BANK RETROSPOT,PAPER BUNTING COLOURED LACE,2
PIGGY BANK RETROSPOT,ALARM CLOCK BAKELIKE GREEN,2
PIGGY BANK RETROSPOT,PACK OF 72 RETROSPOT CAKE CASES,2
PIN CUSHION BABUSHKA BLUE,BAKING SET SPACEBOY DESIGN,1
PIN CUSHION BABUSHKA BLUE,ALARM CLOCK BAKELIKE CHOCOLATE,1
PIN CUSHION BABUSHKA BLUE,ALARM CLOCK BAKELIKE GREEN,1
PIN CUSHION BABUSHKA BLUE,ALARM CLOCK BAKELIKE IVORY,1
PIN CUSHION BABUSHKA BLUE,LARGE RED BABUSHKA NOTEBOOK,1
PIN CUSHION BABUSHKA PINK,BAKING SET SPACEBOY DESIGN,1
PIN CUSHION BABUSHKA PINK,ALARM CLOCK BAKELIKE CHOCOLATE,1
PIN CUSHION BABUSHKA PINK,ALARM CLOCK BAKELIKE GREEN,1
PIN CUSHION BABUSHKA PINK,ALARM CLOCK BAKELIKE IVORY,1
PIN CUSHION BABUSHKA PINK,LARGE RED BABUSHKA NOTEBOOK,1
PIN CUSHION BABUSHKA RED,BAKING SET SPACEBOY DESIGN,1
PIN CUSHION BABUSHKA RED,ALARM CLOCK BAKELIKE CHOCOLATE,1
PIN CUSHION BABUSHKA RED,ALARM CLOCK BAKELIKE GREEN,1
PIN CUSHION BABUSHKA RED,ALARM CLOCK BAKELIKE IVORY,1
PIN CUSHION BABUSHKA RED,LARGE RED BABUSHKA NOTEBOOK,1
PING MICROWAVE APRON,BLUE EGG  SPOON,1
PING MICROWAVE APRON,BLUE POLKADOT BEAKER,1
PING MICROWAVE APRON,CLASSIC FRENCH STYLE BASKET NATURAL,1
PING MICROWAVE APRON,DANISH ROSE PHOTO FRAME,1
PING MICROWAVE APRON,LADS ONLY TISSUE BOX,1
PING! MICROWAVE PLATE,FAIRY CAKE FLANNEL ASSORTED COLOUR,1
PING! MICROWAVE PLATE,CINAMMON & ORANGE WREATH,1
PING! MICROWAVE PLATE,GINGHAM HEART  DOORSTOP RED,1
PING! MICROWAVE PLATE,GARDENERS KNEELING PAD CUP OF TEA,1
PING! MICROWAVE PLATE,DOG BOWL VINTAGE CREAM,1
PINK  HEART SHAPE LOVE BUCKET,LARGE WHITE HEART OF WICKER,1
PINK  HEART SHAPE LOVE BUCKET,CHILDRENS CUTLERY POLKADOT PINK,1
PINK  HEART SHAPE LOVE BUCKET,JUMBO BAG OWLS,1
PINK  HEART SHAPE LOVE BUCKET,CHILDRENS CUTLERY SPACEBOY,1
PINK  HEART SHAPE LOVE BUCKET,LUNCH BAG RED RETROSPOT,1
PINK  HONEYCOMB PAPER FAN,BLUE HAPPY BIRTHDAY BUNTING,1
PINK  HONEYCOMB PAPER FAN,BALLOON ART MAKE YOUR OWN FLOWERS,1
PINK  HONEYCOMB PAPER FAN,36 FOIL HEART CAKE CASES,1
PINK  HONEYCOMB PAPER FAN,36 FOIL STAR CAKE CASES,1
PINK  HONEYCOMB PAPER FAN,EIGHT PIECE SNAKE  SET,1
PINK  POLKADOT CUP,6 RIBBONS SHIMMERING PINKS,1
PINK  POLKADOT CUP,DOORMAT SPOTTY HOME SWEET HOME,1
PINK  POLKADOT CUP,CHRISTMAS LIGHTS 10 VINTAGE BAUBLES,1
PINK  POLKADOT CUP,60 TEATIME FAIRY CAKE CASES,1
PINK  POLKADOT CUP,LUNCH BAG PINK POLKADOT,1
PINK  POLKADOT PLATE,6 RIBBONS SHIMMERING PINKS,1
PINK  POLKADOT PLATE,DOORMAT SPOTTY HOME SWEET HOME,1
PINK  POLKADOT PLATE,CHRISTMAS LIGHTS 10 VINTAGE BAUBLES,1
PINK  POLKADOT PLATE,60 TEATIME FAIRY CAKE CASES,1
PINK  POLKADOT PLATE,LUNCH BAG PINK POLKADOT,1
PINK & WHITE BREAKFAST TRAY,BREAD BIN DINER STYLE MINT,1
PINK & WHITE BREAKFAST TRAY,BREAD BIN DINER STYLE PINK,1
PINK & WHITE BREAKFAST TRAY,FLOOR LAMP SHADE WOOD BASE,1
PINK & WHITE BREAKFAST TRAY,GLASS  BEURRE DISH,1
PINK & WHITE BREAKFAST TRAY,BLUE & WHITE BREAKFAST TRAY,1
PINK AND WHITE CHRISTMAS TREE 120CM,BLUE POLKADOT BOWL,2
PINK AND WHITE CHRISTMAS TREE 120CM,BATHROOM METAL SIGN,2
PINK AND WHITE CHRISTMAS TREE 120CM,WHITE SKULL HOT WATER BOTTLE,2
PINK AND WHITE CHRISTMAS TREE 120CM,COSY SLIPPER SHOES SMALL GREEN,1
PINK AND WHITE CHRISTMAS TREE 120CM,JINGLE BELLS TREE DECORATION,1
PINK BABY BUNTING,PARTY BUNTING,2
PINK BABY BUNTING,JAM MAKING SET WITH JARS,1
PINK BABY BUNTING,6PC WOOD PLATE SET DISPOSABLE,1
PINK BABY BUNTING,LUNCH BAG CARS BLUE,1
PINK BABY BUNTING,"ASSORTED FLOWER COLOUR ""LEIS""",1
PINK BLUE FELT CRAFT TRINKET BOX,FELTCRAFT DOLL MOLLY,3
PINK BLUE FELT CRAFT TRINKET BOX,HAND WARMER RED LOVE HEART,2
PINK BLUE FELT CRAFT TRINKET BOX,HAND WARMER RED RETROSPOT,2
PINK BLUE FELT CRAFT TRINKET BOX,HAND WARMER UNION JACK,2
PINK BLUE FELT CRAFT TRINKET BOX,FELTCRAFT DOLL ROSIE,2
PINK BUTTERFLY HANDBAG W BOBBLES,LOVELY BONBON STICKER SHEET,1
PINK BUTTERFLY HANDBAG W BOBBLES,DOG TOY WITH PINK CROCHET SKIRT,1
PINK BUTTERFLY HANDBAG W BOBBLES,CARD CHRISTMAS VILLAGE,1
PINK BUTTERFLY HANDBAG W BOBBLES,HOT BATHS METAL SIGN,1
PINK BUTTERFLY HANDBAG W BOBBLES,GARLAND WITH HEARTS AND BELLS,1
PINK CAT BOWL,LOVELY BONBON STICKER SHEET,1
PINK CAT BOWL,DOG TOY WITH PINK CROCHET SKIRT,1
PINK CAT BOWL,CARD CHRISTMAS VILLAGE,1
PINK CAT BOWL,HOT BATHS METAL SIGN,1
PINK CAT BOWL,GARLAND WITH HEARTS AND BELLS,1
PINK CREAM FELT CRAFT TRINKET BOX,PARTY BUNTING,4
PINK CREAM FELT CRAFT TRINKET BOX,LUNCH BAG SUKI DESIGN,4
PINK CREAM FELT CRAFT TRINKET BOX,LUNCH BAG  BLACK SKULL.,4
PINK CREAM FELT CRAFT TRINKET BOX,LUNCH BAG CARS BLUE,4
PINK CREAM FELT CRAFT TRINKET BOX,REGENCY CAKESTAND 3 TIER,3
PINK DINER WALL CLOCK,HEART OF WICKER SMALL,3
PINK DINER WALL CLOCK,GIN + TONIC DIET METAL SIGN,2
PINK DINER WALL CLOCK,BLUE DINER WALL CLOCK,2
PINK DINER WALL CLOCK,BLUE GIANT GARDEN THERMOMETER,2
PINK DINER WALL CLOCK,GARDENERS KNEELING PAD CUP OF TEA,2
PINK DOUGHNUT TRINKET POT,CERAMIC CAKE DESIGN SPOTTED MUG,1
PINK DOUGHNUT TRINKET POT,CHARLOTTE BAG DOLLY GIRL DESIGN,1
PINK DOUGHNUT TRINKET POT,JUMBO BAG WOODLAND ANIMALS,1
PINK DOUGHNUT TRINKET POT,FOUR HOOK  WHITE LOVEBIRDS,1
PINK DOUGHNUT TRINKET POT,JUMBO BAG RED RETROSPOT,1
PINK DRAWER KNOB ACRYLIC EDWARDIAN,LARGE WHITE HEART OF WICKER,1
PINK DRAWER KNOB ACRYLIC EDWARDIAN,CHILDRENS CUTLERY POLKADOT PINK,1
PINK DRAWER KNOB ACRYLIC EDWARDIAN,JUMBO BAG OWLS,1
PINK DRAWER KNOB ACRYLIC EDWARDIAN,CHILDRENS CUTLERY SPACEBOY,1
PINK DRAWER KNOB ACRYLIC EDWARDIAN,LUNCH BAG RED RETROSPOT,1
PINK FAIRY CAKE CHILDRENS APRON,JUMBO STORAGE BAG SUKI,3
PINK FAIRY CAKE CHILDRENS APRON,CHILDRENS APRON SPACEBOY DESIGN,3
PINK FAIRY CAKE CHILDRENS APRON,JUMBO STORAGE BAG SKULLS,3
PINK FAIRY CAKE CHILDRENS APRON,SET OF 3 CAKE TINS PANTRY DESIGN,3
PINK FAIRY CAKE CHILDRENS APRON,SPACEBOY LUNCH BOX,3
PINK FAIRY CAKE CUSHION COVER,COFFEE MUG PINK PAISLEY DESIGN,2
PINK FAIRY CAKE CUSHION COVER,BLUE HANGING GINGHAM EASTER HEN,1
PINK FAIRY CAKE CUSHION COVER,JUMBO BAG PINK VINTAGE PAISLEY,1
PINK FAIRY CAKE CUSHION COVER,LOVE HEART POCKET WARMER,1
PINK FAIRY CAKE CUSHION COVER,LOVE HEART SOCK HANGER,1
PINK FELT EASTER RABBIT GARLAND,EASTER TIN BUNNY BOUQUET,1
PINK FELT EASTER RABBIT GARLAND,KNICKERBOCKERGLORY MAGNET ASSORTED,1
PINK FELT EASTER RABBIT GARLAND,3 PIECE SPACEBOY COOKIE CUTTER SET,1
PINK FELT EASTER RABBIT GARLAND,HANGING JAM JAR T-LIGHT HOLDER,1
PINK FELT EASTER RABBIT GARLAND,EDWARDIAN PARASOL RED,1
PINK FLORAL FELTCRAFT SHOULDER BAG,RED FLORAL FELTCRAFT SHOULDER BAG,2
PINK FLORAL FELTCRAFT SHOULDER BAG,CHRISTMAS PUDDING TRINKET POT,1
PINK FLORAL FELTCRAFT SHOULDER BAG,FELTCRAFT DOLL MOLLY,1
PINK FLORAL FELTCRAFT SHOULDER BAG,DOORMAT SPOTTY HOME SWEET HOME,1
PINK FLORAL FELTCRAFT SHOULDER BAG,DOORMAT UNION FLAG,1
PINK GLASS TASSLE BAG CHARM,HI TEC ALPINE HAND WARMER,1
PINK GLASS TASSLE BAG CHARM,FILIGRIS HEART WITH BUTTERFLY,1
PINK GLASS TASSLE BAG CHARM,BOTTLE BAG RETROSPOT,1
PINK GLASS TASSLE BAG CHARM,CAKE PLATE LOVEBIRD WHITE,1
PINK GLASS TASSLE BAG CHARM,JOY LARGE WOOD LETTERS,1
PINK GOOSE FEATHER TREE 60CM,GINGERBREAD MAN COOKIE CUTTER,1
PINK GOOSE FEATHER TREE 60CM,FELTCRAFT BUTTERFLY HEARTS,1
PINK GOOSE FEATHER TREE 60CM,CHRISTMAS TOILET ROLL,1
PINK GOOSE FEATHER TREE 60CM,FELTCRAFT CHRISTMAS FAIRY,1
PINK GOOSE FEATHER TREE 60CM,FELTCRAFT CUSHION BUTTERFLY,1
PINK HANGING GINGHAM EASTER HEN,BLUE BIRDHOUSE DECORATION,1
PINK HANGING GINGHAM EASTER HEN,BOX OF 6 ASSORTED COLOUR TEASPOONS,1
PINK HANGING GINGHAM EASTER HEN,EASTER CRAFT IVY WREATH WITH CHICK,1
PINK HANGING GINGHAM EASTER HEN,GARLAND WOODEN HAPPY EASTER,1
PINK HANGING GINGHAM EASTER HEN,HANGING WOOD AND FELT BUTTERFLY,1
PINK HAPPY BIRTHDAY BUNTING,BLUE HAPPY BIRTHDAY BUNTING,3
PINK HAPPY BIRTHDAY BUNTING,PARTY BUNTING,3
PINK HAPPY BIRTHDAY BUNTING,SPOTTY BUNTING,2
PINK HAPPY BIRTHDAY BUNTING,RED RETROSPOT UMBRELLA,2
PINK HAPPY BIRTHDAY BUNTING,LUNCH BAG APPLE DESIGN,2
PINK HEART SHAPE EGG FRYING PAN,LUNCH BAG RED RETROSPOT,2
PINK HEART SHAPE EGG FRYING PAN,FAIRY CAKE DESIGN UMBRELLA,2
PINK HEART SHAPE EGG FRYING PAN,CERAMIC CAKE DESIGN SPOTTED MUG,2
PINK HEART SHAPE EGG FRYING PAN,HOME SWEET HOME MUG,2
PINK HEART SHAPE EGG FRYING PAN,PHOTO CUBE,2
PINK KNITTED EGG COSY,"BLACK TEA,COFFEE,SUGAR JARS",1
PINK KNITTED EGG COSY,BLACK WINE GLASS,1
PINK KNITTED EGG COSY,BLUE HEART COMPACT MIRROR,1
PINK KNITTED EGG COSY,BLUE KNITTED EGG COSY,1
PINK KNITTED EGG COSY,CERAMIC BOWL WITH LOVE HEART DESIGN,1
PINK OVAL JEWELLED MIRROR,CANDLEHOLDER PINK HANGING HEART,1
PINK OVAL JEWELLED MIRROR,BREAD BIN DINER STYLE RED,1
PINK OVAL JEWELLED MIRROR,JUMBO BAG RED RETROSPOT,1
PINK OVAL JEWELLED MIRROR,GUMBALL COAT RACK,1
PINK OVAL JEWELLED MIRROR,GARLAND WITH HEARTS AND BELLS,1
PINK OWL SOFT TOY,BLUE BIRDHOUSE DECORATION,1
PINK OWL SOFT TOY,BOX OF 6 ASSORTED COLOUR TEASPOONS,1
PINK OWL SOFT TOY,EASTER CRAFT IVY WREATH WITH CHICK,1
PINK OWL SOFT TOY,GARLAND WOODEN HAPPY EASTER,1
PINK OWL SOFT TOY,HANGING WOOD AND FELT BUTTERFLY,1
PINK PADDED MOBILE,HERB MARKER MINT,1
PINK PADDED MOBILE,HEART DECORATION PAINTED ZINC,1
PINK PADDED MOBILE,ALARM CLOCK BAKELIKE CHOCOLATE,1
PINK PADDED MOBILE,HERB MARKER PARSLEY,1
PINK PADDED MOBILE,EDWARDIAN PARASOL RED,1
PINK PAISLEY ROSE GIFT WRAP,BLUE SCANDINAVIAN PAISLEY WRAP,1
PINK PAISLEY ROSE GIFT WRAP,RED RETROSPOT WRAP,1
PINK PAISLEY ROSE GIFT WRAP,ROLL WRAP 50'S RED CHRISTMAS,1
PINK PAISLEY ROSE GIFT WRAP,ROLL WRAP VINTAGE CHRISTMAS,1
PINK PAISLEY ROSE GIFT WRAP,ROLL WRAP VINTAGE SPOT,1
PINK PAISLEY SQUARE TISSUE BOX,BOUDOIR SQUARE TISSUE BOX,1
PINK PAISLEY SQUARE TISSUE BOX,FOLKART STAR CHRISTMAS DECORATIONS,1
PINK PAISLEY SQUARE TISSUE BOX,CLOTHES PEGS RETROSPOT PACK 24,1
PINK PAISLEY SQUARE TISSUE BOX,BLOND DOLL DOORSTOP,1
PINK PAISLEY SQUARE TISSUE BOX,3 HOOK PHOTO SHELF ANTIQUE WHITE,1
PINK PAPER PARASOL,FUNKY DIVA PEN,1
PINK PAPER PARASOL,LIGHT GARLAND BUTTERFILES PINK,1
PINK PAPER PARASOL,LARGE WHITE HEART OF WICKER,1
PINK PAPER PARASOL,GIFT BAG PSYCHEDELIC APPLES,1
PINK PAPER PARASOL,"FANCY FONT BIRTHDAY CARD,",1
PINK PARTY BAGS,HEART OF WICKER SMALL,2
PINK PARTY BAGS,SMALL WHITE HEART OF WICKER,2
PINK PARTY BAGS,ALPHABET STENCIL CRAFT,1
PINK PARTY BAGS,JUMBO BAG VINTAGE LEAF,1
PINK PARTY BAGS,LUNCH BAG APPLE DESIGN,1
PINK POLKADOT BOWL,WHITE SKULL HOT WATER BOTTLE,3
PINK POLKADOT BOWL,CHOCOLATE HOT WATER BOTTLE,3
PINK POLKADOT BOWL,HOT WATER BOTTLE I AM SO POORLY,3
PINK POLKADOT BOWL,BLUE POLKADOT BOWL,3
PINK POLKADOT BOWL,BIRD HOUSE HOT WATER BOTTLE,2
PINK POLKADOT GARDEN PARASOL,LARGE WHITE HEART OF WICKER,1
PINK POLKADOT GARDEN PARASOL,CHILDRENS CUTLERY POLKADOT PINK,1
PINK POLKADOT GARDEN PARASOL,JUMBO BAG OWLS,1
PINK POLKADOT GARDEN PARASOL,CHILDRENS CUTLERY SPACEBOY,1
PINK POLKADOT GARDEN PARASOL,LUNCH BAG RED RETROSPOT,1
PINK POLKADOT WRAP,LUNCH BAG RED RETROSPOT,2
PINK POLKADOT WRAP,LUNCH BAG CARS BLUE,1
PINK POLKADOT WRAP,CARROT CHARLIE+LOLA COASTER SET,1
PINK POLKADOT WRAP,LUNCH BAG DOILEY PATTERN,1
PINK POLKADOT WRAP,DOILEY STORAGE TIN,1
PINK REGENCY TEACUP AND SAUCER,ROSES REGENCY TEACUP AND SAUCER,6
PINK REGENCY TEACUP AND SAUCER,REGENCY CAKESTAND 3 TIER,5
PINK REGENCY TEACUP AND SAUCER,GREEN REGENCY TEACUP AND SAUCER,5
PINK REGENCY TEACUP AND SAUCER,SET OF 3 REGENCY CAKE TINS,3
PINK REGENCY TEACUP AND SAUCER,RED  HARMONICA IN BOX,2
PINK RETRO BIG FLOWER BAG,HERB MARKER MINT,1
PINK RETRO BIG FLOWER BAG,HEART DECORATION PAINTED ZINC,1
PINK RETRO BIG FLOWER BAG,ALARM CLOCK BAKELIKE CHOCOLATE,1
PINK RETRO BIG FLOWER BAG,HERB MARKER PARSLEY,1
PINK RETRO BIG FLOWER BAG,EDWARDIAN PARASOL RED,1
PINK ROSE FABRIC MIRROR,36 FOIL HEART CAKE CASES,1
PINK ROSE FABRIC MIRROR,36 FOIL STAR CAKE CASES,1
PINK ROSE FABRIC MIRROR,CHARLIE + LOLA RED HOT WATER BOTTLE,1
PINK ROSE FABRIC MIRROR,FELTCRAFT CHRISTMAS FAIRY,1
PINK ROSE FABRIC MIRROR,DARK BIRD HOUSE TREE DECORATION,1
PINK ROSE WASHBAG,LUNCH BAG APPLE DESIGN,2
PINK ROSE WASHBAG,LUNCH BAG CARS BLUE,2
PINK ROSE WASHBAG,LUNCH BAG ALPHABET DESIGN,1
PINK ROSE WASHBAG,CHARLIE + LOLA BISCUITS TINS,1
PINK ROSE WASHBAG,DOORMAT FANCY FONT HOME SWEET HOME,1
PINK STITCHED WALL CLOCK,DOTCOM POSTAGE,1
PINK STITCHED WALL CLOCK,CHRISTMAS CRAFT LITTLE FRIENDS,1
PINK STITCHED WALL CLOCK,GREEN REGENCY TEACUP AND SAUCER,1
PINK STITCHED WALL CLOCK,JUMBO BAG WOODLAND ANIMALS,1
PINK STITCHED WALL CLOCK,JUMBO BAG RED RETROSPOT,1
PINK VINTAGE PAISLEY PICNIC BAG,LUNCH BAG CARS BLUE,2
PINK VINTAGE PAISLEY PICNIC BAG,SCANDINAVIAN PAISLEY PICNIC BAG,2
PINK VINTAGE PAISLEY PICNIC BAG,SMALL DOLLY MIX DESIGN ORANGE BOWL,2
PINK VINTAGE PAISLEY PICNIC BAG,SMALL MARSHMALLOWS PINK BOWL,2
PINK VINTAGE PAISLEY PICNIC BAG,LUNCH BAG RED RETROSPOT,1
PINK VINTAGE SPOT BEAKER,"BIRTHDAY CARD, RETRO SPOT",1
PINK VINTAGE SPOT BEAKER,HEART OF WICKER SMALL,1
PINK VINTAGE SPOT BEAKER,ASSORTED COLOUR MINI CASES,1
PINK VINTAGE SPOT BEAKER,FOLDING BUTTERFLY MIRROR HOT PINK,1
PINK VINTAGE SPOT BEAKER,ASSORTED COLOURS SILK FAN,1
PLACE SETTING WHITE HEART,EASTER DECORATION EGG BUNNY,2
PLACE SETTING WHITE HEART,3 HOOK PHOTO SHELF ANTIQUE WHITE,2
PLACE SETTING WHITE HEART,FAMILY ALBUM WHITE PICTURE FRAME,2
PLACE SETTING WHITE HEART,ALARM CLOCK BAKELIKE RED,2
PLACE SETTING WHITE HEART,GREY HEART HOT WATER BOTTLE,2
PLACE SETTING WHITE STAR,BOUDOIR SQUARE TISSUE BOX,1
PLACE SETTING WHITE STAR,FOLKART STAR CHRISTMAS DECORATIONS,1
PLACE SETTING WHITE STAR,CLOTHES PEGS RETROSPOT PACK 24,1
PLACE SETTING WHITE STAR,BLOND DOLL DOORSTOP,1
PLACE SETTING WHITE STAR,3 HOOK PHOTO SHELF ANTIQUE WHITE,1
PLASMATRONIC LAMP,LOVELY BONBON STICKER SHEET,1
PLASMATRONIC LAMP,DOG TOY WITH PINK CROCHET SKIRT,1
PLASMATRONIC LAMP,CARD CHRISTMAS VILLAGE,1
PLASMATRONIC LAMP,HOT BATHS METAL SIGN,1
PLASMATRONIC LAMP,GARLAND WITH HEARTS AND BELLS,1
PLASTERS IN TIN CIRCUS PARADE,ROUND SNACK BOXES SET OF4 WOODLAND,4
PLASTERS IN TIN CIRCUS PARADE,ALARM CLOCK BAKELIKE GREEN,3
PLASTERS IN TIN CIRCUS PARADE,ALARM CLOCK BAKELIKE ORANGE,3
PLASTERS IN TIN CIRCUS PARADE,RED TOADSTOOL LED NIGHT LIGHT,3
PLASTERS IN TIN CIRCUS PARADE,PLASTERS IN TIN SPACEBOY,3
PLASTERS IN TIN SKULLS,RED RETROSPOT PEG BAG,3
PLASTERS IN TIN SKULLS,WHITE HANGING HEART T-LIGHT HOLDER,3
PLASTERS IN TIN SKULLS,SKULL SHOULDER BAG,3
PLASTERS IN TIN SKULLS,HOT BATHS METAL SIGN,3
PLASTERS IN TIN SKULLS,RED RETROSPOT OVEN GLOVE DOUBLE,2
PLASTERS IN TIN SPACEBOY,ROUND SNACK BOXES SET OF4 WOODLAND,5
PLASTERS IN TIN SPACEBOY,CIRCUS PARADE LUNCH BOX,3
PLASTERS IN TIN SPACEBOY,LUNCH BAG SPACEBOY DESIGN,3
PLASTERS IN TIN SPACEBOY,ALARM CLOCK BAKELIKE GREEN,3
PLASTERS IN TIN SPACEBOY,BAKING SET SPACEBOY DESIGN,3
PLASTERS IN TIN STRONGMAN,BAKING SET SPACEBOY DESIGN,2
PLASTERS IN TIN STRONGMAN,ALARM CLOCK BAKELIKE PINK,2
PLASTERS IN TIN STRONGMAN,HAPPY STENCIL CRAFT,2
PLASTERS IN TIN STRONGMAN,BAKING SET 9 PIECE RETROSPOT,2
PLASTERS IN TIN STRONGMAN,LARGE PURPLE BABUSHKA NOTEBOOK,2
PLASTERS IN TIN VINTAGE PAISLEY,RED RETROSPOT MUG,2
PLASTERS IN TIN VINTAGE PAISLEY,BLUE DINER WALL CLOCK,2
PLASTERS IN TIN VINTAGE PAISLEY,GINGERBREAD MAN COOKIE CUTTER,2
PLASTERS IN TIN VINTAGE PAISLEY,PAPER BUNTING WHITE LACE,2
PLASTERS IN TIN VINTAGE PAISLEY,PLASTERS IN TIN SPACEBOY,2
PLASTERS IN TIN WOODLAND ANIMALS,ROUND SNACK BOXES SET OF4 WOODLAND,4
PLASTERS IN TIN WOODLAND ANIMALS,MAGIC DRAWING SLATE CIRCUS PARADE,3
PLASTERS IN TIN WOODLAND ANIMALS,PLASTERS IN TIN SPACEBOY,3
PLASTERS IN TIN WOODLAND ANIMALS,PLASTERS IN TIN CIRCUS PARADE,3
PLASTERS IN TIN WOODLAND ANIMALS,36 PENCILS TUBE RED RETROSPOT,2
PLAYING CARDS I LOVE LONDON,HAPPY STENCIL CRAFT,2
PLAYING CARDS I LOVE LONDON,SLEEPING CAT ERASERS,2
PLAYING CARDS I LOVE LONDON,LARGE YELLOW BABUSHKA NOTEBOOK,1
PLAYING CARDS I LOVE LONDON,HANGING QUILTED PATCHWORK APPLES,1
PLAYING CARDS I LOVE LONDON,ENAMEL MEASURING JUG CREAM,1
PLAYING CARDS JUBILEE UNION JACK,DOGGY RUBBER,1
PLAYING CARDS JUBILEE UNION JACK,ANTIQUE SILVER BAUBLE LAMP,1
PLAYING CARDS JUBILEE UNION JACK,FELTCRAFT HAIRBAND PINK AND PURPLE,1
PLAYING CARDS JUBILEE UNION JACK,FELTCRAFT HAIRBAND RED AND BLUE,1
PLAYING CARDS JUBILEE UNION JACK,FELTCRAFT HAIRBANDS PINK AND WHITE,1
PLAYING CARDS KEEP CALM & CARRY ON,4 TRADITIONAL SPINNING TOPS,2
PLAYING CARDS KEEP CALM & CARRY ON,TRADITIONAL WOODEN CATCH CUP GAME,2
PLAYING CARDS KEEP CALM & CARRY ON,GREY HEART HOT WATER BOTTLE,2
PLAYING CARDS KEEP CALM & CARRY ON,HOT WATER BOTTLE I AM SO POORLY,2
PLAYING CARDS KEEP CALM & CARRY ON,HOT WATER BOTTLE KEEP CALM,2
PLAYING CARDS VINTAGE DOILY,4 TRADITIONAL SPINNING TOPS,2
PLAYING CARDS VINTAGE DOILY,TRADITIONAL WOODEN SKIPPING ROPE,2
PLAYING CARDS VINTAGE DOILY,SWEETHEART BIRD HOUSE,2
PLAYING CARDS VINTAGE DOILY,GREEN CHRISTMAS TREE CARD HOLDER,1
PLAYING CARDS VINTAGE DOILY,ASSORTED COLOURS SILK FAN,1
PLEASE ONE PERSON METAL SIGN,LOVE BUILDING BLOCK WORD,4
PLEASE ONE PERSON METAL SIGN,LUNCH BAG WOODLAND,4
PLEASE ONE PERSON METAL SIGN,COOK WITH WINE METAL SIGN,3
PLEASE ONE PERSON METAL SIGN,GIN + TONIC DIET METAL SIGN,3
PLEASE ONE PERSON METAL SIGN,SWEETHEART RECIPE BOOK STAND,2
POLKADOT COFFEE CUP & SAUCER PINK,HANGING HEART MIRROR DECORATION,1
POLKADOT COFFEE CUP & SAUCER PINK,BLUE POLKADOT EGG CUP,1
POLKADOT COFFEE CUP & SAUCER PINK,LARGE CAKE STAND HANGING HEARTS,1
POLKADOT COFFEE CUP & SAUCER PINK,LOVEBIRD HANGING DECORATION WHITE,1
POLKADOT COFFEE CUP & SAUCER PINK,JUMBO BAG RED RETROSPOT,1
POLKADOT PEN,COOK WITH WINE METAL SIGN,1
POLKADOT PEN,DOORMAT RESPECTABLE HOUSE,1
POLKADOT PEN,LOVE BUILDING BLOCK WORD,1
POLKADOT PEN,CHOCOLATE THIS WAY METAL SIGN,1
POLKADOT PEN,I CAN ONLY PLEASE ONE PERSON MUG,1
POLKADOT RAIN HAT,JUMBO STORAGE BAG SUKI,2
POLKADOT RAIN HAT,TEA BAG PLATE RED RETROSPOT,2
POLKADOT RAIN HAT,CERAMIC PIRATE CHEST MONEY BANK,1
POLKADOT RAIN HAT,CERAMIC STRAWBERRY CAKE MONEY BANK,1
POLKADOT RAIN HAT,HEART BUTTONS JEWELLERY BOX,1
POLYESTER FILLER PAD 30CMX30CM,BLUE BIRDHOUSE DECORATION,1
POLYESTER FILLER PAD 30CMX30CM,BOX OF 6 ASSORTED COLOUR TEASPOONS,1
POLYESTER FILLER PAD 30CMX30CM,EASTER CRAFT IVY WREATH WITH CHICK,1
POLYESTER FILLER PAD 30CMX30CM,GARLAND WOODEN HAPPY EASTER,1
POLYESTER FILLER PAD 30CMX30CM,HANGING WOOD AND FELT BUTTERFLY,1
POLYESTER FILLER PAD 40X40CM,CARD GINGHAM ROSE,1
POLYESTER FILLER PAD 40X40CM,BOX OF 24 COCKTAIL PARASOLS,1
POLYESTER FILLER PAD 40X40CM,GUMBALL COAT RACK,1
POLYESTER FILLER PAD 40X40CM,BLUE HAPPY BIRTHDAY BUNTING,1
POLYESTER FILLER PAD 40X40CM,"FANCY FONT BIRTHDAY CARD,",1
POLYESTER FILLER PAD 45X30CM,BLUE BIRDHOUSE DECORATION,1
POLYESTER FILLER PAD 45X30CM,BOX OF 6 ASSORTED COLOUR TEASPOONS,1
POLYESTER FILLER PAD 45X30CM,EASTER CRAFT IVY WREATH WITH CHICK,1
POLYESTER FILLER PAD 45X30CM,GARLAND WOODEN HAPPY EASTER,1
POLYESTER FILLER PAD 45X30CM,HANGING WOOD AND FELT BUTTERFLY,1
POLYESTER FILLER PAD 45X45CM,LUNCH BAG RED RETROSPOT,2
POLYESTER FILLER PAD 45X45CM,EDWARDIAN PARASOL RED,2
POLYESTER FILLER PAD 45X45CM,LUNCH BAG PINK POLKADOT,2
POLYESTER FILLER PAD 45X45CM,LUNCH BAG APPLE DESIGN,2
POLYESTER FILLER PAD 45X45CM,CARROT CHARLIE+LOLA COASTER SET,2
POMPOM CURTAIN,LARGE CIRCULAR MIRROR MOBILE,1
POMPOM CURTAIN,ASSORTED TUTTI FRUTTI HEART BOX,1
POMPOM CURTAIN,LARGE YELLOW BABUSHKA NOTEBOOK,1
POMPOM CURTAIN,DECORATIVE WICKER HEART LARGE,1
POMPOM CURTAIN,IVORY WICKER HEART LARGE,1
POPART RECT PENCIL SHARPENER ASST,DOORMAT VINTAGE LEAF,1
POPART RECT PENCIL SHARPENER ASST,ALARM CLOCK BAKELIKE RED,1
POPART RECT PENCIL SHARPENER ASST,DOORMAT FANCY FONT HOME SWEET HOME,1
POPART RECT PENCIL SHARPENER ASST,LUNCH BAG ALPHABET DESIGN,1
POPART RECT PENCIL SHARPENER ASST,CARTOON  PENCIL SHARPENERS,1
POPCORN HOLDER,GIRAFFE WOODEN RULER,1
POPCORN HOLDER,DOLLY GIRL MINI BACKPACK,1
POPCORN HOLDER,ALARM CLOCK BAKELIKE GREEN,1
POPCORN HOLDER,FAIRY TALE COTTAGE NIGHT LIGHT,1
POPCORN HOLDER,GLASS CLOCHE SMALL,1
POPPY'S PLAYHOUSE BATHROOM,BAKING SET 9 PIECE RETROSPOT,2
POPPY'S PLAYHOUSE BATHROOM,POPPY'S PLAYHOUSE LIVINGROOM,2
POPPY'S PLAYHOUSE BATHROOM,POPPY'S PLAYHOUSE KITCHEN,2
POPPY'S PLAYHOUSE BATHROOM,BALLOONS  WRITING SET,1
POPPY'S PLAYHOUSE BATHROOM,CHRISTMAS HANGING TREE WITH BELL,1
POPPY'S PLAYHOUSE BEDROOM,LUNCH BAG WOODLAND,1
POPPY'S PLAYHOUSE BEDROOM,MAKE YOUR OWN PLAYTIME CARD KIT,1
POPPY'S PLAYHOUSE BEDROOM,JUNGLE POPSICLES ICE LOLLY MOULDS,1
POPPY'S PLAYHOUSE BEDROOM,BUNDLE OF 3 ALPHABET EXERCISE BOOKS,1
POPPY'S PLAYHOUSE BEDROOM,BUNDLE OF 3 RETRO NOTE BOOKS,1
POPPY'S PLAYHOUSE KITCHEN,BAKING SET 9 PIECE RETROSPOT,2
POPPY'S PLAYHOUSE KITCHEN,POPPY'S PLAYHOUSE BATHROOM,2
POPPY'S PLAYHOUSE KITCHEN,POPPY'S PLAYHOUSE LIVINGROOM,2
POPPY'S PLAYHOUSE KITCHEN,LARGE WHITE HEART OF WICKER,1
POPPY'S PLAYHOUSE KITCHEN,LUNCH BAG WOODLAND,1
POPPY'S PLAYHOUSE LIVINGROOM,BAKING SET 9 PIECE RETROSPOT,2
POPPY'S PLAYHOUSE LIVINGROOM,POPPY'S PLAYHOUSE BATHROOM,2
POPPY'S PLAYHOUSE LIVINGROOM,GREY HEART HOT WATER BOTTLE,2
POPPY'S PLAYHOUSE LIVINGROOM,PICTURE DOMINOES,2
POPPY'S PLAYHOUSE LIVINGROOM,PLACE SETTING WHITE HEART,2
PORCELAIN BUTTERFLY OIL BURNER,BROWN  PIRATE TREASURE CHEST,1
PORCELAIN BUTTERFLY OIL BURNER,6 RIBBONS EMPIRE,1
PORCELAIN BUTTERFLY OIL BURNER,6 RIBBONS RUSTIC CHARM,1
PORCELAIN BUTTERFLY OIL BURNER,CERAMIC CAKE DESIGN SPOTTED PLATE,1
PORCELAIN BUTTERFLY OIL BURNER,BLUE  DIAMANTE PEN IN GIFT BOX,1
PORCELAIN T-LIGHT HOLDERS ASSORTED,ANGEL DECORATION PAINTED ZINC,1
PORCELAIN T-LIGHT HOLDERS ASSORTED,50'S CHRISTMAS GIFT BAG LARGE,1
PORCELAIN T-LIGHT HOLDERS ASSORTED,IVORY WICKER HEART MEDIUM,1
PORCELAIN T-LIGHT HOLDERS ASSORTED,HEART OF WICKER SMALL,1
PORCELAIN T-LIGHT HOLDERS ASSORTED,DECORATIVE WICKER HEART LARGE,1
POSTAGE,ROUND SNACK BOXES SET OF4 WOODLAND,5
POSTAGE,RED TOADSTOOL LED NIGHT LIGHT,4
POSTAGE,STRAWBERRY LUNCH BOX WITH CUTLERY,2
POSTAGE,STRAWBERRY CERAMIC TRINKET BOX,2
POSTAGE,GLASS CLOCHE SMALL,2
POSTE FRANCE CUSHION COVER,DRAWER KNOB CRACKLE GLAZE GREEN,1
POSTE FRANCE CUSHION COVER,4 PINK FLOCK CHRISTMAS BALLS,1
POSTE FRANCE CUSHION COVER,HANGING QUILTED PATCHWORK APPLES,1
POSTE FRANCE CUSHION COVER,DRAWER KNOB CRACKLE GLAZE PINK,1
POSTE FRANCE CUSHION COVER,DISCO BALL CHRISTMAS DECORATION,1
POTTERING IN THE SHED METAL SIGN,WHITE HANGING HEART T-LIGHT HOLDER,3
POTTERING IN THE SHED METAL SIGN,REGENCY CAKESTAND 3 TIER,3
POTTERING IN THE SHED METAL SIGN,SET OF 3 CAKE TINS PANTRY DESIGN,3
POTTERING IN THE SHED METAL SIGN,LOVE BUILDING BLOCK WORD,3
POTTERING IN THE SHED METAL SIGN,JUMBO BAG RED RETROSPOT,3
POTTERING MUG,GARDENERS KNEELING PAD KEEP CALM,2
POTTERING MUG,IF YOU CAN'T STAND THE HEAT MUG,2
POTTERING MUG,GUMBALL COAT RACK,2
POTTERING MUG,RED RETROSPOT UMBRELLA,2
POTTERING MUG,LUNCH BAG DOLLY GIRL DESIGN,1
POTTING SHED SEED ENVELOPES,CARD GINGHAM ROSE,1
POTTING SHED SEED ENVELOPES,12 DAISY PEGS IN WOOD BOX,1
POTTING SHED SEED ENVELOPES,72 SWEETHEART FAIRY CAKE CASES,1
POTTING SHED SEED ENVELOPES,HANGING HEART ZINC T-LIGHT HOLDER,1
POTTING SHED SEED ENVELOPES,"DECOUPAGE,GREETING CARD,",1
POTTING SHED TEA MUG,LUNCH BAG CARS BLUE,3
POTTING SHED TEA MUG,PACK OF 20 NAPKINS PANTRY DESIGN,3
POTTING SHED TEA MUG,PARTY BUNTING,3
POTTING SHED TEA MUG,WHITE HANGING HEART T-LIGHT HOLDER,3
POTTING SHED TEA MUG,LUNCH BAG SUKI DESIGN,2
PRETTY HANGING QUILTED HEARTS,RED GINGHAM ROSE JEWELLERY BOX,2
PRETTY HANGING QUILTED HEARTS,HAPPY STENCIL CRAFT,1
PRETTY HANGING QUILTED HEARTS,ICE CREAM BUBBLES,1
PRETTY HANGING QUILTED HEARTS,GARDENERS KNEELING PAD CUP OF TEA,1
PRETTY HANGING QUILTED HEARTS,GARDENERS KNEELING PAD KEEP CALM,1
PSYCHEDELIC TILE HOOK,ENGLISH ROSE HOT WATER BOTTLE,1
PSYCHEDELIC TILE HOOK,LUNCH BAG PAISLEY PARK,1
PSYCHEDELIC TILE HOOK,HOT WATER BOTTLE KEEP CALM,1
PSYCHEDELIC TILE HOOK,JUMBO STORAGE BAG SUKI,1
PSYCHEDELIC TILE HOOK,JUMBO BAG SPACEBOY DESIGN,1
PURPLE DRAWERKNOB ACRYLIC EDWARDIAN,ENGLISH ROSE HOT WATER BOTTLE,1
PURPLE DRAWERKNOB ACRYLIC EDWARDIAN,LUNCH BAG PAISLEY PARK,1
PURPLE DRAWERKNOB ACRYLIC EDWARDIAN,HOT WATER BOTTLE KEEP CALM,1
PURPLE DRAWERKNOB ACRYLIC EDWARDIAN,JUMBO STORAGE BAG SUKI,1
PURPLE DRAWERKNOB ACRYLIC EDWARDIAN,JUMBO BAG SPACEBOY DESIGN,1
PURPLE PAPER PARASOL,LOVELY BONBON STICKER SHEET,1
PURPLE PAPER PARASOL,DOG TOY WITH PINK CROCHET SKIRT,1
PURPLE PAPER PARASOL,CARD CHRISTMAS VILLAGE,1
PURPLE PAPER PARASOL,HOT BATHS METAL SIGN,1
PURPLE PAPER PARASOL,GARLAND WITH HEARTS AND BELLS,1
PURPLE/BLUE CERAMIC CANDLE HOLDER,CHILDRENS APRON SPACEBOY DESIGN,1
PURPLE/BLUE CERAMIC CANDLE HOLDER,BLUE/YELLOW CERAMIC CANDLE HOLDER,1
PURPLE/BLUE CERAMIC CANDLE HOLDER,MEASURING TAPE BABUSHKA RED,1
PURPLE/BLUE CERAMIC CANDLE HOLDER,JUMBO BAG DOLLY GIRL DESIGN,1
PURPLE/BLUE CERAMIC CANDLE HOLDER,GIRLS VINTAGE TIN SEASIDE BUCKET,1
QUEENS GUARD COFFEE MUG,LARGE CIRCULAR MIRROR MOBILE,1
QUEENS GUARD COFFEE MUG,ASSORTED TUTTI FRUTTI HEART BOX,1
QUEENS GUARD COFFEE MUG,LARGE YELLOW BABUSHKA NOTEBOOK,1
QUEENS GUARD COFFEE MUG,DECORATIVE WICKER HEART LARGE,1
QUEENS GUARD COFFEE MUG,IVORY WICKER HEART LARGE,1
RABBIT NIGHT LIGHT,LUNCH BAG SPACEBOY DESIGN,3
RABBIT NIGHT LIGHT,LUNCH BAG  BLACK SKULL.,3
RABBIT NIGHT LIGHT,SPACEBOY MINI BACKPACK,2
RABBIT NIGHT LIGHT,SET OF 4 PANTRY JELLY MOULDS,2
RABBIT NIGHT LIGHT,TOADSTOOL BEDSIDE LIGHT,2
RAIN PONCHO RETROSPOT,ALUMINIUM STAMPED HEART,1
RAIN PONCHO RETROSPOT,AREA PATROLLED METAL SIGN,1
RAIN PONCHO RETROSPOT,ENAMEL WASH BOWL CREAM,1
RAIN PONCHO RETROSPOT,LUNCH BAG SUKI DESIGN,1
RAIN PONCHO RETROSPOT,FRENCH WC SIGN BLUE METAL,1
RAINY LADIES BIRTHDAY CARD,CARD GINGHAM ROSE,2
RAINY LADIES BIRTHDAY CARD,EMPIRE BIRTHDAY CARD,2
RAINY LADIES BIRTHDAY CARD,72 SWEETHEART FAIRY CAKE CASES,2
RAINY LADIES BIRTHDAY CARD,SINGLE HEART ZINC T-LIGHT HOLDER,2
RAINY LADIES BIRTHDAY CARD,SWALLOWS GREETING CARD,2
RECIPE BOX BLUE SKETCHBOOK DESIGN,REGENCY CAKESTAND 3 TIER,3
RECIPE BOX BLUE SKETCHBOOK DESIGN,RECIPE BOX PANTRY YELLOW DESIGN,2
RECIPE BOX BLUE SKETCHBOOK DESIGN,6 RIBBONS RUSTIC CHARM,2
RECIPE BOX BLUE SKETCHBOOK DESIGN,6 RIBBONS SHIMMERING PINKS,2
RECIPE BOX BLUE SKETCHBOOK DESIGN,CHILDRENS CUTLERY POLKADOT PINK,2
RECIPE BOX PANTRY YELLOW DESIGN,JAM MAKING SET PRINTED,4
RECIPE BOX PANTRY YELLOW DESIGN,PACK OF 72 RETROSPOT CAKE CASES,4
RECIPE BOX PANTRY YELLOW DESIGN,LUNCH BAG VINTAGE DOILY,3
RECIPE BOX PANTRY YELLOW DESIGN,HOT WATER BOTTLE TEA AND SYMPATHY,3
RECIPE BOX PANTRY YELLOW DESIGN,SET OF 6 SPICE TINS PANTRY DESIGN,3
RECIPE BOX RETROSPOT,HAND OVER THE CHOCOLATE   SIGN,3
RECIPE BOX RETROSPOT,REGENCY CAKESTAND 3 TIER,3
RECIPE BOX RETROSPOT,COOK WITH WINE METAL SIGN,2
RECIPE BOX RETROSPOT,LUNCH BAG CARS BLUE,2
RECIPE BOX RETROSPOT,HOME SWEET HOME MUG,2
"RECORD FRAME 7"" SINGLE SIZE",PACK OF 60 DINOSAUR CAKE CASES,2
"RECORD FRAME 7"" SINGLE SIZE",MINIATURE ANTIQUE ROSE HOOK IVORY,2
"RECORD FRAME 7"" SINGLE SIZE",SKULL SHOULDER BAG,2
"RECORD FRAME 7"" SINGLE SIZE",TRIPLE HOOK ANTIQUE IVORY ROSE,2
"RECORD FRAME 7"" SINGLE SIZE",WHITE SPOT RED CERAMIC DRAWER KNOB,2
RECTANGULAR SHAPED MIRROR,FRENCH ENAMEL CANDLEHOLDER,1
RECTANGULAR SHAPED MIRROR,CITRONELLA CANDLE GARDEN POT,1
RECTANGULAR SHAPED MIRROR,DOORMAT FANCY FONT HOME SWEET HOME,1
RECTANGULAR SHAPED MIRROR,CARTOON  PENCIL SHARPENERS,1
RECTANGULAR SHAPED MIRROR,LUNCH BAG DOILEY PATTERN,1
RECYCLED ACAPULCO MAT RED,EASTER TIN BUNNY BOUQUET,1
RECYCLED ACAPULCO MAT RED,KNICKERBOCKERGLORY MAGNET ASSORTED,1
RECYCLED ACAPULCO MAT RED,3 PIECE SPACEBOY COOKIE CUTTER SET,1
RECYCLED ACAPULCO MAT RED,HANGING JAM JAR T-LIGHT HOLDER,1
RECYCLED ACAPULCO MAT RED,EDWARDIAN PARASOL RED,1
RECYCLED PENCIL WITH RABBIT ERASER,CHILDRENS APRON SPACEBOY DESIGN,1
RECYCLED PENCIL WITH RABBIT ERASER,BLUE/YELLOW CERAMIC CANDLE HOLDER,1
RECYCLED PENCIL WITH RABBIT ERASER,MEASURING TAPE BABUSHKA RED,1
RECYCLED PENCIL WITH RABBIT ERASER,JUMBO BAG DOLLY GIRL DESIGN,1
RECYCLED PENCIL WITH RABBIT ERASER,GIRLS VINTAGE TIN SEASIDE BUCKET,1
RECYCLING BAG RETROSPOT,JUMBO BAG WOODLAND ANIMALS,4
RECYCLING BAG RETROSPOT,JUMBO STORAGE BAG SUKI,4
RECYCLING BAG RETROSPOT,VINTAGE UNION JACK BUNTING,3
RECYCLING BAG RETROSPOT,JUMBO STORAGE BAG SKULLS,3
RECYCLING BAG RETROSPOT,JUMBO BAG APPLES,3
RED  HARMONICA IN BOX,BLUE HARMONICA IN BOX,4
RED  HARMONICA IN BOX,HAND WARMER BIRD DESIGN,3
RED  HARMONICA IN BOX,WHITE HANGING HEART T-LIGHT HOLDER,3
RED  HARMONICA IN BOX,PLASTERS IN TIN SKULLS,2
RED  HARMONICA IN BOX,WHITE SKULL HOT WATER BOTTLE,2
RED APPLES CHOPPING BOARD,LOVELY BONBON STICKER SHEET,1
RED APPLES CHOPPING BOARD,DOG TOY WITH PINK CROCHET SKIRT,1
RED APPLES CHOPPING BOARD,CARD CHRISTMAS VILLAGE,1
RED APPLES CHOPPING BOARD,HOT BATHS METAL SIGN,1
RED APPLES CHOPPING BOARD,GARLAND WITH HEARTS AND BELLS,1
RED BABY BUNTING,GLASS STAR FROSTED T-LIGHT HOLDER,1
RED BABY BUNTING,COLOUR GLASS T-LIGHT HOLDER HANGING,1
RED BABY BUNTING,HEART IVORY TRELLIS LARGE,1
RED BABY BUNTING,WHITE HANGING HEART T-LIGHT HOLDER,1
RED BABY BUNTING,WOODEN REGATTA BUNTING,1
RED DINER WALL CLOCK,IVORY KITCHEN SCALES,2
RED DINER WALL CLOCK,POTTERING IN THE SHED METAL SIGN,2
RED DINER WALL CLOCK,CREAM SWEETHEART MINI CHEST,2
RED DINER WALL CLOCK,GIN + TONIC DIET METAL SIGN,2
RED DINER WALL CLOCK,HAND OVER THE CHOCOLATE   SIGN,2
RED DRAGONFLY HELICOPTER,IVORY WIRE SWEETHEART LETTER TRAY,1
RED DRAGONFLY HELICOPTER,CREAM WALL PLANTER HEART SHAPED,1
RED DRAGONFLY HELICOPTER,LARGE IVORY HEART WALL ORGANISER,1
RED DRAGONFLY HELICOPTER,BOX OF 24 COCKTAIL PARASOLS,1
RED DRAGONFLY HELICOPTER,IVORY WIRE KITCHEN ORGANISER,1
RED DRAWER KNOB ACRYLIC EDWARDIAN,FELTCRAFT DOLL EMILY,2
RED DRAWER KNOB ACRYLIC EDWARDIAN,FELTCRAFT DOLL MOLLY,2
RED DRAWER KNOB ACRYLIC EDWARDIAN,FELTCRAFT DOLL ROSIE,2
RED DRAWER KNOB ACRYLIC EDWARDIAN,CHARLOTTE BAG PINK POLKADOT,2
RED DRAWER KNOB ACRYLIC EDWARDIAN,JUMBO STORAGE BAG SUKI,2
RED ENCHANTED FOREST PLACEMAT,HEART IVORY TRELLIS SMALL,1
RED ENCHANTED FOREST PLACEMAT,EDWARDIAN PARASOL NATURAL,1
RED ENCHANTED FOREST PLACEMAT,AIRLINE BAG VINTAGE JET SET BROWN,1
RED ENCHANTED FOREST PLACEMAT,LUNCH BOX I LOVE LONDON,1
RED ENCHANTED FOREST PLACEMAT,KNITTED UNION FLAG HOT WATER BOTTLE,1
RED FLORAL FELTCRAFT SHOULDER BAG,BLUE STRIPE CERAMIC DRAWER KNOB,2
RED FLORAL FELTCRAFT SHOULDER BAG,FELTCRAFT DOLL EMILY,2
RED FLORAL FELTCRAFT SHOULDER BAG,PINK FLORAL FELTCRAFT SHOULDER BAG,2
RED FLORAL FELTCRAFT SHOULDER BAG,RED STRIPE CERAMIC DRAWER KNOB,2
RED FLORAL FELTCRAFT SHOULDER BAG,WHITE SPOT BLUE CERAMIC DRAWER KNOB,2
RED GINGHAM ROSE JEWELLERY BOX,BAKING SET 9 PIECE RETROSPOT,4
RED GINGHAM ROSE JEWELLERY BOX,VINTAGE PAISLEY STATIONERY SET,3
RED GINGHAM ROSE JEWELLERY BOX,TOADSTOOL BEDSIDE LIGHT,2
RED GINGHAM ROSE JEWELLERY BOX,RED METAL BOX TOP SECRET,2
RED GINGHAM ROSE JEWELLERY BOX,SMALL WHITE HEART OF WICKER,2
RED GINGHAM TEDDY BEAR,HOME BUILDING BLOCK WORD,1
RED GINGHAM TEDDY BEAR,LONDON BUS COFFEE MUG,1
RED GINGHAM TEDDY BEAR,GIANT 50'S CHRISTMAS CRACKER,1
RED GINGHAM TEDDY BEAR,GREY HEART HOT WATER BOTTLE,1
RED GINGHAM TEDDY BEAR,AGED GLASS SILVER T-LIGHT HOLDER,1
RED HANGING HEART T-LIGHT HOLDER,WHITE HANGING HEART T-LIGHT HOLDER,4
RED HANGING HEART T-LIGHT HOLDER,LUNCH BAG SUKI DESIGN,3
RED HANGING HEART T-LIGHT HOLDER,LUNCH BAG WOODLAND,3
RED HANGING HEART T-LIGHT HOLDER,LUNCH BAG CARS BLUE,3
RED HANGING HEART T-LIGHT HOLDER,LUNCH BAG PINK POLKADOT,3
RED HEART LUGGAGE TAG,HEART IVORY TRELLIS SMALL,1
RED HEART LUGGAGE TAG,EDWARDIAN PARASOL NATURAL,1
RED HEART LUGGAGE TAG,AIRLINE BAG VINTAGE JET SET BROWN,1
RED HEART LUGGAGE TAG,LUNCH BOX I LOVE LONDON,1
RED HEART LUGGAGE TAG,KNITTED UNION FLAG HOT WATER BOTTLE,1
RED HEART SHAPE LOVE BUCKET,DOORMAT RED RETROSPOT,1
RED HEART SHAPE LOVE BUCKET,LUNCH BAG WOODLAND,1
RED HEART SHAPE LOVE BUCKET,LUNCH BAG  BLACK SKULL.,1
RED HEART SHAPE LOVE BUCKET,DINOSAURS  WRITING SET,1
RED HEART SHAPE LOVE BUCKET,HEART CALCULATOR,1
RED KITCHEN SCALES,IVORY KITCHEN SCALES,3
RED KITCHEN SCALES,HAND OVER THE CHOCOLATE   SIGN,3
RED KITCHEN SCALES,RED DINER WALL CLOCK,2
RED KITCHEN SCALES,WHITE SKULL HOT WATER BOTTLE,2
RED KITCHEN SCALES,SHELF WITH 4 HOOKS HOME SWEET HOME,2
RED LOVE HEART SHAPE CUP,CERAMIC CAKE DESIGN SPOTTED PLATE,2
RED LOVE HEART SHAPE CUP,LOVE HEART POCKET WARMER,1
RED LOVE HEART SHAPE CUP,COFFEE MUG PINK PAISLEY DESIGN,1
RED LOVE HEART SHAPE CUP,BUNDLE OF 3 ALPHABET EXERCISE BOOKS,1
RED LOVE HEART SHAPE CUP,HEART BUTTONS JEWELLERY BOX,1
RED METAL BOX TOP SECRET,GARDENERS KNEELING PAD CUP OF TEA,2
RED METAL BOX TOP SECRET,ASSORTED COLOUR MINI CASES,2
RED METAL BOX TOP SECRET,HAND OVER THE CHOCOLATE   SIGN,2
RED METAL BOX TOP SECRET,GARDENERS KNEELING PAD KEEP CALM,2
RED METAL BOX TOP SECRET,LARGE YELLOW BABUSHKA NOTEBOOK,2
RED PAPER PARASOL,IVORY WIRE SWEETHEART LETTER TRAY,1
RED PAPER PARASOL,CREAM WALL PLANTER HEART SHAPED,1
RED PAPER PARASOL,LARGE IVORY HEART WALL ORGANISER,1
RED PAPER PARASOL,BOX OF 24 COCKTAIL PARASOLS,1
RED PAPER PARASOL,IVORY WIRE KITCHEN ORGANISER,1
RED POLKADOT BEAKER,JUMBO BAG SPACEBOY DESIGN,1
RED POLKADOT BEAKER,LUNCH BAG SPACEBOY DESIGN,1
RED POLKADOT BEAKER,JUMBO BAG TOYS,1
RED POLKADOT BEAKER,JUMBO BAG VINTAGE CHRISTMAS,1
RED POLKADOT BEAKER,JUMBO BAG VINTAGE DOILY,1
RED POLKADOT COFFEE  MUG,JAM MAKING SET WITH JARS,1
RED POLKADOT COFFEE  MUG,GINGHAM HEART DECORATION,1
RED POLKADOT COFFEE  MUG,JUMBO BAG RED RETROSPOT,1
RED POLKADOT COFFEE  MUG,CHILDRENS CUTLERY POLKADOT PINK,1
RED POLKADOT COFFEE  MUG,CHILDRENS CUTLERY RETROSPOT RED,1
RED PUDDING SPOON,BLUE PUDDING SPOON,2
RED PUDDING SPOON,WOODEN FRAME ANTIQUE WHITE,1
RED PUDDING SPOON,WOODLAND CHARLOTTE BAG,1
RED PUDDING SPOON,TWO DOOR CURIO CABINET,1
RED PUDDING SPOON,TUSCAN VILLA FEEDING STATION,1
RED RETROSPOT APRON,BLUE  DIAMANTE PEN IN GIFT BOX,2
RED RETROSPOT APRON,GARDENERS KNEELING PAD CUP OF TEA,1
RED RETROSPOT APRON,MAGIC DRAWING SLATE PURDEY,1
RED RETROSPOT APRON,CERAMIC CAKE DESIGN SPOTTED PLATE,1
RED RETROSPOT APRON,GLASS JAR PEACOCK BATH SALTS,1
RED RETROSPOT BOWL,RED TOADSTOOL LED NIGHT LIGHT,2
RED RETROSPOT BOWL,CHRISTMAS LIGHTS 10 REINDEER,2
RED RETROSPOT BOWL,PACK OF 72 RETROSPOT CAKE CASES,2
RED RETROSPOT BOWL,GREEN POLKADOT BOWL,2
RED RETROSPOT BOWL,WOODLAND  STICKERS,2
RED RETROSPOT BUTTER DISH,RETROSPOT TEA SET CERAMIC 11 PC,3
RED RETROSPOT BUTTER DISH,GIN + TONIC DIET METAL SIGN,2
RED RETROSPOT BUTTER DISH,IVORY DINER WALL CLOCK,2
RED RETROSPOT BUTTER DISH,RETROSPOT RED WASHING UP GLOVES,2
RED RETROSPOT BUTTER DISH,SET OF SALT AND PEPPER TOADSTOOLS,2
RED RETROSPOT CAKE STAND,LUNCH BAG RED RETROSPOT,3
RED RETROSPOT CAKE STAND,LUNCH BAG WOODLAND,2
RED RETROSPOT CAKE STAND,LUNCH BAG SUKI DESIGN,2
RED RETROSPOT CAKE STAND,JUMBO BAG RED RETROSPOT,2
RED RETROSPOT CAKE STAND,PACK OF 72 RETROSPOT CAKE CASES,2
RED RETROSPOT CHARLOTTE BAG,CHARLOTTE BAG DOLLY GIRL DESIGN,6
RED RETROSPOT CHARLOTTE BAG,STRAWBERRY CHARLOTTE BAG,5
RED RETROSPOT CHARLOTTE BAG,CHARLOTTE BAG APPLES DESIGN,4
RED RETROSPOT CHARLOTTE BAG,CHARLOTTE BAG PINK POLKADOT,4
RED RETROSPOT CHARLOTTE BAG,JUMBO BAG STRAWBERRY,3
RED RETROSPOT CHILDRENS UMBRELLA,MAGIC DRAWING SLATE CIRCUS PARADE,2
RED RETROSPOT CHILDRENS UMBRELLA,LUNCH BOX I LOVE LONDON,2
RED RETROSPOT CHILDRENS UMBRELLA,36 PENCILS TUBE RED RETROSPOT,2
RED RETROSPOT CHILDRENS UMBRELLA,CIRCUS PARADE LUNCH BOX,2
RED RETROSPOT CHILDRENS UMBRELLA,PLASTERS IN TIN CIRCUS PARADE,2
RED RETROSPOT CUP,6 RIBBONS SHIMMERING PINKS,1
RED RETROSPOT CUP,DOORMAT SPOTTY HOME SWEET HOME,1
RED RETROSPOT CUP,CHRISTMAS LIGHTS 10 VINTAGE BAUBLES,1
RED RETROSPOT CUP,60 TEATIME FAIRY CAKE CASES,1
RED RETROSPOT CUP,LUNCH BAG PINK POLKADOT,1
RED RETROSPOT MINI CASES,LUNCH BAG PINK POLKADOT,3
RED RETROSPOT MINI CASES,JUMBO STORAGE BAG SUKI,2
RED RETROSPOT MINI CASES,ASSORTED COLOUR MINI CASES,2
RED RETROSPOT MINI CASES,LUNCH BAG SPACEBOY DESIGN,2
RED RETROSPOT MINI CASES,LUNCH BAG CARS BLUE,2
RED RETROSPOT MUG,SET OF 3 HEART COOKIE CUTTERS,3
RED RETROSPOT MUG,GUMBALL COAT RACK,2
RED RETROSPOT MUG,GIN + TONIC DIET METAL SIGN,2
RED RETROSPOT MUG,FAIRY CAKE DESIGN UMBRELLA,2
RED RETROSPOT MUG,ALARM CLOCK BAKELIKE CHOCOLATE,2
RED RETROSPOT OVEN GLOVE,CERAMIC STRAWBERRY MONEY BOX,2
RED RETROSPOT OVEN GLOVE,CERAMIC CHERRY CAKE MONEY BANK,2
RED RETROSPOT OVEN GLOVE,CERAMIC STRAWBERRY CAKE MONEY BANK,2
RED RETROSPOT OVEN GLOVE,JUMBO BAG PINK VINTAGE PAISLEY,2
RED RETROSPOT OVEN GLOVE,PIGGY BANK RETROSPOT,2
RED RETROSPOT OVEN GLOVE DOUBLE,SKULL SHOULDER BAG,4
RED RETROSPOT OVEN GLOVE DOUBLE,RED STRIPE CERAMIC DRAWER KNOB,3
RED RETROSPOT OVEN GLOVE DOUBLE,CERAMIC STRAWBERRY MONEY BOX,2
RED RETROSPOT OVEN GLOVE DOUBLE,GINGHAM HEART DECORATION,2
RED RETROSPOT OVEN GLOVE DOUBLE,DOORMAT SPOTTY HOME SWEET HOME,2
RED RETROSPOT PEG BAG,LUNCH BAG SUKI DESIGN,3
RED RETROSPOT PEG BAG,LUNCH BAG RED RETROSPOT,3
RED RETROSPOT PEG BAG,LUNCH BAG PINK POLKADOT,3
RED RETROSPOT PEG BAG,LUNCH BAG  BLACK SKULL.,3
RED RETROSPOT PEG BAG,JUMBO STORAGE BAG SUKI,3
RED RETROSPOT PICNIC BAG,BLUE HARMONICA IN BOX,2
RED RETROSPOT PICNIC BAG,LUNCH BAG  BLACK SKULL.,2
RED RETROSPOT PICNIC BAG,LUNCH BAG SUKI DESIGN,2
RED RETROSPOT PICNIC BAG,FELTCRAFT 6 FLOWER FRIENDS,2
RED RETROSPOT PICNIC BAG,PANTRY ROLLING PIN,2
RED RETROSPOT PLATE,PAPER CHAIN KIT RETROSPOT,2
RED RETROSPOT PLATE,CHILDRENS CUTLERY POLKADOT PINK,2
RED RETROSPOT PLATE,CHILDRENS CUTLERY RETROSPOT RED,2
RED RETROSPOT PLATE,BOX OF 24 COCKTAIL PARASOLS,2
RED RETROSPOT PLATE,LUNCH BAG CARS BLUE,2
RED RETROSPOT PUDDING BOWL,CANDLEHOLDER PINK HANGING HEART,1
RED RETROSPOT PUDDING BOWL,BREAD BIN DINER STYLE RED,1
RED RETROSPOT PUDDING BOWL,JUMBO BAG RED RETROSPOT,1
RED RETROSPOT PUDDING BOWL,GUMBALL COAT RACK,1
RED RETROSPOT PUDDING BOWL,GARLAND WITH HEARTS AND BELLS,1
RED RETROSPOT PURSE,LOVE HEART SOCK HANGER,1
RED RETROSPOT PURSE,DAIRY MAID LARGE MILK JUG,1
RED RETROSPOT PURSE,DAIRY MAID STRIPE MUG,1
RED RETROSPOT PURSE,KINGS CHOICE MUG,1
RED RETROSPOT PURSE,DAIRY MAID TRADITIONAL TEAPOT,1
RED RETROSPOT ROUND CAKE TINS,JAM MAKING SET WITH JARS,2
RED RETROSPOT ROUND CAKE TINS,NATURAL SLATE CHALKBOARD LARGE,2
RED RETROSPOT ROUND CAKE TINS,PACK OF 72 RETROSPOT CAKE CASES,2
RED RETROSPOT ROUND CAKE TINS,PARTY BUNTING,2
RED RETROSPOT ROUND CAKE TINS,ENGLISH ROSE SPIRIT LEVEL,1
RED RETROSPOT SHOPPER BAG,WOODEN FRAME ANTIQUE WHITE,2
RED RETROSPOT SHOPPER BAG,WHEELBARROW FOR CHILDREN,2
RED RETROSPOT SHOPPER BAG,SET OF 3 HEART COOKIE CUTTERS,2
RED RETROSPOT SHOPPER BAG,SET/2 RED RETROSPOT TEA TOWELS,2
RED RETROSPOT SHOPPER BAG,GARDENERS KNEELING PAD CUP OF TEA,2
RED RETROSPOT SHOPPING BAG,LUNCH BOX I LOVE LONDON,1
RED RETROSPOT SHOPPING BAG,FAIRY TALE COTTAGE NIGHT LIGHT,1
RED RETROSPOT SHOPPING BAG,DOLLY GIRL MINI BACKPACK,1
RED RETROSPOT SHOPPING BAG,GLASS CLOCHE SMALL,1
RED RETROSPOT SHOPPING BAG,ALARM CLOCK BAKELIKE GREEN,1
RED RETROSPOT SMALL MILK JUG,RED RETROSPOT SUGAR JAM BOWL,3
RED RETROSPOT SMALL MILK JUG,RETROSPOT LARGE MILK JUG,3
RED RETROSPOT SMALL MILK JUG,JUMBO BAG RED RETROSPOT,2
RED RETROSPOT SMALL MILK JUG,LUNCH BAG CARS BLUE,2
RED RETROSPOT SMALL MILK JUG,MIRRORED DISCO BALL,2
RED RETROSPOT STORAGE JAR,LUNCH BAG  BLACK SKULL.,1
RED RETROSPOT STORAGE JAR,CHOCOLATE THIS WAY METAL SIGN,1
RED RETROSPOT STORAGE JAR,DOORMAT RESPECTABLE HOUSE,1
RED RETROSPOT STORAGE JAR,DOORMAT WELCOME TO OUR HOME,1
RED RETROSPOT STORAGE JAR,HOMEMADE JAM SCENTED CANDLES,1
RED RETROSPOT SUGAR JAM BOWL,RED RETROSPOT SMALL MILK JUG,3
RED RETROSPOT SUGAR JAM BOWL,MIRRORED DISCO BALL,2
RED RETROSPOT SUGAR JAM BOWL,RETROSPOT LARGE MILK JUG,2
RED RETROSPOT SUGAR JAM BOWL,RETROSPOT RED WASHING UP GLOVES,2
RED RETROSPOT SUGAR JAM BOWL,CHRISTMAS TREE STAR DECORATION,1
RED RETROSPOT TAPE,BOX OF 24 COCKTAIL PARASOLS,2
RED RETROSPOT TAPE,LUNCH BAG PINK POLKADOT,2
RED RETROSPOT TAPE,DOLLY GIRL CHILDRENS BOWL,1
RED RETROSPOT TAPE,DOLLY GIRL CHILDRENS CUP,1
RED RETROSPOT TAPE,BALLOONS  WRITING SET,1
RED RETROSPOT TEA CUP AND SAUCER,LOVE HEART SOCK HANGER,1
RED RETROSPOT TEA CUP AND SAUCER,DAIRY MAID LARGE MILK JUG,1
RED RETROSPOT TEA CUP AND SAUCER,DAIRY MAID STRIPE MUG,1
RED RETROSPOT TEA CUP AND SAUCER,KINGS CHOICE MUG,1
RED RETROSPOT TEA CUP AND SAUCER,DAIRY MAID TRADITIONAL TEAPOT,1
RED RETROSPOT TISSUE BOX,JUMBO BAG TOYS,2
RED RETROSPOT TISSUE BOX,BLUE PAISLEY TISSUE BOX,2
RED RETROSPOT TISSUE BOX,JUMBO STORAGE BAG SUKI,2
RED RETROSPOT TISSUE BOX,EMPIRE TISSUE BOX,2
RED RETROSPOT TISSUE BOX,JUMBO BAG RED RETROSPOT,2
RED RETROSPOT UMBRELLA,EDWARDIAN PARASOL NATURAL,5
RED RETROSPOT UMBRELLA,GIN + TONIC DIET METAL SIGN,5
RED RETROSPOT UMBRELLA,BLACK/BLUE POLKADOT UMBRELLA,4
RED RETROSPOT UMBRELLA,EDWARDIAN PARASOL BLACK,4
RED RETROSPOT UMBRELLA,LUNCH BAG VINTAGE DOILY,4
RED RETROSPOT WRAP,BLUE POLKADOT WRAP,3
RED RETROSPOT WRAP,DOORMAT RED RETROSPOT,2
RED RETROSPOT WRAP,HANGING JAM JAR T-LIGHT HOLDER,2
RED RETROSPOT WRAP,REGENCY CAKESTAND 3 TIER,2
RED RETROSPOT WRAP,WRAP PAISLEY PARK,2
RED ROCKING HORSE HAND PAINTED,JUMBO BAG 50'S CHRISTMAS,3
RED ROCKING HORSE HAND PAINTED,PAPER CHAIN KIT 50'S CHRISTMAS,3
RED ROCKING HORSE HAND PAINTED,6 GIFT TAGS VINTAGE CHRISTMAS,2
RED ROCKING HORSE HAND PAINTED,3D CHRISTMAS STAMPS STICKERS,2
RED ROCKING HORSE HAND PAINTED,BISCUIT TIN 50'S CHRISTMAS,2
RED SPOT CERAMIC DRAWER KNOB,RED STRIPE CERAMIC DRAWER KNOB,3
RED SPOT CERAMIC DRAWER KNOB,WHITE SPOT RED CERAMIC DRAWER KNOB,3
RED SPOT CERAMIC DRAWER KNOB,JUMBO SHOPPER VINTAGE RED PAISLEY,2
RED SPOT CERAMIC DRAWER KNOB,BLUE SPOT CERAMIC DRAWER KNOB,2
RED SPOT CERAMIC DRAWER KNOB,BLUE STRIPE CERAMIC DRAWER KNOB,2
RED SPOT GIFT BAG LARGE,3 RAFFIA RIBBONS VINTAGE CHRISTMAS,1
RED SPOT GIFT BAG LARGE,6 GIFT TAGS VINTAGE CHRISTMAS,1
RED SPOT GIFT BAG LARGE,3D VINTAGE CHRISTMAS STICKERS,1
RED SPOT GIFT BAG LARGE,6 RIBBONS ELEGANT CHRISTMAS,1
RED SPOT GIFT BAG LARGE,EMPIRE GIFT WRAP,1
RED SPOT PAPER GIFT BAG,VINTAGE CHRISTMAS PAPER GIFT BAG,2
RED SPOT PAPER GIFT BAG,3 RAFFIA RIBBONS 50'S CHRISTMAS,1
RED SPOT PAPER GIFT BAG,3 RAFFIA RIBBONS VINTAGE CHRISTMAS,1
RED SPOT PAPER GIFT BAG,FAIRY TALE COTTAGE NIGHT LIGHT,1
RED SPOT PAPER GIFT BAG,DOLLY GIRL MINI BACKPACK,1
RED SPOTTY BISCUIT TIN,FRENCH BATHROOM SIGN BLUE METAL,2
RED SPOTTY BISCUIT TIN,HOT BATHS METAL SIGN,2
RED SPOTTY BISCUIT TIN,HERB MARKER ROSEMARY,2
RED SPOTTY BISCUIT TIN,HERB MARKER BASIL,2
RED SPOTTY BISCUIT TIN,LUNCH BAG RED RETROSPOT,2
RED STAR CARD HOLDER,6 RIBBONS RUSTIC CHARM,1
RED STAR CARD HOLDER,GREY HEART HOT WATER BOTTLE,1
RED STAR CARD HOLDER,HOME BUILDING BLOCK WORD,1
RED STAR CARD HOLDER,ZINC BOX SIGN HOME,1
RED STAR CARD HOLDER,HAND WARMER BIRD DESIGN,1
RED STRIPE CERAMIC DRAWER KNOB,BLUE STRIPE CERAMIC DRAWER KNOB,4
RED STRIPE CERAMIC DRAWER KNOB,WHITE SPOT RED CERAMIC DRAWER KNOB,4
RED STRIPE CERAMIC DRAWER KNOB,LUNCH BAG CARS BLUE,3
RED STRIPE CERAMIC DRAWER KNOB,LUNCH BAG SUKI DESIGN,3
RED STRIPE CERAMIC DRAWER KNOB,BLUE SPOT CERAMIC DRAWER KNOB,3
RED TOADSTOOL LED NIGHT LIGHT,ROUND SNACK BOXES SET OF4 WOODLAND,6
RED TOADSTOOL LED NIGHT LIGHT,POSTAGE,4
RED TOADSTOOL LED NIGHT LIGHT,STRAWBERRY CHARLOTTE BAG,3
RED TOADSTOOL LED NIGHT LIGHT,PLASTERS IN TIN CIRCUS PARADE,3
RED TOADSTOOL LED NIGHT LIGHT,STRAWBERRY CERAMIC TRINKET BOX,3
RED VINTAGE SPOT BEAKER,BLUE VINTAGE SPOT BEAKER,3
RED VINTAGE SPOT BEAKER,COWBOYS AND INDIANS BIRTHDAY CARD,2
RED VINTAGE SPOT BEAKER,"BIRTHDAY CARD, RETRO SPOT",2
RED VINTAGE SPOT BEAKER,ROBOT BIRTHDAY CARD,2
RED VINTAGE SPOT BEAKER,SPACEBOY BIRTHDAY CARD,2
RED WOOLLY HOTTIE WHITE HEART.,LOVE HOT WATER BOTTLE,3
RED WOOLLY HOTTIE WHITE HEART.,WHITE SKULL HOT WATER BOTTLE,3
RED WOOLLY HOTTIE WHITE HEART.,ENGLISH ROSE HOT WATER BOTTLE,2
RED WOOLLY HOTTIE WHITE HEART.,CANDLEHOLDER PINK HANGING HEART,2
RED WOOLLY HOTTIE WHITE HEART.,HAND WARMER BIRD DESIGN,2
REGENCY CAKESTAND 3 TIER,WHITE HANGING HEART T-LIGHT HOLDER,7
REGENCY CAKESTAND 3 TIER,LUNCH BAG CARS BLUE,7
REGENCY CAKESTAND 3 TIER,PARTY BUNTING,6
REGENCY CAKESTAND 3 TIER,PINK REGENCY TEACUP AND SAUCER,5
REGENCY CAKESTAND 3 TIER,ALARM CLOCK BAKELIKE RED,5
REGENCY MILK JUG PINK,REGENCY CAKESTAND 3 TIER,3
REGENCY MILK JUG PINK,GREEN REGENCY TEACUP AND SAUCER,2
REGENCY MILK JUG PINK,CLEAR DRAWER KNOB ACRYLIC EDWARDIAN,2
REGENCY MILK JUG PINK,PINK REGENCY TEACUP AND SAUCER,2
REGENCY MILK JUG PINK,REGENCY TEA PLATE GREEN,2
REGENCY SUGAR BOWL GREEN,HANGING SPRING FLOWER EGG SMALL,1
REGENCY SUGAR BOWL GREEN,DAIRY MAID STRIPE MUG,1
REGENCY SUGAR BOWL GREEN,IVORY HANGING DECORATION  EGG,1
REGENCY SUGAR BOWL GREEN,FILIGREE HEART BIRD WHITE,1
REGENCY SUGAR BOWL GREEN,CLEAR DRAWER KNOB ACRYLIC EDWARDIAN,1
REGENCY SUGAR TONGS,BOX OF 24 COCKTAIL PARASOLS,1
REGENCY SUGAR TONGS,BOX OF 6 ASSORTED COLOUR TEASPOONS,1
REGENCY SUGAR TONGS,IVORY SWEETHEART WIRE LETTER RACK,1
REGENCY SUGAR TONGS,DOTCOM POSTAGE,1
REGENCY SUGAR TONGS,JUMBO BAG WOODLAND ANIMALS,1
REGENCY TEA PLATE GREEN,GREEN REGENCY TEACUP AND SAUCER,2
REGENCY TEA PLATE GREEN,CLEAR DRAWER KNOB ACRYLIC EDWARDIAN,2
REGENCY TEA PLATE GREEN,PINK REGENCY TEACUP AND SAUCER,2
REGENCY TEA PLATE GREEN,REGENCY CAKESTAND 3 TIER,2
REGENCY TEA PLATE GREEN,REGENCY MILK JUG PINK,2
REGENCY TEA PLATE PINK,GREEN REGENCY TEACUP AND SAUCER,2
REGENCY TEA PLATE PINK,CLEAR DRAWER KNOB ACRYLIC EDWARDIAN,2
REGENCY TEA PLATE PINK,PINK REGENCY TEACUP AND SAUCER,2
REGENCY TEA PLATE PINK,REGENCY CAKESTAND 3 TIER,2
REGENCY TEA PLATE PINK,REGENCY MILK JUG PINK,2
REGENCY TEA PLATE ROSES,PLASTERS IN TIN WOODLAND ANIMALS,2
REGENCY TEA PLATE ROSES,CARD DOLLY GIRL,2
REGENCY TEA PLATE ROSES,ALARM CLOCK BAKELIKE RED,2
REGENCY TEA PLATE ROSES,PLASTERS IN TIN SPACEBOY,2
REGENCY TEA PLATE ROSES,REGENCY CAKESTAND 3 TIER,2
REGENCY TEA SPOON,LOVELY BONBON STICKER SHEET,1
REGENCY TEA SPOON,DOG TOY WITH PINK CROCHET SKIRT,1
REGENCY TEA SPOON,CARD CHRISTMAS VILLAGE,1
REGENCY TEA SPOON,HOT BATHS METAL SIGN,1
REGENCY TEA SPOON,GARLAND WITH HEARTS AND BELLS,1
REGENCY TEA STRAINER,CLASSIC SUGAR DISPENSER,1
REGENCY TEA STRAINER,DOILEY STORAGE TIN,1
REGENCY TEA STRAINER,FELTCRAFT GIRL AMELIE KIT,1
REGENCY TEA STRAINER,FRENCH ENAMEL CANDLEHOLDER,1
REGENCY TEA STRAINER,IVORY SWEETHEART WIRE LETTER RACK,1
REGENCY TEAPOT ROSES,REGENCY CAKESTAND 3 TIER,3
REGENCY TEAPOT ROSES,6 GIFT TAGS VINTAGE CHRISTMAS,2
REGENCY TEAPOT ROSES,PINK REGENCY TEACUP AND SAUCER,2
REGENCY TEAPOT ROSES,BOX OF 24 COCKTAIL PARASOLS,2
REGENCY TEAPOT ROSES,GREEN REGENCY TEACUP AND SAUCER,2
REINDEER HEART DECORATION GOLD,HOME SWEET HOME KEY HOLDER,1
REINDEER HEART DECORATION GOLD,CHRISTMAS METAL TAGS ASSORTED,1
REINDEER HEART DECORATION GOLD,BOX OF 6 MINI 50'S CRACKERS,1
REINDEER HEART DECORATION GOLD,COLOUR GLASS. STAR T-LIGHT HOLDER,1
REINDEER HEART DECORATION GOLD,6 GIFT TAGS VINTAGE CHRISTMAS,1
RETRO BROWN BALL ASHTRAY,BREAD BIN DINER STYLE MINT,1
RETRO BROWN BALL ASHTRAY,BREAD BIN DINER STYLE PINK,1
RETRO BROWN BALL ASHTRAY,FLOOR LAMP SHADE WOOD BASE,1
RETRO BROWN BALL ASHTRAY,GLASS  BEURRE DISH,1
RETRO BROWN BALL ASHTRAY,BLUE & WHITE BREAKFAST TRAY,1
RETRO COFFEE MUGS ASSORTED,PARTY BUNTING,2
RETRO COFFEE MUGS ASSORTED,POTTING SHED TEA MUG,2
RETRO COFFEE MUGS ASSORTED,FLOOR LAMP SHADE WOOD BASE,1
RETRO COFFEE MUGS ASSORTED,GUMBALL COAT RACK,1
RETRO COFFEE MUGS ASSORTED,GLASS  BEURRE DISH,1
RETRO LONGBOARD IRONING BOARD COVER,CHARLOTTE BAG DOLLY GIRL DESIGN,2
RETRO LONGBOARD IRONING BOARD COVER,JUMBO BAG DOLLY GIRL DESIGN,2
RETRO LONGBOARD IRONING BOARD COVER,JUMBO BAG STRAWBERRY,2
RETRO LONGBOARD IRONING BOARD COVER,LUNCH BAG APPLE DESIGN,2
RETRO LONGBOARD IRONING BOARD COVER,RED RETROSPOT CHARLOTTE BAG,2
RETRO MOD TRAY,KINGS CHOICE MUG,2
RETRO MOD TRAY,POTTING SHED TEA MUG,2
RETRO MOD TRAY,REGENCY CAKESTAND 3 TIER,2
RETRO MOD TRAY,VINTAGE BILLBOARD LOVE/HATE MUG,2
RETRO MOD TRAY,GUMBALL MONOCHROME COAT RACK,1
RETRO PINK BALL ASHTRAY,BREAD BIN DINER STYLE MINT,1
RETRO PINK BALL ASHTRAY,BREAD BIN DINER STYLE PINK,1
RETRO PINK BALL ASHTRAY,FLOOR LAMP SHADE WOOD BASE,1
RETRO PINK BALL ASHTRAY,GLASS  BEURRE DISH,1
RETRO PINK BALL ASHTRAY,BLUE & WHITE BREAKFAST TRAY,1
RETRO PLASTIC DAISY TRAY,CHILDRENS APRON SPACEBOY DESIGN,1
RETRO PLASTIC DAISY TRAY,BLUE/YELLOW CERAMIC CANDLE HOLDER,1
RETRO PLASTIC DAISY TRAY,MEASURING TAPE BABUSHKA RED,1
RETRO PLASTIC DAISY TRAY,JUMBO BAG DOLLY GIRL DESIGN,1
RETRO PLASTIC DAISY TRAY,GIRLS VINTAGE TIN SEASIDE BUCKET,1
RETRO PLASTIC POLKA TRAY,CHILDRENS APRON SPACEBOY DESIGN,2
RETRO PLASTIC POLKA TRAY,PARTY INVITES SPACEMAN,2
RETRO PLASTIC POLKA TRAY,PINK FAIRY CAKE CHILDRENS APRON,2
RETRO PLASTIC POLKA TRAY,SMALL WHITE HEART OF WICKER,2
RETRO PLASTIC POLKA TRAY,SPACEBOY LUNCH BOX,2
RETROSPOT BABUSHKA DOORSTOP,HI TEC ALPINE HAND WARMER,1
RETROSPOT BABUSHKA DOORSTOP,FILIGRIS HEART WITH BUTTERFLY,1
RETROSPOT BABUSHKA DOORSTOP,BOTTLE BAG RETROSPOT,1
RETROSPOT BABUSHKA DOORSTOP,CAKE PLATE LOVEBIRD WHITE,1
RETROSPOT BABUSHKA DOORSTOP,JOY LARGE WOOD LETTERS,1
RETROSPOT CIGAR BOX MATCHES,LUNCH BAG DOILEY PATTERN,2
RETROSPOT CIGAR BOX MATCHES,LOVE BUILDING BLOCK WORD,2
RETROSPOT CIGAR BOX MATCHES,RETROSPOT HEART HOT WATER BOTTLE,2
RETROSPOT CIGAR BOX MATCHES,TRAVEL CARD WALLET TRANSPORT,2
RETROSPOT CIGAR BOX MATCHES,DOORMAT HOME SWEET HOME BLUE,1
RETROSPOT GIANT TUBE MATCHES,3D CHRISTMAS STAMPS STICKERS,2
RETROSPOT GIANT TUBE MATCHES,3D TRADITIONAL CHRISTMAS STICKERS,2
RETROSPOT GIANT TUBE MATCHES,WHITE SKULL HOT WATER BOTTLE,2
RETROSPOT GIANT TUBE MATCHES,CHRISTMAS LIGHTS 10 SANTAS,2
RETROSPOT GIANT TUBE MATCHES,EDWARDIAN PARASOL RED,2
RETROSPOT HEART HOT WATER BOTTLE,SCOTTIE DOG HOT WATER BOTTLE,5
RETROSPOT HEART HOT WATER BOTTLE,LOVE HOT WATER BOTTLE,4
RETROSPOT HEART HOT WATER BOTTLE,HAND WARMER BIRD DESIGN,4
RETROSPOT HEART HOT WATER BOTTLE,HAND WARMER SCOTTY DOG DESIGN,3
RETROSPOT HEART HOT WATER BOTTLE,HAND WARMER RED RETROSPOT,3
RETROSPOT LAMP,DAIRY MAID TOASTRACK,1
RETROSPOT LAMP,CLASSIC METAL BIRDCAGE PLANT HOLDER,1
RETROSPOT LAMP,GUMBALL COAT RACK,1
RETROSPOT LAMP,CANDY SPOT EGG WARMER HARE,1
RETROSPOT LAMP,FRENCH ENAMEL CANDLEHOLDER,1
RETROSPOT LARGE MILK JUG,RED RETROSPOT SMALL MILK JUG,3
RETROSPOT LARGE MILK JUG,LUNCH BAG CARS BLUE,2
RETROSPOT LARGE MILK JUG,RED RETROSPOT SUGAR JAM BOWL,2
RETROSPOT LARGE MILK JUG,JUMBO BAG DOLLY GIRL DESIGN,1
RETROSPOT LARGE MILK JUG,JUMBO BAG OWLS,1
RETROSPOT PARTY BAG + STICKER SET,36 FOIL HEART CAKE CASES,2
RETROSPOT PARTY BAG + STICKER SET,36 FOIL STAR CAKE CASES,2
RETROSPOT PARTY BAG + STICKER SET,SPACEBOY MINI BACKPACK,2
RETROSPOT PARTY BAG + STICKER SET,12 PENCILS SMALL TUBE SKULL,2
RETROSPOT PARTY BAG + STICKER SET,FELTCRAFT CHRISTMAS FAIRY,1
RETROSPOT RED WASHING UP GLOVES,JUMBO BAG RED RETROSPOT,3
RETROSPOT RED WASHING UP GLOVES,REGENCY CAKESTAND 3 TIER,2
RETROSPOT RED WASHING UP GLOVES,RED RETROSPOT SMALL MILK JUG,2
RETROSPOT RED WASHING UP GLOVES,RED KITCHEN SCALES,2
RETROSPOT RED WASHING UP GLOVES,RED RETROSPOT SUGAR JAM BOWL,2
RETROSPOT SMALL TUBE MATCHES,LAUNDRY 15C METAL SIGN,2
RETROSPOT SMALL TUBE MATCHES,JUMBO SHOPPER VINTAGE RED PAISLEY,2
RETROSPOT SMALL TUBE MATCHES,JUMBO BAG PINK VINTAGE PAISLEY,2
RETROSPOT SMALL TUBE MATCHES,JUMBO BAG OWLS,2
RETROSPOT SMALL TUBE MATCHES,JUMBO STORAGE BAG SUKI,2
RETROSPOT TEA SET CERAMIC 11 PC,BAKING SET 9 PIECE RETROSPOT,4
RETROSPOT TEA SET CERAMIC 11 PC,WHITE HANGING HEART T-LIGHT HOLDER,4
RETROSPOT TEA SET CERAMIC 11 PC,TRADITIONAL KNITTING NANCY,4
RETROSPOT TEA SET CERAMIC 11 PC,ASSORTED COLOUR MINI CASES,3
RETROSPOT TEA SET CERAMIC 11 PC,RED RETROSPOT BUTTER DISH,3
RETROSPOT WOODEN HEART DECORATION,CHRISTMAS RETROSPOT STAR WOOD,1
RETROSPOT WOODEN HEART DECORATION,ASSORTED COLOUR MINI CASES,1
RETROSPOT WOODEN HEART DECORATION,ZINC FOLKART SLEIGH BELLS,1
RETROSPOT WOODEN HEART DECORATION,3D CHRISTMAS STAMPS STICKERS,1
RETROSPOT WOODEN HEART DECORATION,CHRISTMAS RETROSPOT TREE WOOD,1
REVOLVER WOODEN RULER,BLUE VINTAGE SPOT BEAKER,2
REVOLVER WOODEN RULER,HEART OF WICKER SMALL,2
REVOLVER WOODEN RULER,GIRAFFE WOODEN RULER,2
REVOLVER WOODEN RULER,CHILDRENS CUTLERY SPACEBOY,2
REVOLVER WOODEN RULER,SMALL WHITE HEART OF WICKER,2
REX CASH+CARRY JUMBO SHOPPER,SMALL WHITE HEART OF WICKER,3
REX CASH+CARRY JUMBO SHOPPER,HAND WARMER OWL DESIGN,2
REX CASH+CARRY JUMBO SHOPPER,HAND WARMER BABUSHKA DESIGN,2
REX CASH+CARRY JUMBO SHOPPER,HAPPY STENCIL CRAFT,2
REX CASH+CARRY JUMBO SHOPPER,JUMBO BAG VINTAGE CHRISTMAS,2
RIBBON REEL CHRISTMAS SOCK BAUBLE,LARGE WHITE HEART OF WICKER,2
RIBBON REEL CHRISTMAS SOCK BAUBLE,FELTCRAFT DOLL MOLLY,2
RIBBON REEL CHRISTMAS SOCK BAUBLE,3D TRADITIONAL CHRISTMAS STICKERS,2
RIBBON REEL CHRISTMAS SOCK BAUBLE,HOT WATER BOTTLE TEA AND SYMPATHY,2
RIBBON REEL CHRISTMAS SOCK BAUBLE,CHRISTMAS LIGHTS 10 REINDEER,2
RIBBON REEL FLORA + FAUNA,BAKING SET SPACEBOY DESIGN,1
RIBBON REEL FLORA + FAUNA,ALARM CLOCK BAKELIKE CHOCOLATE,1
RIBBON REEL FLORA + FAUNA,ALARM CLOCK BAKELIKE GREEN,1
RIBBON REEL FLORA + FAUNA,ALARM CLOCK BAKELIKE IVORY,1
RIBBON REEL FLORA + FAUNA,LARGE RED BABUSHKA NOTEBOOK,1
RIBBON REEL HEARTS DESIGN,DINOSAURS  WRITING SET,3
RIBBON REEL HEARTS DESIGN,LUNCH BAG CARS BLUE,3
RIBBON REEL HEARTS DESIGN,LUNCH BAG WOODLAND,3
RIBBON REEL HEARTS DESIGN,LUNCH BAG RED RETROSPOT,3
RIBBON REEL HEARTS DESIGN,SKULLS WRITING SET,3
RIBBON REEL LACE DESIGN,GINGERBREAD MAN COOKIE CUTTER,1
RIBBON REEL LACE DESIGN,FELTCRAFT BUTTERFLY HEARTS,1
RIBBON REEL LACE DESIGN,CHRISTMAS TOILET ROLL,1
RIBBON REEL LACE DESIGN,FELTCRAFT CHRISTMAS FAIRY,1
RIBBON REEL LACE DESIGN,FELTCRAFT CUSHION BUTTERFLY,1
RIBBON REEL MAKING SNOWMEN,LUNCH BAG SPACEBOY DESIGN,1
RIBBON REEL MAKING SNOWMEN,LUNCH BAG  BLACK SKULL.,1
RIBBON REEL MAKING SNOWMEN,LUNCH BAG WOODLAND,1
RIBBON REEL MAKING SNOWMEN,CHRISTMAS DECOUPAGE CANDLE,1
RIBBON REEL MAKING SNOWMEN,GINGERBREAD MAN COOKIE CUTTER,1
RIBBON REEL POLKADOTS,LUNCH BAG SPACEBOY DESIGN,1
RIBBON REEL POLKADOTS,LUNCH BAG  BLACK SKULL.,1
RIBBON REEL POLKADOTS,LUNCH BAG WOODLAND,1
RIBBON REEL POLKADOTS,CHRISTMAS DECOUPAGE CANDLE,1
RIBBON REEL POLKADOTS,GINGERBREAD MAN COOKIE CUTTER,1
RIBBON REEL SNOWY VILLAGE,GINGERBREAD MAN COOKIE CUTTER,1
RIBBON REEL SNOWY VILLAGE,FELTCRAFT BUTTERFLY HEARTS,1
RIBBON REEL SNOWY VILLAGE,CHRISTMAS TOILET ROLL,1
RIBBON REEL SNOWY VILLAGE,FELTCRAFT CHRISTMAS FAIRY,1
RIBBON REEL SNOWY VILLAGE,FELTCRAFT CUSHION BUTTERFLY,1
RIBBON REEL SOCKS AND MITTENS,LUNCH BAG SPACEBOY DESIGN,1
RIBBON REEL SOCKS AND MITTENS,LUNCH BAG  BLACK SKULL.,1
RIBBON REEL SOCKS AND MITTENS,LUNCH BAG WOODLAND,1
RIBBON REEL SOCKS AND MITTENS,CHRISTMAS DECOUPAGE CANDLE,1
RIBBON REEL SOCKS AND MITTENS,GINGERBREAD MAN COOKIE CUTTER,1
RIBBON REEL STRIPES DESIGN,BOX OF 6 ASSORTED COLOUR TEASPOONS,2
RIBBON REEL STRIPES DESIGN,HEART OF WICKER SMALL,2
RIBBON REEL STRIPES DESIGN,FRENCH ENAMEL CANDLEHOLDER,2
RIBBON REEL STRIPES DESIGN,SMALL HEART FLOWERS HOOK,2
RIBBON REEL STRIPES DESIGN,12 EGG HOUSE PAINTED WOOD,1
RIDGED GLASS FINGER BOWL,CHARLIE AND LOLA FIGURES TINS,1
RIDGED GLASS FINGER BOWL,CHARLIE AND LOLA TABLE TINS,1
RIDGED GLASS FINGER BOWL,BISCUITS SMALL BOWL LIGHT BLUE,1
RIDGED GLASS FINGER BOWL,GLASS CHALICE GREEN  SMALL,1
RIDGED GLASS FINGER BOWL,JARDIN ETCHED GLASS LARGE BELL JAR,1
RIDGED GLASS POSY VASE,"FANCY FONT BIRTHDAY CARD,",1
RIDGED GLASS POSY VASE,GINGERBREAD MAN COOKIE CUTTER,1
RIDGED GLASS POSY VASE,BREAD BIN DINER STYLE RED,1
RIDGED GLASS POSY VASE,FRENCH ENAMEL CANDLEHOLDER,1
RIDGED GLASS POSY VASE,4 TRADITIONAL SPINNING TOPS,1
RIDGED GLASS T-LIGHT HOLDER,CREAM SWEETHEART MINI CHEST,1
RIDGED GLASS T-LIGHT HOLDER,KITTENS DESIGN FLANNEL,1
RIDGED GLASS T-LIGHT HOLDER,KINGS CHOICE BISCUIT TIN,1
RIDGED GLASS T-LIGHT HOLDER,36 PENCILS TUBE SKULLS,1
RIDGED GLASS T-LIGHT HOLDER,KINGS CHOICE TEA CADDY,1
RING OF ROSES BIRTHDAY CARD,60 CAKE CASES DOLLY GIRL DESIGN,1
RING OF ROSES BIRTHDAY CARD,FRENCH WC SIGN BLUE METAL,1
RING OF ROSES BIRTHDAY CARD,60 TEATIME FAIRY CAKE CASES,1
RING OF ROSES BIRTHDAY CARD,12 PENCIL SMALL TUBE WOODLAND,1
RING OF ROSES BIRTHDAY CARD,FRIDGE MAGNETS LA VIE EN ROSE,1
ROBOT BIRTHDAY CARD,SPACEBOY BIRTHDAY CARD,3
ROBOT BIRTHDAY CARD,HEART OF WICKER SMALL,2
ROBOT BIRTHDAY CARD,BLUE VINTAGE SPOT BEAKER,2
ROBOT BIRTHDAY CARD,COWBOYS AND INDIANS BIRTHDAY CARD,2
ROBOT BIRTHDAY CARD,GUMBALL COAT RACK,2
ROCKING HORSE GREEN CHRISTMAS,BISCUIT TIN 50'S CHRISTMAS,1
ROCKING HORSE GREEN CHRISTMAS,3D CHRISTMAS STAMPS STICKERS,1
ROCKING HORSE GREEN CHRISTMAS,3D TRADITIONAL CHRISTMAS STICKERS,1
ROCKING HORSE GREEN CHRISTMAS,6 GIFT TAGS VINTAGE CHRISTMAS,1
ROCKING HORSE GREEN CHRISTMAS,HEART SHAPED HOLLY WREATH,1
ROCKING HORSE RED CHRISTMAS,PAPER CHAIN KIT 50'S CHRISTMAS,3
ROCKING HORSE RED CHRISTMAS,LUNCH BAG ALPHABET DESIGN,2
ROCKING HORSE RED CHRISTMAS,JUMBO BAG VINTAGE CHRISTMAS,2
ROCKING HORSE RED CHRISTMAS,DARK BIRD HOUSE TREE DECORATION,2
ROCKING HORSE RED CHRISTMAS,3D CHRISTMAS STAMPS STICKERS,2
ROLL WRAP 50'S CHRISTMAS,ROLL WRAP 50'S RED CHRISTMAS,3
ROLL WRAP 50'S CHRISTMAS,6 GIFT TAGS 50'S CHRISTMAS,3
ROLL WRAP 50'S CHRISTMAS,3D CHRISTMAS STAMPS STICKERS,2
ROLL WRAP 50'S CHRISTMAS,WHITE HANGING HEART T-LIGHT HOLDER,2
ROLL WRAP 50'S CHRISTMAS,WHITE SKULL HOT WATER BOTTLE,2
ROLL WRAP 50'S RED CHRISTMAS,ROLL WRAP 50'S CHRISTMAS,3
ROLL WRAP 50'S RED CHRISTMAS,6 GIFT TAGS 50'S CHRISTMAS,3
ROLL WRAP 50'S RED CHRISTMAS,ROLL WRAP VINTAGE CHRISTMAS,3
ROLL WRAP 50'S RED CHRISTMAS,WALL ART CLASSIC PUDDINGS,2
ROLL WRAP 50'S RED CHRISTMAS,SMALL CHOCOLATES PINK BOWL,2
ROLL WRAP VINTAGE CHRISTMAS,ROLL WRAP 50'S RED CHRISTMAS,3
ROLL WRAP VINTAGE CHRISTMAS,ROLL WRAP VINTAGE SPOT,3
ROLL WRAP VINTAGE CHRISTMAS,3 RAFFIA RIBBONS 50'S CHRISTMAS,2
ROLL WRAP VINTAGE CHRISTMAS,JUMBO BAG 50'S CHRISTMAS,2
ROLL WRAP VINTAGE CHRISTMAS,3 RAFFIA RIBBONS VINTAGE CHRISTMAS,2
ROLL WRAP VINTAGE SPOT,ROLL WRAP VINTAGE CHRISTMAS,3
ROLL WRAP VINTAGE SPOT,ROLL WRAP 50'S RED CHRISTMAS,2
ROLL WRAP VINTAGE SPOT,3D VINTAGE CHRISTMAS STICKERS,1
ROLL WRAP VINTAGE SPOT,"BIRTHDAY CARD, RETRO SPOT",1
ROLL WRAP VINTAGE SPOT,CARD CHRISTMAS VILLAGE,1
ROMANTIC IMAGES GIFT WRAP SET,DAIRY MAID LARGE MILK JUG,1
ROMANTIC IMAGES GIFT WRAP SET,IVORY DINER WALL CLOCK,1
ROMANTIC IMAGES GIFT WRAP SET,DAIRY MAID TOASTRACK,1
ROMANTIC IMAGES GIFT WRAP SET,ABC TREASURE BOOK BOX,1
ROMANTIC IMAGES GIFT WRAP SET,ASS FLORAL PRINT MULTI SCREWDRIVER,1
ROMANTIC PINKS RIBBONS,CHOCOLATE BOX RIBBONS,2
ROMANTIC PINKS RIBBONS,GARDENERS KNEELING PAD KEEP CALM,2
ROMANTIC PINKS RIBBONS,FELTCRAFT CUSHION BUTTERFLY,2
ROMANTIC PINKS RIBBONS,GINGERBREAD MAN COOKIE CUTTER,2
ROMANTIC PINKS RIBBONS,HAND WARMER BABUSHKA DESIGN,2
ROSE 1 WICK MORRIS BOXED CANDLE,CAKES AND BOWS GIFT  TAPE,1
ROSE 1 WICK MORRIS BOXED CANDLE,LARGE CAKE TOWEL PINK SPOTS,1
ROSE 1 WICK MORRIS BOXED CANDLE,LOVE HEART POCKET WARMER,1
ROSE 1 WICK MORRIS BOXED CANDLE,LARGE CAKE TOWEL CHOCOLATE SPOTS,1
ROSE 1 WICK MORRIS BOXED CANDLE,HAND TOWEL PALE BLUE W FLOWERS,1
ROSE 3 WICK MORRIS BOX CANDLE,GARDENIA 3 WICK MORRIS BOXED CANDLE,1
ROSE 3 WICK MORRIS BOX CANDLE,NATURAL SLATE RECTANGLE CHALKBOARD,1
ROSE 3 WICK MORRIS BOX CANDLE,SANDALWOOD FAN,1
ROSE 3 WICK MORRIS BOX CANDLE,SET OF 4 NAPKIN CHARMS HEARTS,1
ROSE 3 WICK MORRIS BOX CANDLE,SMALL GLASS HEART TRINKET POT,1
ROSE CARAVAN DOORSTOP,GREY HEART HOT WATER BOTTLE,1
ROSE CARAVAN DOORSTOP,6 RIBBONS RUSTIC CHARM,1
ROSE CARAVAN DOORSTOP,HEN HOUSE DECORATION,1
ROSE CARAVAN DOORSTOP,HAND WARMER RED RETROSPOT,1
ROSE CARAVAN DOORSTOP,4 TRADITIONAL SPINNING TOPS,1
ROSE COTTAGE KEEPSAKE BOX,JAM MAKING SET WITH JARS,1
ROSE COTTAGE KEEPSAKE BOX,GINGHAM HEART DECORATION,1
ROSE COTTAGE KEEPSAKE BOX,JUMBO BAG RED RETROSPOT,1
ROSE COTTAGE KEEPSAKE BOX,CHILDRENS CUTLERY POLKADOT PINK,1
ROSE COTTAGE KEEPSAKE BOX,CHILDRENS CUTLERY RETROSPOT RED,1
ROSE FOLKART HEART DECORATIONS,CANDLEHOLDER PINK HANGING HEART,1
ROSE FOLKART HEART DECORATIONS,BREAD BIN DINER STYLE RED,1
ROSE FOLKART HEART DECORATIONS,JUMBO BAG RED RETROSPOT,1
ROSE FOLKART HEART DECORATIONS,GUMBALL COAT RACK,1
ROSE FOLKART HEART DECORATIONS,GARLAND WITH HEARTS AND BELLS,1
ROSES REGENCY TEACUP AND SAUCER,PINK REGENCY TEACUP AND SAUCER,6
ROSES REGENCY TEACUP AND SAUCER,REGENCY CAKESTAND 3 TIER,5
ROSES REGENCY TEACUP AND SAUCER,GREEN REGENCY TEACUP AND SAUCER,4
ROSES REGENCY TEACUP AND SAUCER,SET OF 3 REGENCY CAKE TINS,4
ROSES REGENCY TEACUP AND SAUCER,ALARM CLOCK BAKELIKE RED,2
ROTATING LEAVES T-LIGHT HOLDER,6 RIBBONS SHIMMERING PINKS,2
ROTATING LEAVES T-LIGHT HOLDER,LARGE WHITE HEART OF WICKER,2
ROTATING LEAVES T-LIGHT HOLDER,6 RIBBONS EMPIRE,2
ROTATING LEAVES T-LIGHT HOLDER,CHRISTMAS LIGHTS 10 REINDEER,2
ROTATING LEAVES T-LIGHT HOLDER,LUNCH BAG WOODLAND,2
ROTATING SILVER ANGELS T-LIGHT HLDR,GINGERBREAD MAN COOKIE CUTTER,3
ROTATING SILVER ANGELS T-LIGHT HLDR,GARDENERS KNEELING PAD CUP OF TEA,3
ROTATING SILVER ANGELS T-LIGHT HLDR,GARDENERS KNEELING PAD KEEP CALM,3
ROTATING SILVER ANGELS T-LIGHT HLDR,WHITE GOOSE FEATHER TREE 60CM,2
ROTATING SILVER ANGELS T-LIGHT HLDR,PINK DINER WALL CLOCK,2
ROUND CAKE TIN VINTAGE GREEN,ROUND CAKE TIN VINTAGE RED,2
ROUND CAKE TIN VINTAGE GREEN,BISCUIT TIN VINTAGE RED,1
ROUND CAKE TIN VINTAGE GREEN,COFFEE MUG DOG + BALL DESIGN,1
ROUND CAKE TIN VINTAGE GREEN,COFFEE MUG PEARS  DESIGN,1
ROUND CAKE TIN VINTAGE GREEN,BLUE GIANT GARDEN THERMOMETER,1
ROUND CAKE TIN VINTAGE RED,NATURAL SLATE CHALKBOARD LARGE,2
ROUND CAKE TIN VINTAGE RED,ROUND CAKE TIN VINTAGE GREEN,2
ROUND CAKE TIN VINTAGE RED,SWEETHEART CAKESTAND 3 TIER,2
ROUND CAKE TIN VINTAGE RED,WOODEN CROQUET GARDEN SET,2
ROUND CAKE TIN VINTAGE RED,WOODEN ROUNDERS GARDEN SET,2
ROUND CONTAINER SET OF 5 RETROSPOT,LUNCH BAG CARS BLUE,2
ROUND CONTAINER SET OF 5 RETROSPOT,FELTCRAFT BUTTERFLY HEARTS,2
ROUND CONTAINER SET OF 5 RETROSPOT,SUKI  SHOULDER BAG,2
ROUND CONTAINER SET OF 5 RETROSPOT,LUNCH BAG SPACEBOY DESIGN,1
ROUND CONTAINER SET OF 5 RETROSPOT,DISCO BALL ROTATOR BATTERY OPERATED,1
ROUND PINK HEART MIRROR,CERAMIC CAKE DESIGN SPOTTED MUG,2
ROUND PINK HEART MIRROR,DAIRY MAID STRIPE MUG,1
ROUND PINK HEART MIRROR,LARGE CAKE STAND HANGING HEARTS,1
ROUND PINK HEART MIRROR,DAIRY MAID TRADITIONAL TEAPOT,1
ROUND PINK HEART MIRROR,HEART BUTTONS JEWELLERY BOX,1
ROUND PURPLE CLOCK WITH SUCKER,BLUE EGG  SPOON,1
ROUND PURPLE CLOCK WITH SUCKER,BLUE POLKADOT BEAKER,1
ROUND PURPLE CLOCK WITH SUCKER,CLASSIC FRENCH STYLE BASKET NATURAL,1
ROUND PURPLE CLOCK WITH SUCKER,DANISH ROSE PHOTO FRAME,1
ROUND PURPLE CLOCK WITH SUCKER,LADS ONLY TISSUE BOX,1
ROUND SNACK BOXES SET OF 4 FRUITS,ROUND SNACK BOXES SET OF4 WOODLAND,3
ROUND SNACK BOXES SET OF 4 FRUITS,LUNCH BAG SPACEBOY DESIGN,2
ROUND SNACK BOXES SET OF 4 FRUITS,FELTCRAFT BUTTERFLY HEARTS,2
ROUND SNACK BOXES SET OF 4 FRUITS,LUNCH BAG CARS BLUE,2
ROUND SNACK BOXES SET OF 4 FRUITS,DINOSAURS  WRITING SET,2
ROUND SNACK BOXES SET OF 4 SKULLS,LUNCH BAG  BLACK SKULL.,3
ROUND SNACK BOXES SET OF 4 SKULLS,LUNCH BAG CARS BLUE,3
ROUND SNACK BOXES SET OF 4 SKULLS,LUNCH BAG WOODLAND,3
ROUND SNACK BOXES SET OF 4 SKULLS,DINOSAURS  WRITING SET,3
ROUND SNACK BOXES SET OF 4 SKULLS,CHARLOTTE BAG PINK POLKADOT,3
ROUND SNACK BOXES SET OF4 WOODLAND,RED TOADSTOOL LED NIGHT LIGHT,6
ROUND SNACK BOXES SET OF4 WOODLAND,POSTAGE,5
ROUND SNACK BOXES SET OF4 WOODLAND,LUNCH BAG WOODLAND,5
ROUND SNACK BOXES SET OF4 WOODLAND,PLASTERS IN TIN SPACEBOY,5
ROUND SNACK BOXES SET OF4 WOODLAND,LUNCH BAG PINK POLKADOT,4
ROUND STORAGE TIN VINTAGE LEAF,HERB MARKER MINT,1
ROUND STORAGE TIN VINTAGE LEAF,HEART DECORATION PAINTED ZINC,1
ROUND STORAGE TIN VINTAGE LEAF,ALARM CLOCK BAKELIKE CHOCOLATE,1
ROUND STORAGE TIN VINTAGE LEAF,HERB MARKER PARSLEY,1
ROUND STORAGE TIN VINTAGE LEAF,EDWARDIAN PARASOL RED,1
RUSTIC  SEVENTEEN DRAWER SIDEBOARD,LARGE CIRCULAR MIRROR MOBILE,1
RUSTIC  SEVENTEEN DRAWER SIDEBOARD,BLACK/BLUE POLKADOT UMBRELLA,1
RUSTIC  SEVENTEEN DRAWER SIDEBOARD,BLUE POLKADOT COFFEE MUG,1
RUSTIC  SEVENTEEN DRAWER SIDEBOARD,JAM JAR WITH PINK LID,1
RUSTIC  SEVENTEEN DRAWER SIDEBOARD,CHILDRENS CUTLERY POLKADOT PINK,1
RUSTIC MIRROR WITH LACE HEART,HOME SWEET HOME KEY HOLDER,1
RUSTIC MIRROR WITH LACE HEART,CHRISTMAS METAL TAGS ASSORTED,1
RUSTIC MIRROR WITH LACE HEART,BOX OF 6 MINI 50'S CRACKERS,1
RUSTIC MIRROR WITH LACE HEART,COLOUR GLASS. STAR T-LIGHT HOLDER,1
RUSTIC MIRROR WITH LACE HEART,6 GIFT TAGS VINTAGE CHRISTMAS,1
S/12 MINI RABBIT EASTER,BUNNY EGG GARLAND,1
S/12 MINI RABBIT EASTER,HOMEMADE JAM SCENTED CANDLES,1
S/12 MINI RABBIT EASTER,GARLAND WOODEN HAPPY EASTER,1
S/12 MINI RABBIT EASTER,FENG SHUI PILLAR CANDLE,1
S/12 MINI RABBIT EASTER,CREAM FELT EASTER EGG BASKET,1
S/4 VALENTINE DECOUPAGE HEART BOX,HAND WARMER BABUSHKA DESIGN,2
S/4 VALENTINE DECOUPAGE HEART BOX,LOVE HEART POCKET WARMER,2
S/4 VALENTINE DECOUPAGE HEART BOX,HAND TOWEL PALE BLUE W FLOWERS,1
S/4 VALENTINE DECOUPAGE HEART BOX,HAND TOWEL PINK FLOWER AND DAISY,1
S/4 VALENTINE DECOUPAGE HEART BOX,6 RIBBONS SHIMMERING PINKS,1
S/6 SEW ON CROCHET FLOWERS,BLUE BIRDHOUSE DECORATION,1
S/6 SEW ON CROCHET FLOWERS,BOX OF 6 ASSORTED COLOUR TEASPOONS,1
S/6 SEW ON CROCHET FLOWERS,EASTER CRAFT IVY WREATH WITH CHICK,1
S/6 SEW ON CROCHET FLOWERS,GARLAND WOODEN HAPPY EASTER,1
S/6 SEW ON CROCHET FLOWERS,HANGING WOOD AND FELT BUTTERFLY,1
S/6 WOODEN SKITTLES IN COTTON BAG,BLUE DINER WALL CLOCK,2
S/6 WOODEN SKITTLES IN COTTON BAG,JUMBO STORAGE BAG SUKI,2
S/6 WOODEN SKITTLES IN COTTON BAG,GINGERBREAD MAN COOKIE CUTTER,2
S/6 WOODEN SKITTLES IN COTTON BAG,JUMBO STORAGE BAG SKULLS,2
S/6 WOODEN SKITTLES IN COTTON BAG,JUMBO BAG WOODLAND ANIMALS,2
SALLE DE BAIN HOOK,COLOUR GLASS T-LIGHT HOLDER HANGING,1
SALLE DE BAIN HOOK,I'M ON HOLIDAY METAL SIGN,1
SALLE DE BAIN HOOK,FRENCH FLORAL CUSHION COVER,1
SALLE DE BAIN HOOK,DOG TOY WITH PINK CROCHET SKIRT,1
SALLE DE BAIN HOOK,ENAMEL FLOWER JUG CREAM,1
SANDALWOOD FAN,GUMBALL COAT RACK,2
SANDALWOOD FAN,SMALL GLASS HEART TRINKET POT,2
SANDALWOOD FAN,BLACK AND WHITE CAT BOWL,1
SANDALWOOD FAN,BLACK AND WHITE DOG BOWL,1
SANDALWOOD FAN,HAND WARMER BABUSHKA DESIGN,1
SANDWICH BATH SPONGE,6 RIBBONS SHIMMERING PINKS,1
SANDWICH BATH SPONGE,DOORMAT SPOTTY HOME SWEET HOME,1
SANDWICH BATH SPONGE,CHRISTMAS LIGHTS 10 VINTAGE BAUBLES,1
SANDWICH BATH SPONGE,60 TEATIME FAIRY CAKE CASES,1
SANDWICH BATH SPONGE,LUNCH BAG PINK POLKADOT,1
SAVE THE PLANET MUG,GARDENERS KNEELING PAD KEEP CALM,2
SAVE THE PLANET MUG,HERB MARKER ROSEMARY,2
SAVE THE PLANET MUG,HERB MARKER THYME,2
SAVE THE PLANET MUG,HERB MARKER BASIL,2
SAVE THE PLANET MUG,PINK CREAM FELT CRAFT TRINKET BOX,2
SCANDINAVIAN 3 HEARTS NAPKIN RING,JAM MAKING SET PRINTED,1
SCANDINAVIAN 3 HEARTS NAPKIN RING,LADIES & GENTLEMEN METAL SIGN,1
SCANDINAVIAN 3 HEARTS NAPKIN RING,GLASS BON BON JAR,1
SCANDINAVIAN 3 HEARTS NAPKIN RING,LUNCH BAG CARS BLUE,1
SCANDINAVIAN 3 HEARTS NAPKIN RING,AREA PATROLLED METAL SIGN,1
SCANDINAVIAN PAISLEY PICNIC BAG,LUNCH BAG CARS BLUE,2
SCANDINAVIAN PAISLEY PICNIC BAG,PINK VINTAGE PAISLEY PICNIC BAG,2
SCANDINAVIAN PAISLEY PICNIC BAG,LUNCH BAG  BLACK SKULL.,1
SCANDINAVIAN PAISLEY PICNIC BAG,CLASSIC GLASS COOKIE JAR,1
SCANDINAVIAN PAISLEY PICNIC BAG,GIN + TONIC DIET METAL SIGN,1
SCANDINAVIAN REDS RIBBONS,6 RIBBONS RUSTIC CHARM,2
SCANDINAVIAN REDS RIBBONS,ROMANTIC PINKS RIBBONS,2
SCANDINAVIAN REDS RIBBONS,FUNKY DIVA PEN,1
SCANDINAVIAN REDS RIBBONS,HAND WARMER BIRD DESIGN,1
SCANDINAVIAN REDS RIBBONS,DOUGHNUT LIP GLOSS,1
SCENTED VELVET LOUNGE CANDLE,CHARLIE AND LOLA FIGURES TINS,1
SCENTED VELVET LOUNGE CANDLE,CHARLIE AND LOLA TABLE TINS,1
SCENTED VELVET LOUNGE CANDLE,BISCUITS SMALL BOWL LIGHT BLUE,1
SCENTED VELVET LOUNGE CANDLE,GLASS CHALICE GREEN  SMALL,1
SCENTED VELVET LOUNGE CANDLE,JARDIN ETCHED GLASS LARGE BELL JAR,1
SCOTTIE DOG HOT WATER BOTTLE,RETROSPOT HEART HOT WATER BOTTLE,5
SCOTTIE DOG HOT WATER BOTTLE,HAND WARMER BIRD DESIGN,5
SCOTTIE DOG HOT WATER BOTTLE,LOVE HOT WATER BOTTLE,4
SCOTTIE DOG HOT WATER BOTTLE,HOT WATER BOTTLE I AM SO POORLY,4
SCOTTIE DOG HOT WATER BOTTLE,HOT WATER BOTTLE KEEP CALM,4
SCOTTIE DOGS BABY BIB,CHOCOLATE THIS WAY METAL SIGN,2
SCOTTIE DOGS BABY BIB,HOT BATHS METAL SIGN,2
SCOTTIE DOGS BABY BIB,GLASS APOTHECARY BOTTLE TONIC,2
SCOTTIE DOGS BABY BIB,LARGE WHITE HEART OF WICKER,2
SCOTTIE DOGS BABY BIB,LUNCH BAG WOODLAND,2
SET 10 CARDS OUT OF ORDER 17216,LOVELY BONBON STICKER SHEET,1
SET 10 CARDS OUT OF ORDER 17216,DOG TOY WITH PINK CROCHET SKIRT,1
SET 10 CARDS OUT OF ORDER 17216,CARD CHRISTMAS VILLAGE,1
SET 10 CARDS OUT OF ORDER 17216,HOT BATHS METAL SIGN,1
SET 10 CARDS OUT OF ORDER 17216,GARLAND WITH HEARTS AND BELLS,1
SET 10 CARDS RED RIDING HOOD 17214,LOVELY BONBON STICKER SHEET,1
SET 10 CARDS RED RIDING HOOD 17214,DOG TOY WITH PINK CROCHET SKIRT,1
SET 10 CARDS RED RIDING HOOD 17214,CARD CHRISTMAS VILLAGE,1
SET 10 CARDS RED RIDING HOOD 17214,HOT BATHS METAL SIGN,1
SET 10 CARDS RED RIDING HOOD 17214,GARLAND WITH HEARTS AND BELLS,1
SET 10 NIGHT OWL LIGHTS,DRAWER KNOB CRACKLE GLAZE GREEN,1
SET 10 NIGHT OWL LIGHTS,4 PINK FLOCK CHRISTMAS BALLS,1
SET 10 NIGHT OWL LIGHTS,HANGING QUILTED PATCHWORK APPLES,1
SET 10 NIGHT OWL LIGHTS,DRAWER KNOB CRACKLE GLAZE PINK,1
SET 10 NIGHT OWL LIGHTS,DISCO BALL CHRISTMAS DECORATION,1
SET 12 COLOUR PENCILS LOVE LONDON,6 GIFT TAGS 50'S CHRISTMAS,3
SET 12 COLOUR PENCILS LOVE LONDON,JUMBO BAG RED RETROSPOT,3
SET 12 COLOUR PENCILS LOVE LONDON,ROLL WRAP 50'S CHRISTMAS,2
SET 12 COLOUR PENCILS LOVE LONDON,PAPER CHAIN KIT VINTAGE CHRISTMAS,2
SET 12 COLOUR PENCILS LOVE LONDON,SMALL CHOCOLATES PINK BOWL,2
SET 12 COLOUR PENCILS SPACEBOY,WRAP CHRISTMAS VILLAGE,1
SET 12 COLOUR PENCILS SPACEBOY,3D CHRISTMAS STAMPS STICKERS,1
SET 12 COLOUR PENCILS SPACEBOY,3D TRADITIONAL CHRISTMAS STICKERS,1
SET 12 COLOUR PENCILS SPACEBOY,3D VINTAGE CHRISTMAS STICKERS,1
SET 12 COLOUR PENCILS SPACEBOY,12 PENCILS SMALL TUBE SKULL,1
SET 12 COLOURING PENCILS DOILY,WRAP CHRISTMAS VILLAGE,1
SET 12 COLOURING PENCILS DOILY,3D CHRISTMAS STAMPS STICKERS,1
SET 12 COLOURING PENCILS DOILY,3D TRADITIONAL CHRISTMAS STICKERS,1
SET 12 COLOURING PENCILS DOILY,3D VINTAGE CHRISTMAS STICKERS,1
SET 12 COLOURING PENCILS DOILY,12 PENCILS SMALL TUBE SKULL,1
SET 12 KIDS  WHITE CHALK STICKS,WOODLAND MINI BACKPACK,1
SET 12 KIDS  WHITE CHALK STICKS,WOODEN PICTURE FRAME WHITE FINISH,1
SET 12 KIDS  WHITE CHALK STICKS,WOODEN FRAME ANTIQUE WHITE,1
SET 12 KIDS  WHITE CHALK STICKS,WOOD BLACK BOARD ANT WHITE FINISH,1
SET 12 KIDS  WHITE CHALK STICKS,WOOD 2 DRAWER CABINET WHITE FINISH,1
SET 12 KIDS COLOUR  CHALK STICKS,DOORMAT NEW ENGLAND,2
SET 12 KIDS COLOUR  CHALK STICKS,LUNCH BAG ALPHABET DESIGN,2
SET 12 KIDS COLOUR  CHALK STICKS,ALARM CLOCK BAKELIKE GREEN,2
SET 12 KIDS COLOUR  CHALK STICKS,GIN + TONIC DIET METAL SIGN,2
SET 12 KIDS COLOUR  CHALK STICKS,ALARM CLOCK BAKELIKE CHOCOLATE,2
SET 12 RETRO WHITE CHALK STICKS,GUMBALL COAT RACK,3
SET 12 RETRO WHITE CHALK STICKS,WOODEN FRAME ANTIQUE WHITE,2
SET 12 RETRO WHITE CHALK STICKS,60 CAKE CASES DOLLY GIRL DESIGN,2
SET 12 RETRO WHITE CHALK STICKS,ALARM CLOCK BAKELIKE RED,2
SET 12 RETRO WHITE CHALK STICKS,ALARM CLOCK BAKELIKE CHOCOLATE,2
SET 12 VINTAGE DOILY CHALK,NATURAL SLATE HEART CHALKBOARD,1
SET 12 VINTAGE DOILY CHALK,RIBBON REEL HEARTS DESIGN,1
SET 12 VINTAGE DOILY CHALK,RIBBON REEL STRIPES DESIGN,1
SET 12 VINTAGE DOILY CHALK,WHITE BROCANTE SOAP DISH,1
SET 2 PANTRY DESIGN TEA TOWELS,ZINC METAL HEART DECORATION,3
SET 2 PANTRY DESIGN TEA TOWELS,TRIPLE HOOK ANTIQUE IVORY ROSE,2
SET 2 PANTRY DESIGN TEA TOWELS,SPOTTY BUNTING,2
SET 2 PANTRY DESIGN TEA TOWELS,TEA TIME OVEN GLOVE,2
SET 2 PANTRY DESIGN TEA TOWELS,WOODEN PICTURE FRAME WHITE FINISH,2
SET 2 TEA TOWELS I LOVE LONDON,HERB MARKER CHIVES,1
SET 2 TEA TOWELS I LOVE LONDON,IVORY WICKER HEART LARGE,1
SET 2 TEA TOWELS I LOVE LONDON,BROWN CHECK CAT DOORSTOP,1
SET 2 TEA TOWELS I LOVE LONDON,GARDENERS KNEELING PAD CUP OF TEA,1
SET 2 TEA TOWELS I LOVE LONDON,DOORMAT WELCOME TO OUR HOME,1
SET 20 NAPKINS FAIRY CAKES DESIGN,IVORY CAFE HANGING LAMP,1
SET 20 NAPKINS FAIRY CAKES DESIGN,BAKING SET 9 PIECE RETROSPOT,1
SET 20 NAPKINS FAIRY CAKES DESIGN,72 SWEETHEART FAIRY CAKE CASES,1
SET 20 NAPKINS FAIRY CAKES DESIGN,CARRIAGE,1
SET 20 NAPKINS FAIRY CAKES DESIGN,JAM MAKING SET PRINTED,1
SET 3 PAPER VINTAGE CHICK PAPER EGG,LUNCH BAG SUKI  DESIGN,1
SET 3 PAPER VINTAGE CHICK PAPER EGG,HANGING SPRING FLOWER EGG LARGE,1
SET 3 PAPER VINTAGE CHICK PAPER EGG,EDWARDIAN PARASOL RED,1
SET 3 PAPER VINTAGE CHICK PAPER EGG,KNICKERBOCKERGLORY MAGNET ASSORTED,1
SET 3 PAPER VINTAGE CHICK PAPER EGG,GREEN METAL SWINGING BUNNY,1
"SET 3 RETROSPOT TEA,COFFEE,SUGAR",JUMBO STORAGE BAG SUKI,3
"SET 3 RETROSPOT TEA,COFFEE,SUGAR",SET OF 3 CAKE TINS PANTRY DESIGN,2
"SET 3 RETROSPOT TEA,COFFEE,SUGAR",VINTAGE UNION JACK BUNTING,2
"SET 3 RETROSPOT TEA,COFFEE,SUGAR",SET OF 3 BUTTERFLY COOKIE CUTTERS,2
"SET 3 RETROSPOT TEA,COFFEE,SUGAR",PACK OF 20 SKULL PAPER NAPKINS,2
SET 3 SONG BIRD PAPER EGGS ASSORTED,EASTER TIN KEEPSAKE,2
SET 3 SONG BIRD PAPER EGGS ASSORTED,ILLUSTRATED CAT BOWL,1
SET 3 SONG BIRD PAPER EGGS ASSORTED,FELT EGG COSY CHICKEN,1
SET 3 SONG BIRD PAPER EGGS ASSORTED,FELT EGG COSY WHITE RABBIT,1
SET 3 SONG BIRD PAPER EGGS ASSORTED,EASTER CRAFT 4 CHICKS,1
SET 3 WICKER STORAGE BASKETS,WHITE HANGING HEART T-LIGHT HOLDER,2
SET 3 WICKER STORAGE BASKETS,LUNCH BAG WOODLAND,1
SET 3 WICKER STORAGE BASKETS,HAND WARMER BABUSHKA DESIGN,1
SET 3 WICKER STORAGE BASKETS,ENGLISH ROSE NOTEBOOK A7 SIZE,1
SET 3 WICKER STORAGE BASKETS,LUNCH BAG SPACEBOY DESIGN,1
SET 36 COLOUR PENCILS DOLLY GIRL,DOGGY RUBBER,1
SET 36 COLOUR PENCILS DOLLY GIRL,ANTIQUE SILVER BAUBLE LAMP,1
SET 36 COLOUR PENCILS DOLLY GIRL,FELTCRAFT HAIRBAND PINK AND PURPLE,1
SET 36 COLOUR PENCILS DOLLY GIRL,FELTCRAFT HAIRBAND RED AND BLUE,1
SET 36 COLOUR PENCILS DOLLY GIRL,FELTCRAFT HAIRBANDS PINK AND WHITE,1
SET 36 COLOUR PENCILS LOVE LONDON,DOGGY RUBBER,1
SET 36 COLOUR PENCILS LOVE LONDON,ANTIQUE SILVER BAUBLE LAMP,1
SET 36 COLOUR PENCILS LOVE LONDON,FELTCRAFT HAIRBAND PINK AND PURPLE,1
SET 36 COLOUR PENCILS LOVE LONDON,FELTCRAFT HAIRBAND RED AND BLUE,1
SET 36 COLOUR PENCILS LOVE LONDON,FELTCRAFT HAIRBANDS PINK AND WHITE,1
SET 36 COLOUR PENCILS SPACEBOY,DOGGY RUBBER,1
SET 36 COLOUR PENCILS SPACEBOY,ANTIQUE SILVER BAUBLE LAMP,1
SET 36 COLOUR PENCILS SPACEBOY,FELTCRAFT HAIRBAND PINK AND PURPLE,1
SET 36 COLOUR PENCILS SPACEBOY,FELTCRAFT HAIRBAND RED AND BLUE,1
SET 36 COLOUR PENCILS SPACEBOY,FELTCRAFT HAIRBANDS PINK AND WHITE,1
SET 36 COLOURING PENCILS DOILY,DOGGY RUBBER,1
SET 36 COLOURING PENCILS DOILY,ANTIQUE SILVER BAUBLE LAMP,1
SET 36 COLOURING PENCILS DOILY,FELTCRAFT HAIRBAND PINK AND PURPLE,1
SET 36 COLOURING PENCILS DOILY,FELTCRAFT HAIRBAND RED AND BLUE,1
SET 36 COLOURING PENCILS DOILY,FELTCRAFT HAIRBANDS PINK AND WHITE,1
SET 4 VALENTINE DECOUPAGE HEART BOX,JAZZ HEARTS PURSE NOTEBOOK,1
SET 4 VALENTINE DECOUPAGE HEART BOX,COCKTAIL SWORDS 50 PIECES,1
SET 4 VALENTINE DECOUPAGE HEART BOX,LIPSTICK PEN RED,1
SET 4 VALENTINE DECOUPAGE HEART BOX,HEART DECORATION RUSTIC HANGING,1
SET 4 VALENTINE DECOUPAGE HEART BOX,HEART T-LIGHT HOLDER WILLIE WINKIE,1
SET 40 HEART SHAPE PETIT FOUR CASES,SET OF 12 FAIRY CAKE BAKING CASES,3
SET 40 HEART SHAPE PETIT FOUR CASES,SET OF 6 SNACK LOAF BAKING CASES,3
SET 40 HEART SHAPE PETIT FOUR CASES,WRAP PAISLEY PARK,2
SET 40 HEART SHAPE PETIT FOUR CASES,LUNCH BAG DOILEY PATTERN,2
SET 40 HEART SHAPE PETIT FOUR CASES,LUNCH BAG CARS BLUE,2
SET 6 FOOTBALL CELEBRATION CANDLES,LOVELY BONBON STICKER SHEET,1
SET 6 FOOTBALL CELEBRATION CANDLES,DOG TOY WITH PINK CROCHET SKIRT,1
SET 6 FOOTBALL CELEBRATION CANDLES,CARD CHRISTMAS VILLAGE,1
SET 6 FOOTBALL CELEBRATION CANDLES,HOT BATHS METAL SIGN,1
SET 6 FOOTBALL CELEBRATION CANDLES,GARLAND WITH HEARTS AND BELLS,1
SET 6 PAPER TABLE LANTERN HEARTS,HANGING HEART ZINC T-LIGHT HOLDER,2
SET 6 PAPER TABLE LANTERN HEARTS,NATURAL SLATE HEART CHALKBOARD,2
SET 6 PAPER TABLE LANTERN HEARTS,CARD HOLDER GINGHAM HEART,1
SET 6 PAPER TABLE LANTERN HEARTS,DOORMAT RED RETROSPOT,1
SET 6 PAPER TABLE LANTERN HEARTS,DOG LICENCE WALL ART,1
SET 6 PAPER TABLE LANTERN STARS,GARDENERS KNEELING PAD KEEP CALM,3
SET 6 PAPER TABLE LANTERN STARS,HOT WATER BOTTLE I AM SO POORLY,2
SET 6 PAPER TABLE LANTERN STARS,HAND WARMER SCOTTY DOG DESIGN,2
SET 6 PAPER TABLE LANTERN STARS,HOT WATER BOTTLE TEA AND SYMPATHY,2
SET 6 PAPER TABLE LANTERN STARS,BLUE HARMONICA IN BOX,2
SET 6 SCHOOL MILK BOTTLES IN CRATE,AREA PATROLLED METAL SIGN,2
SET 6 SCHOOL MILK BOTTLES IN CRATE,GREY HEART HOT WATER BOTTLE,2
SET 6 SCHOOL MILK BOTTLES IN CRATE,HOME BUILDING BLOCK WORD,2
SET 6 SCHOOL MILK BOTTLES IN CRATE,LOVE BUILDING BLOCK WORD,2
SET 6 SCHOOL MILK BOTTLES IN CRATE,CLASSIC GLASS COOKIE JAR,2
SET 7 BABUSHKA NESTING BOXES,ALARM CLOCK BAKELIKE IVORY,2
SET 7 BABUSHKA NESTING BOXES,ALARM CLOCK BAKELIKE GREEN,2
SET 7 BABUSHKA NESTING BOXES,JUMBO BAG DOLLY GIRL DESIGN,2
SET 7 BABUSHKA NESTING BOXES,MAGNETS PACK OF 4 SWALLOWS,2
SET 7 BABUSHKA NESTING BOXES,CHARLOTTE BAG DOLLY GIRL DESIGN,2
SET 8 CANDLES VINTAGE DOILY,GENTLEMAN SHIRT REPAIR KIT,1
SET 8 CANDLES VINTAGE DOILY,LARGE CHINESE STYLE SCISSOR,1
SET 8 CANDLES VINTAGE DOILY,ALARM CLOCK BAKELIKE GREEN,1
SET 8 CANDLES VINTAGE DOILY,ALARM CLOCK BAKELIKE IVORY,1
SET 8 CANDLES VINTAGE DOILY,JAM MAKING SET PRINTED,1
SET OF 10 LANTERNS FAIRY LIGHT STAR,HOME SWEET HOME KEY HOLDER,1
SET OF 10 LANTERNS FAIRY LIGHT STAR,CHRISTMAS METAL TAGS ASSORTED,1
SET OF 10 LANTERNS FAIRY LIGHT STAR,BOX OF 6 MINI 50'S CRACKERS,1
SET OF 10 LANTERNS FAIRY LIGHT STAR,COLOUR GLASS. STAR T-LIGHT HOLDER,1
SET OF 10 LANTERNS FAIRY LIGHT STAR,6 GIFT TAGS VINTAGE CHRISTMAS,1
SET OF 10 LED DOLLY LIGHTS,CARD DOLLY GIRL,2
SET OF 10 LED DOLLY LIGHTS,LUNCH BAG SPACEBOY DESIGN,2
SET OF 10 LED DOLLY LIGHTS,DAIRY MAID LARGE MILK JUG,2
SET OF 10 LED DOLLY LIGHTS,LUNCH BAG DOLLY GIRL DESIGN,2
SET OF 10 LED DOLLY LIGHTS,SPACEBOY BIRTHDAY CARD,2
SET OF 12 FAIRY CAKE BAKING CASES,SET OF 6 SNACK LOAF BAKING CASES,5
SET OF 12 FAIRY CAKE BAKING CASES,SET OF 4 PANTRY JELLY MOULDS,3
SET OF 12 FAIRY CAKE BAKING CASES,SET OF 6 TEA TIME BAKING CASES,3
SET OF 12 FAIRY CAKE BAKING CASES,SET OF 12 MINI LOAF BAKING CASES,3
SET OF 12 FAIRY CAKE BAKING CASES,SET 40 HEART SHAPE PETIT FOUR CASES,3
SET OF 12 MINI BUNNIES IN A BUCKET,60 CAKE CASES DOLLY GIRL DESIGN,1
SET OF 12 MINI BUNNIES IN A BUCKET,FRENCH WC SIGN BLUE METAL,1
SET OF 12 MINI BUNNIES IN A BUCKET,60 TEATIME FAIRY CAKE CASES,1
SET OF 12 MINI BUNNIES IN A BUCKET,12 PENCIL SMALL TUBE WOODLAND,1
SET OF 12 MINI BUNNIES IN A BUCKET,FRIDGE MAGNETS LA VIE EN ROSE,1
SET OF 12 MINI LOAF BAKING CASES,SET OF 6 TEA TIME BAKING CASES,3
SET OF 12 MINI LOAF BAKING CASES,SET OF 12 FAIRY CAKE BAKING CASES,3
SET OF 12 MINI LOAF BAKING CASES,3 RAFFIA RIBBONS VINTAGE CHRISTMAS,2
SET OF 12 MINI LOAF BAKING CASES,ROLL WRAP 50'S CHRISTMAS,2
SET OF 12 MINI LOAF BAKING CASES,RECIPE BOX PANTRY YELLOW DESIGN,2
SET OF 16 VINTAGE ROSE CUTLERY,LOVELY BONBON STICKER SHEET,1
SET OF 16 VINTAGE ROSE CUTLERY,DOG TOY WITH PINK CROCHET SKIRT,1
SET OF 16 VINTAGE ROSE CUTLERY,CARD CHRISTMAS VILLAGE,1
SET OF 16 VINTAGE ROSE CUTLERY,HOT BATHS METAL SIGN,1
SET OF 16 VINTAGE ROSE CUTLERY,GARLAND WITH HEARTS AND BELLS,1
SET OF 2 CERAMIC PAINTED HEARTS,SET OF 3 WOODEN HEART DECORATIONS,3
SET OF 2 CERAMIC PAINTED HEARTS,HEART OF WICKER SMALL,2
SET OF 2 CERAMIC PAINTED HEARTS,NATURAL SLATE HEART CHALKBOARD,2
SET OF 2 CERAMIC PAINTED HEARTS,SET OF 3 CAKE TINS PANTRY DESIGN,2
SET OF 2 CERAMIC PAINTED HEARTS,CREAM CUPID HEARTS COAT HANGER,1
SET OF 2 CHRISTMAS DECOUPAGE CANDLE,LUNCH BAG WOODLAND,4
SET OF 2 CHRISTMAS DECOUPAGE CANDLE,JUMBO BAG 50'S CHRISTMAS,4
SET OF 2 CHRISTMAS DECOUPAGE CANDLE,PAPER CHAIN KIT 50'S CHRISTMAS,4
SET OF 2 CHRISTMAS DECOUPAGE CANDLE,LUNCH BAG  BLACK SKULL.,4
SET OF 2 CHRISTMAS DECOUPAGE CANDLE,LUNCH BAG DOLLY GIRL DESIGN,3
SET OF 2 ROUND TINS DUTCH CHEESE,ASSORTED COLOUR BIRD ORNAMENT,1
SET OF 2 ROUND TINS DUTCH CHEESE,CHOCOLATE HOT WATER BOTTLE,1
SET OF 2 ROUND TINS DUTCH CHEESE,FRENCH ENAMEL CANDLEHOLDER,1
SET OF 2 ROUND TINS DUTCH CHEESE,BIRD HOUSE HOT WATER BOTTLE,1
SET OF 2 ROUND TINS DUTCH CHEESE,CARAVAN SQUARE TISSUE BOX,1
SET OF 2 TEA TOWELS APPLE AND PEARS,LUNCH BAG RED RETROSPOT,2
SET OF 2 TEA TOWELS APPLE AND PEARS,LUNCH BAG APPLE DESIGN,2
SET OF 2 TEA TOWELS APPLE AND PEARS,LUNCH BAG PINK POLKADOT,2
SET OF 2 TEA TOWELS APPLE AND PEARS,LUNCH BAG CARS BLUE,2
SET OF 2 TEA TOWELS APPLE AND PEARS,LUNCH BAG  BLACK SKULL.,2
SET OF 2 TEA TOWELS PING MICROWAVE,LOVELY BONBON STICKER SHEET,1
SET OF 2 TEA TOWELS PING MICROWAVE,DOG TOY WITH PINK CROCHET SKIRT,1
SET OF 2 TEA TOWELS PING MICROWAVE,CARD CHRISTMAS VILLAGE,1
SET OF 2 TEA TOWELS PING MICROWAVE,HOT BATHS METAL SIGN,1
SET OF 2 TEA TOWELS PING MICROWAVE,GARLAND WITH HEARTS AND BELLS,1
SET OF 2 TRAYS HOME SWEET HOME,JAM JAR WITH PINK LID,1
SET OF 2 TRAYS HOME SWEET HOME,HANGING HEART ZINC T-LIGHT HOLDER,1
SET OF 2 TRAYS HOME SWEET HOME,ZINC METAL HEART DECORATION,1
SET OF 2 TRAYS HOME SWEET HOME,ANTIQUE SILVER T-LIGHT GLASS,1
SET OF 2 TRAYS HOME SWEET HOME,ZINC T-LIGHT HOLDER STARS SMALL,1
SET OF 2 WOODEN MARKET CRATES,COOK WITH WINE METAL SIGN,1
SET OF 2 WOODEN MARKET CRATES,DOORMAT RESPECTABLE HOUSE,1
SET OF 2 WOODEN MARKET CRATES,LOVE BUILDING BLOCK WORD,1
SET OF 2 WOODEN MARKET CRATES,CHOCOLATE THIS WAY METAL SIGN,1
SET OF 2 WOODEN MARKET CRATES,I CAN ONLY PLEASE ONE PERSON MUG,1
SET OF 20 KIDS COOKIE CUTTERS,LARGE PURPLE BABUSHKA NOTEBOOK,3
SET OF 20 KIDS COOKIE CUTTERS,FOOD/DRINK SPONGE STICKERS,2
SET OF 20 KIDS COOKIE CUTTERS,HANGING QUILTED PATCHWORK APPLES,2
SET OF 20 KIDS COOKIE CUTTERS,MAKE YOUR OWN PLAYTIME CARD KIT,2
SET OF 20 KIDS COOKIE CUTTERS,BUNDLE OF 3 RETRO NOTE BOOKS,2
SET OF 20 VINTAGE CHRISTMAS NAPKINS,LUNCH BAG CARS BLUE,2
SET OF 20 VINTAGE CHRISTMAS NAPKINS,36 DOILIES VINTAGE CHRISTMAS,2
SET OF 20 VINTAGE CHRISTMAS NAPKINS,3D TRADITIONAL CHRISTMAS STICKERS,2
SET OF 20 VINTAGE CHRISTMAS NAPKINS,60 CAKE CASES VINTAGE CHRISTMAS,2
SET OF 20 VINTAGE CHRISTMAS NAPKINS,BISCUIT TIN 50'S CHRISTMAS,2
SET OF 3 BIRD LIGHT PINK FEATHER,STRAWBERRY CHARLOTTE BAG,2
SET OF 3 BIRD LIGHT PINK FEATHER,WALL ART STOP FOR TEA,2
SET OF 3 BIRD LIGHT PINK FEATHER,WHITE SKULL HOT WATER BOTTLE,2
SET OF 3 BIRD LIGHT PINK FEATHER,LUNCH BAG SPACEBOY DESIGN,2
SET OF 3 BIRD LIGHT PINK FEATHER,SPACEBOY MINI BACKPACK,2
SET OF 3 BLACK FLYING DUCKS,JUMBO BAG APPLES,1
SET OF 3 BLACK FLYING DUCKS,JUMBO BAG CHARLIE AND LOLA TOYS,1
SET OF 3 BLACK FLYING DUCKS,JUMBO BAG TOYS,1
SET OF 3 BLACK FLYING DUCKS,BISCUIT TIN VINTAGE RED,1
SET OF 3 BLACK FLYING DUCKS,CHRISTMAS CRAFT LITTLE FRIENDS,1
SET OF 3 BUTTERFLY COOKIE CUTTERS,NATURAL SLATE HEART CHALKBOARD,5
SET OF 3 BUTTERFLY COOKIE CUTTERS,SET OF 3 CAKE TINS PANTRY DESIGN,3
SET OF 3 BUTTERFLY COOKIE CUTTERS,RECIPE BOX PANTRY YELLOW DESIGN,3
SET OF 3 BUTTERFLY COOKIE CUTTERS,SET OF 3 HEART COOKIE CUTTERS,3
SET OF 3 BUTTERFLY COOKIE CUTTERS,VINTAGE UNION JACK BUNTING,3
SET OF 3 CAKE TINS PANTRY DESIGN,COOK WITH WINE METAL SIGN,4
SET OF 3 CAKE TINS PANTRY DESIGN,REGENCY CAKESTAND 3 TIER,4
SET OF 3 CAKE TINS PANTRY DESIGN,IVORY SWEETHEART WIRE LETTER RACK,3
SET OF 3 CAKE TINS PANTRY DESIGN,IVORY DINER WALL CLOCK,3
SET OF 3 CAKE TINS PANTRY DESIGN,ENGLISH ROSE GARDEN SECATEURS,3
SET OF 3 CAKE TINS SKETCHBOOK,HERB MARKER MINT,1
SET OF 3 CAKE TINS SKETCHBOOK,HEART DECORATION PAINTED ZINC,1
SET OF 3 CAKE TINS SKETCHBOOK,ALARM CLOCK BAKELIKE CHOCOLATE,1
SET OF 3 CAKE TINS SKETCHBOOK,HERB MARKER PARSLEY,1
SET OF 3 CAKE TINS SKETCHBOOK,EDWARDIAN PARASOL RED,1
SET OF 3 GOLD FLYING DUCKS,CANDLEHOLDER PINK HANGING HEART,1
SET OF 3 GOLD FLYING DUCKS,BREAD BIN DINER STYLE RED,1
SET OF 3 GOLD FLYING DUCKS,JUMBO BAG RED RETROSPOT,1
SET OF 3 GOLD FLYING DUCKS,GUMBALL COAT RACK,1
SET OF 3 GOLD FLYING DUCKS,GARLAND WITH HEARTS AND BELLS,1
SET OF 3 HANGING OWLS OLLIE BEAK,PAPER CHAIN KIT 50'S CHRISTMAS,2
SET OF 3 HANGING OWLS OLLIE BEAK,SET OF 3 WOODEN HEART DECORATIONS,2
SET OF 3 HANGING OWLS OLLIE BEAK,SET OF 3 WOODEN STOCKING DECORATION,2
SET OF 3 HANGING OWLS OLLIE BEAK,LIPSTICK PEN FUSCHIA,1
SET OF 3 HANGING OWLS OLLIE BEAK,LIPSTICK PEN RED,1
SET OF 3 HEART COOKIE CUTTERS,GINGERBREAD MAN COOKIE CUTTER,3
SET OF 3 HEART COOKIE CUTTERS,GIN + TONIC DIET METAL SIGN,3
SET OF 3 HEART COOKIE CUTTERS,ZINC METAL HEART DECORATION,3
SET OF 3 HEART COOKIE CUTTERS,RED RETROSPOT MUG,3
SET OF 3 HEART COOKIE CUTTERS,SET OF 3 BUTTERFLY COOKIE CUTTERS,3
SET OF 3 NOTEBOOKS IN PARCEL,GREY HEART HOT WATER BOTTLE,2
SET OF 3 NOTEBOOKS IN PARCEL,FILIGRIS HEART WITH BUTTERFLY,2
SET OF 3 NOTEBOOKS IN PARCEL,PLACE SETTING WHITE HEART,2
SET OF 3 NOTEBOOKS IN PARCEL,SMALL PARISIENNE HEART PHOTO FRAME,2
SET OF 3 NOTEBOOKS IN PARCEL,BIRDCAGE DECORATION TEALIGHT HOLDER,1
SET OF 3 REGENCY CAKE TINS,REGENCY CAKESTAND 3 TIER,4
SET OF 3 REGENCY CAKE TINS,ROSES REGENCY TEACUP AND SAUCER,4
SET OF 3 REGENCY CAKE TINS,PINK REGENCY TEACUP AND SAUCER,3
SET OF 3 REGENCY CAKE TINS,CLASSIC GLASS COOKIE JAR,2
SET OF 3 REGENCY CAKE TINS,LOVE BUILDING BLOCK WORD,2
SET OF 3 WOODEN HEART DECORATIONS,SET OF 2 CERAMIC PAINTED HEARTS,3
SET OF 3 WOODEN HEART DECORATIONS,SET OF 3 CAKE TINS PANTRY DESIGN,3
SET OF 3 WOODEN HEART DECORATIONS,SET OF 3 WOODEN TREE DECORATIONS,2
SET OF 3 WOODEN HEART DECORATIONS,SET OF 2 CHRISTMAS DECOUPAGE CANDLE,2
SET OF 3 WOODEN HEART DECORATIONS,PAPER CHAIN KIT 50'S CHRISTMAS,2
SET OF 3 WOODEN SLEIGH DECORATIONS,VINTAGE DOILY TRAVEL SEWING KIT,3
SET OF 3 WOODEN SLEIGH DECORATIONS,TREASURE TIN GYMKHANA DESIGN,2
SET OF 3 WOODEN SLEIGH DECORATIONS,EGG CUP MILKMAID INGRID,2
SET OF 3 WOODEN SLEIGH DECORATIONS,ROLL WRAP 50'S RED CHRISTMAS,2
SET OF 3 WOODEN SLEIGH DECORATIONS,SET 12 COLOUR PENCILS LOVE LONDON,2
SET OF 3 WOODEN STOCKING DECORATION,PAPER CHAIN KIT 50'S CHRISTMAS,4
SET OF 3 WOODEN STOCKING DECORATION,LUNCH BAG WOODLAND,3
SET OF 3 WOODEN STOCKING DECORATION,PAPER CHAIN KIT VINTAGE CHRISTMAS,3
SET OF 3 WOODEN STOCKING DECORATION,LUNCH BAG SPACEBOY DESIGN,3
SET OF 3 WOODEN STOCKING DECORATION,SET OF 3 WOODEN TREE DECORATIONS,3
SET OF 3 WOODEN TREE DECORATIONS,LUNCH BAG WOODLAND,3
SET OF 3 WOODEN TREE DECORATIONS,PAPER CHAIN KIT 50'S CHRISTMAS,3
SET OF 3 WOODEN TREE DECORATIONS,LUNCH BAG SPACEBOY DESIGN,3
SET OF 3 WOODEN TREE DECORATIONS,SET OF 2 CHRISTMAS DECOUPAGE CANDLE,3
SET OF 3 WOODEN TREE DECORATIONS,PAPER CHAIN KIT VINTAGE CHRISTMAS,3
SET OF 36 DOILIES PANTRY DESIGN,ALARM CLOCK BAKELIKE GREEN,1
SET OF 36 DOILIES PANTRY DESIGN,ALARM CLOCK BAKELIKE IVORY,1
SET OF 36 DOILIES PANTRY DESIGN,HEART DECORATION WITH PEARLS,1
SET OF 36 DOILIES PANTRY DESIGN,ALARM CLOCK BAKELIKE PINK,1
SET OF 36 DOILIES PANTRY DESIGN,ALARM CLOCK BAKELIKE RED,1
SET OF 36 PAISLEY FLOWER DOILIES,LAVENDER SCENT CAKE CANDLE,1
SET OF 36 PAISLEY FLOWER DOILIES,KNITTED UNION FLAG HOT WATER BOTTLE,1
SET OF 36 PAISLEY FLOWER DOILIES,KINGS CHOICE TEA CADDY,1
SET OF 36 PAISLEY FLOWER DOILIES,FRENCH BLUE METAL DOOR SIGN 9,1
SET OF 36 PAISLEY FLOWER DOILIES,DOORMAT AIRMAIL,1
SET OF 4 JAM JAR MAGNETS,EDWARDIAN PARASOL RED,2
SET OF 4 JAM JAR MAGNETS,SET OF 5 MINI GROCERY MAGNETS,2
SET OF 4 JAM JAR MAGNETS,LUNCH BAG SUKI DESIGN,1
SET OF 4 JAM JAR MAGNETS,FELT TOADSTOOL LARGE,1
SET OF 4 JAM JAR MAGNETS,LUNCH BAG VINTAGE DOILY,1
SET OF 4 KNICK KNACK TINS DOILEY,WHITE HANGING HEART T-LIGHT HOLDER,3
SET OF 4 KNICK KNACK TINS DOILEY,LOVE BUILDING BLOCK WORD,3
SET OF 4 KNICK KNACK TINS DOILEY,LUNCH BAG DOILEY PATTERN,3
SET OF 4 KNICK KNACK TINS DOILEY,METAL SIGN TAKE IT OR LEAVE IT,3
SET OF 4 KNICK KNACK TINS DOILEY,LUNCH BAG CARS BLUE,3
SET OF 4 KNICK KNACK TINS DOILY,JUMBO BAG VINTAGE DOILY,2
SET OF 4 KNICK KNACK TINS DOILY,HAND WARMER OWL DESIGN,2
SET OF 4 KNICK KNACK TINS DOILY,ALARM CLOCK BAKELIKE PINK,2
SET OF 4 KNICK KNACK TINS DOILY,BAKING SET 9 PIECE RETROSPOT,2
SET OF 4 KNICK KNACK TINS DOILY,BAKING SET SPACEBOY DESIGN,2
SET OF 4 KNICK KNACK TINS LEAF,LOVELY BONBON STICKER SHEET,1
SET OF 4 KNICK KNACK TINS LEAF,DOG TOY WITH PINK CROCHET SKIRT,1
SET OF 4 KNICK KNACK TINS LEAF,CARD CHRISTMAS VILLAGE,1
SET OF 4 KNICK KNACK TINS LEAF,HOT BATHS METAL SIGN,1
SET OF 4 KNICK KNACK TINS LEAF,GARLAND WITH HEARTS AND BELLS,1
SET OF 4 KNICK KNACK TINS LEAVES,HERB MARKER MINT,1
SET OF 4 KNICK KNACK TINS LEAVES,HEART DECORATION PAINTED ZINC,1
SET OF 4 KNICK KNACK TINS LEAVES,ALARM CLOCK BAKELIKE CHOCOLATE,1
SET OF 4 KNICK KNACK TINS LEAVES,HERB MARKER PARSLEY,1
SET OF 4 KNICK KNACK TINS LEAVES,EDWARDIAN PARASOL RED,1
SET OF 4 KNICK KNACK TINS LONDON,JUMBO BAG PEARS,2
SET OF 4 KNICK KNACK TINS LONDON,LUNCH BOX I LOVE LONDON,2
SET OF 4 KNICK KNACK TINS LONDON,CHARLOTTE BAG APPLES DESIGN,2
SET OF 4 KNICK KNACK TINS LONDON,LUNCH BAG APPLE DESIGN,2
SET OF 4 KNICK KNACK TINS LONDON,BUNDLE OF 3 SCHOOL EXERCISE BOOKS,2
SET OF 4 KNICK KNACK TINS POPPIES,SKULL SHOULDER BAG,2
SET OF 4 KNICK KNACK TINS POPPIES,TREASURE TIN GYMKHANA DESIGN,2
SET OF 4 KNICK KNACK TINS POPPIES,PHOTO CUBE,2
SET OF 4 KNICK KNACK TINS POPPIES,METAL SIGN TAKE IT OR LEAVE IT,2
SET OF 4 KNICK KNACK TINS POPPIES,LUNCH BAG  BLACK SKULL.,2
SET OF 4 NAPKIN CHARMS CUTLERY,HEART IVORY TRELLIS SMALL,1
SET OF 4 NAPKIN CHARMS CUTLERY,LUNCH BAG SUKI DESIGN,1
SET OF 4 NAPKIN CHARMS CUTLERY,LUNCH BAG CARS BLUE,1
SET OF 4 NAPKIN CHARMS CUTLERY,LUNCH BAG SPACEBOY DESIGN,1
SET OF 4 NAPKIN CHARMS CUTLERY,LUNCH BAG DOLLY GIRL DESIGN,1
SET OF 4 NAPKIN CHARMS HEARTS,GARDENIA 3 WICK MORRIS BOXED CANDLE,1
SET OF 4 NAPKIN CHARMS HEARTS,NATURAL SLATE RECTANGLE CHALKBOARD,1
SET OF 4 NAPKIN CHARMS HEARTS,ROSE 3 WICK MORRIS BOX CANDLE,1
SET OF 4 NAPKIN CHARMS HEARTS,SANDALWOOD FAN,1
SET OF 4 NAPKIN CHARMS HEARTS,SMALL GLASS HEART TRINKET POT,1
SET OF 4 PANTRY JELLY MOULDS,JUMBO STORAGE BAG SUKI,5
SET OF 4 PANTRY JELLY MOULDS,SET OF 12 FAIRY CAKE BAKING CASES,3
SET OF 4 PANTRY JELLY MOULDS,ALARM CLOCK BAKELIKE GREEN,3
SET OF 4 PANTRY JELLY MOULDS,RED STRIPE CERAMIC DRAWER KNOB,3
SET OF 4 PANTRY JELLY MOULDS,PARTY BUNTING,3
SET OF 4 SANTA PLACE SETTINGS,GREY HEART HOT WATER BOTTLE,2
SET OF 4 SANTA PLACE SETTINGS,JAM MAKING SET PRINTED,1
SET OF 4 SANTA PLACE SETTINGS,HEART T-LIGHT HOLDER WILLIE WINKIE,1
SET OF 4 SANTA PLACE SETTINGS,LIPSTICK PEN BABY PINK,1
SET OF 4 SANTA PLACE SETTINGS,GLITTER CHRISTMAS TREE WITH BELLS,1
SET OF 5 LUCKY CAT MAGNETS,PINK HEART SHAPE EGG FRYING PAN,2
SET OF 5 LUCKY CAT MAGNETS,HERB MARKER THYME,1
SET OF 5 LUCKY CAT MAGNETS,GUMBALL COAT RACK,1
SET OF 5 LUCKY CAT MAGNETS,BUNDLE OF 3 ALPHABET EXERCISE BOOKS,1
SET OF 5 LUCKY CAT MAGNETS,JUMBO BAG RED RETROSPOT,1
SET OF 5 MINI GROCERY MAGNETS,EDWARDIAN PARASOL RED,2
SET OF 5 MINI GROCERY MAGNETS,SET OF 4 JAM JAR MAGNETS,2
SET OF 5 MINI GROCERY MAGNETS,LUNCH BAG SUKI DESIGN,1
SET OF 5 MINI GROCERY MAGNETS,FELT TOADSTOOL LARGE,1
SET OF 5 MINI GROCERY MAGNETS,LUNCH BAG VINTAGE DOILY,1
SET OF 5 PANCAKE DAY MAGNETS,LUNCH BAG  BLACK SKULL.,1
SET OF 5 PANCAKE DAY MAGNETS,GIN + TONIC DIET METAL SIGN,1
SET OF 5 PANCAKE DAY MAGNETS,BLACK/BLUE POLKADOT UMBRELLA,1
SET OF 5 PANCAKE DAY MAGNETS,HAND WARMER OWL DESIGN,1
SET OF 5 PANCAKE DAY MAGNETS,ANTIQUE CREAM CUTLERY SHELF,1
SET OF 6 3D KIT CARDS FOR KIDS,LUNCH BAG WOODLAND,1
SET OF 6 3D KIT CARDS FOR KIDS,MAKE YOUR OWN PLAYTIME CARD KIT,1
SET OF 6 3D KIT CARDS FOR KIDS,JUNGLE POPSICLES ICE LOLLY MOULDS,1
SET OF 6 3D KIT CARDS FOR KIDS,BUNDLE OF 3 ALPHABET EXERCISE BOOKS,1
SET OF 6 3D KIT CARDS FOR KIDS,BUNDLE OF 3 RETRO NOTE BOOKS,1
SET OF 6 CAKE CHOPSTICKS,BROWN  PIRATE TREASURE CHEST,1
SET OF 6 CAKE CHOPSTICKS,6 RIBBONS EMPIRE,1
SET OF 6 CAKE CHOPSTICKS,6 RIBBONS RUSTIC CHARM,1
SET OF 6 CAKE CHOPSTICKS,CERAMIC CAKE DESIGN SPOTTED PLATE,1
SET OF 6 CAKE CHOPSTICKS,BLUE  DIAMANTE PEN IN GIFT BOX,1
SET OF 6 GIRLS CELEBRATION CANDLES,LOVELY BONBON STICKER SHEET,1
SET OF 6 GIRLS CELEBRATION CANDLES,DOG TOY WITH PINK CROCHET SKIRT,1
SET OF 6 GIRLS CELEBRATION CANDLES,CARD CHRISTMAS VILLAGE,1
SET OF 6 GIRLS CELEBRATION CANDLES,HOT BATHS METAL SIGN,1
SET OF 6 GIRLS CELEBRATION CANDLES,GARLAND WITH HEARTS AND BELLS,1
SET OF 6 HALLOWEEN GHOST T-LIGHTS,LOVELY BONBON STICKER SHEET,1
SET OF 6 HALLOWEEN GHOST T-LIGHTS,DOG TOY WITH PINK CROCHET SKIRT,1
SET OF 6 HALLOWEEN GHOST T-LIGHTS,CARD CHRISTMAS VILLAGE,1
SET OF 6 HALLOWEEN GHOST T-LIGHTS,HOT BATHS METAL SIGN,1
SET OF 6 HALLOWEEN GHOST T-LIGHTS,GARLAND WITH HEARTS AND BELLS,1
SET OF 6 HERB TINS SKETCHBOOK,HERB MARKER MINT,1
SET OF 6 HERB TINS SKETCHBOOK,HEART DECORATION PAINTED ZINC,1
SET OF 6 HERB TINS SKETCHBOOK,ALARM CLOCK BAKELIKE CHOCOLATE,1
SET OF 6 HERB TINS SKETCHBOOK,HERB MARKER PARSLEY,1
SET OF 6 HERB TINS SKETCHBOOK,EDWARDIAN PARASOL RED,1
SET OF 6 NATIVITY MAGNETS,3D TRADITIONAL CHRISTMAS STICKERS,2
SET OF 6 NATIVITY MAGNETS,HAND WARMER UNION JACK,2
SET OF 6 NATIVITY MAGNETS,CHRISTMAS CRAFT LITTLE FRIENDS,2
SET OF 6 NATIVITY MAGNETS,HAND WARMER RED LOVE HEART,2
SET OF 6 NATIVITY MAGNETS,HOT WATER BOTTLE TEA AND SYMPATHY,2
SET OF 6 RIBBONS VINTAGE CHRISTMAS,HAND WARMER BIRD DESIGN,2
SET OF 6 RIBBONS VINTAGE CHRISTMAS,3D TRADITIONAL CHRISTMAS STICKERS,2
SET OF 6 RIBBONS VINTAGE CHRISTMAS,HAND WARMER RED LOVE HEART,2
SET OF 6 RIBBONS VINTAGE CHRISTMAS,GREY HEART HOT WATER BOTTLE,2
SET OF 6 RIBBONS VINTAGE CHRISTMAS,HAND WARMER SCOTTY DOG DESIGN,2
SET OF 6 SNACK LOAF BAKING CASES,SET OF 12 FAIRY CAKE BAKING CASES,5
SET OF 6 SNACK LOAF BAKING CASES,LUNCH BAG DOILEY PATTERN,3
SET OF 6 SNACK LOAF BAKING CASES,SET 40 HEART SHAPE PETIT FOUR CASES,3
SET OF 6 SNACK LOAF BAKING CASES,LUNCH BAG CARS BLUE,2
SET OF 6 SNACK LOAF BAKING CASES,WRAP PAISLEY PARK,2
SET OF 6 SOLDIER SKITTLES,LUNCH BAG  BLACK SKULL.,1
SET OF 6 SOLDIER SKITTLES,CHOCOLATE THIS WAY METAL SIGN,1
SET OF 6 SOLDIER SKITTLES,DOORMAT RESPECTABLE HOUSE,1
SET OF 6 SOLDIER SKITTLES,DOORMAT WELCOME TO OUR HOME,1
SET OF 6 SOLDIER SKITTLES,HOMEMADE JAM SCENTED CANDLES,1
SET OF 6 SPICE TINS PANTRY DESIGN,RECIPE BOX PANTRY YELLOW DESIGN,3
SET OF 6 SPICE TINS PANTRY DESIGN,JAM MAKING SET PRINTED,2
SET OF 6 SPICE TINS PANTRY DESIGN,HANGING HEART ZINC T-LIGHT HOLDER,2
SET OF 6 SPICE TINS PANTRY DESIGN,FRENCH BLUE METAL DOOR SIGN 2,2
SET OF 6 SPICE TINS PANTRY DESIGN,NATURAL SLATE HEART CHALKBOARD,2
SET OF 6 STRAWBERRY CHOPSTICKS,BLACK ENCHANTED FOREST PLACEMAT,1
SET OF 6 STRAWBERRY CHOPSTICKS,BIRD DECORATION RED RETROSPOT,1
SET OF 6 STRAWBERRY CHOPSTICKS,KIDS RAIN MAC PINK,1
SET OF 6 STRAWBERRY CHOPSTICKS,CHRYSANTHEMUM SKETCHBOOK,1
SET OF 6 STRAWBERRY CHOPSTICKS,CERAMIC PIRATE CHEST MONEY BANK,1
SET OF 6 T-LIGHTS SANTA,CARAVAN SQUARE TISSUE BOX,1
SET OF 6 T-LIGHTS SANTA,COOK WITH WINE METAL SIGN,1
SET OF 6 T-LIGHTS SANTA,DISCO BALL CHRISTMAS DECORATION,1
SET OF 6 T-LIGHTS SANTA,FAIRY CAKE FLANNEL ASSORTED COLOUR,1
SET OF 6 T-LIGHTS SANTA,DARK BIRD HOUSE TREE DECORATION,1
SET OF 6 T-LIGHTS SNOWMEN,CHRISTMAS RETROSPOT STAR WOOD,1
SET OF 6 T-LIGHTS SNOWMEN,ASSORTED COLOUR MINI CASES,1
SET OF 6 T-LIGHTS SNOWMEN,ZINC FOLKART SLEIGH BELLS,1
SET OF 6 T-LIGHTS SNOWMEN,3D CHRISTMAS STAMPS STICKERS,1
SET OF 6 T-LIGHTS SNOWMEN,CHRISTMAS RETROSPOT TREE WOOD,1
SET OF 6 T-LIGHTS TOADSTOOLS,CARD SUKI BIRTHDAY,1
SET OF 6 T-LIGHTS TOADSTOOLS,BLUE POLKADOT WRAP,1
SET OF 6 T-LIGHTS TOADSTOOLS,ASSORTED INCENSE PACK,1
SET OF 6 T-LIGHTS TOADSTOOLS,WRAP SUKI AND FRIENDS,1
SET OF 6 T-LIGHTS TOADSTOOLS,PAPER BUNTING COLOURED LACE,1
SET OF 6 T-LIGHTS WEDDING CAKE,LUNCH BAG  BLACK SKULL.,1
SET OF 6 T-LIGHTS WEDDING CAKE,CHOCOLATE THIS WAY METAL SIGN,1
SET OF 6 T-LIGHTS WEDDING CAKE,DOORMAT RESPECTABLE HOUSE,1
SET OF 6 T-LIGHTS WEDDING CAKE,DOORMAT WELCOME TO OUR HOME,1
SET OF 6 T-LIGHTS WEDDING CAKE,HOMEMADE JAM SCENTED CANDLES,1
SET OF 6 TEA TIME BAKING CASES,SET OF 12 FAIRY CAKE BAKING CASES,3
SET OF 6 TEA TIME BAKING CASES,SET OF 12 MINI LOAF BAKING CASES,3
SET OF 6 TEA TIME BAKING CASES,6 RIBBONS ELEGANT CHRISTMAS,2
SET OF 6 TEA TIME BAKING CASES,LUNCH BAG SPACEBOY DESIGN,2
SET OF 6 TEA TIME BAKING CASES,LUNCH BAG WOODLAND,2
SET OF 60 I LOVE LONDON CAKE CASES,SET OF 60 VINTAGE LEAF CAKE CASES,3
SET OF 60 I LOVE LONDON CAKE CASES,WOODEN PICTURE FRAME WHITE FINISH,2
SET OF 60 I LOVE LONDON CAKE CASES,TRAVEL CARD WALLET SUKI,2
SET OF 60 I LOVE LONDON CAKE CASES,ALARM CLOCK BAKELIKE CHOCOLATE,2
SET OF 60 I LOVE LONDON CAKE CASES,VINTAGE EMBOSSED HEART,2
SET OF 60 PANTRY DESIGN CAKE CASES,LUNCH BAG  BLACK SKULL.,3
SET OF 60 PANTRY DESIGN CAKE CASES,LUNCH BAG CARS BLUE,3
SET OF 60 PANTRY DESIGN CAKE CASES,LUNCH BAG RED RETROSPOT,3
SET OF 60 PANTRY DESIGN CAKE CASES,DOLLY GIRL LUNCH BOX,2
SET OF 60 PANTRY DESIGN CAKE CASES,LUNCH BAG PINK POLKADOT,2
SET OF 60 VINTAGE LEAF CAKE CASES,SET OF 60 I LOVE LONDON CAKE CASES,3
SET OF 60 VINTAGE LEAF CAKE CASES,LUNCH BAG DOILEY PATTERN,3
SET OF 60 VINTAGE LEAF CAKE CASES,LUNCH BAG APPLE DESIGN,3
SET OF 60 VINTAGE LEAF CAKE CASES,LUNCH BAG  BLACK SKULL.,3
SET OF 60 VINTAGE LEAF CAKE CASES,TRAVEL CARD WALLET SUKI,2
SET OF 72 PINK HEART PAPER DOILIES,BLACK KITCHEN SCALES,1
SET OF 72 PINK HEART PAPER DOILIES,HEART OF WICKER SMALL,1
SET OF 72 PINK HEART PAPER DOILIES,LARGE HEART MEASURING SPOONS,1
SET OF 72 PINK HEART PAPER DOILIES,BEADED CRYSTAL HEART GREEN LARGE,1
SET OF 72 PINK HEART PAPER DOILIES,CREAM SWEETHEART MINI CHEST,1
SET OF 72 RETROSPOT PAPER  DOILIES,ALARM CLOCK BAKELIKE PINK,2
SET OF 72 RETROSPOT PAPER  DOILIES,ALARM CLOCK BAKELIKE RED,2
SET OF 72 RETROSPOT PAPER  DOILIES,ALARM CLOCK BAKELIKE GREEN,2
SET OF 72 RETROSPOT PAPER  DOILIES,PACK OF 72 RETROSPOT CAKE CASES,2
SET OF 72 RETROSPOT PAPER  DOILIES,GINGERBREAD MAN COOKIE CUTTER,1
SET OF 9 BLACK SKULL BALLOONS,LUNCH BAG  BLACK SKULL.,2
SET OF 9 BLACK SKULL BALLOONS,LUNCH BAG ALPHABET DESIGN,2
SET OF 9 BLACK SKULL BALLOONS,JUMBO BAG VINTAGE DOILY,2
SET OF 9 BLACK SKULL BALLOONS,JUMBO BAG DOLLY GIRL DESIGN,2
SET OF 9 BLACK SKULL BALLOONS,LUNCH BAG VINTAGE DOILY,2
SET OF 9 HEART SHAPED BALLOONS,BLACK MEDIUM GLASS CAKE STAND,1
SET OF 9 HEART SHAPED BALLOONS,FELTCRAFT CUSHION RABBIT,1
SET OF 9 HEART SHAPED BALLOONS,DOORMAT HEARTS,1
SET OF 9 HEART SHAPED BALLOONS,DOORMAT HOME SWEET HOME BLUE,1
SET OF 9 HEART SHAPED BALLOONS,FELTCRAFT HAIRBANDS PINK AND WHITE,1
SET OF SALT AND PEPPER TOADSTOOLS,GIN + TONIC DIET METAL SIGN,3
SET OF SALT AND PEPPER TOADSTOOLS,LARGE CERAMIC TOP STORAGE JAR,2
SET OF SALT AND PEPPER TOADSTOOLS,HAND OVER THE CHOCOLATE   SIGN,2
SET OF SALT AND PEPPER TOADSTOOLS,COOK WITH WINE METAL SIGN,2
SET OF SALT AND PEPPER TOADSTOOLS,IVORY DINER WALL CLOCK,2
SET OF SKULL WALL STICKERS,LOVELY BONBON STICKER SHEET,1
SET OF SKULL WALL STICKERS,DOG TOY WITH PINK CROCHET SKIRT,1
SET OF SKULL WALL STICKERS,CARD CHRISTMAS VILLAGE,1
SET OF SKULL WALL STICKERS,HOT BATHS METAL SIGN,1
SET OF SKULL WALL STICKERS,GARLAND WITH HEARTS AND BELLS,1
SET OF TEA COFFEE SUGAR TINS PANTRY,PINK REGENCY TEACUP AND SAUCER,2
SET OF TEA COFFEE SUGAR TINS PANTRY,REGENCY CAKESTAND 3 TIER,2
SET OF TEA COFFEE SUGAR TINS PANTRY,ROSES REGENCY TEACUP AND SAUCER,2
SET OF TEA COFFEE SUGAR TINS PANTRY,SET OF 3 CAKE TINS PANTRY DESIGN,2
SET OF TEA COFFEE SUGAR TINS PANTRY,FRENCH LAVENDER SCENT HEART,1
SET/10 BLUE POLKADOT PARTY CANDLES,SET/10 PINK POLKADOT PARTY CANDLES,4
SET/10 BLUE POLKADOT PARTY CANDLES,PACK OF 72 RETROSPOT CAKE CASES,3
SET/10 BLUE POLKADOT PARTY CANDLES,SET/10 RED POLKADOT PARTY CANDLES,3
SET/10 BLUE POLKADOT PARTY CANDLES,72 SWEETHEART FAIRY CAKE CASES,2
SET/10 BLUE POLKADOT PARTY CANDLES,WHITE HANGING HEART T-LIGHT HOLDER,2
SET/10 IVORY POLKADOT PARTY CANDLES,HERB MARKER MINT,1
SET/10 IVORY POLKADOT PARTY CANDLES,HEART DECORATION PAINTED ZINC,1
SET/10 IVORY POLKADOT PARTY CANDLES,ALARM CLOCK BAKELIKE CHOCOLATE,1
SET/10 IVORY POLKADOT PARTY CANDLES,HERB MARKER PARSLEY,1
SET/10 IVORY POLKADOT PARTY CANDLES,EDWARDIAN PARASOL RED,1
SET/10 PINK POLKADOT PARTY CANDLES,PACK OF 72 RETROSPOT CAKE CASES,4
SET/10 PINK POLKADOT PARTY CANDLES,SET/10 BLUE POLKADOT PARTY CANDLES,4
SET/10 PINK POLKADOT PARTY CANDLES,72 SWEETHEART FAIRY CAKE CASES,3
SET/10 PINK POLKADOT PARTY CANDLES,SET/10 RED POLKADOT PARTY CANDLES,3
SET/10 PINK POLKADOT PARTY CANDLES,DRAWER KNOB CRACKLE GLAZE GREEN,2
SET/10 RED POLKADOT PARTY CANDLES,SET/10 BLUE POLKADOT PARTY CANDLES,3
SET/10 RED POLKADOT PARTY CANDLES,SET/10 PINK POLKADOT PARTY CANDLES,3
SET/10 RED POLKADOT PARTY CANDLES,PACK OF 72 RETROSPOT CAKE CASES,2
SET/10 RED POLKADOT PARTY CANDLES,WHITE HANGING HEART T-LIGHT HOLDER,2
SET/10 RED POLKADOT PARTY CANDLES,LOVE BUILDING BLOCK WORD,1
SET/2 RED RETROSPOT TEA TOWELS,BOX OF 24 COCKTAIL PARASOLS,2
SET/2 RED RETROSPOT TEA TOWELS,CERAMIC CHERRY CAKE MONEY BANK,2
SET/2 RED RETROSPOT TEA TOWELS,CREAM SWEETHEART MINI CHEST,2
SET/2 RED RETROSPOT TEA TOWELS,LOVE BUILDING BLOCK WORD,2
SET/2 RED RETROSPOT TEA TOWELS,HOME BUILDING BLOCK WORD,2
SET/20 FRUIT SALAD PAPER NAPKINS,6 RIBBONS SHIMMERING PINKS,1
SET/20 FRUIT SALAD PAPER NAPKINS,DOORMAT SPOTTY HOME SWEET HOME,1
SET/20 FRUIT SALAD PAPER NAPKINS,CHRISTMAS LIGHTS 10 VINTAGE BAUBLES,1
SET/20 FRUIT SALAD PAPER NAPKINS,60 TEATIME FAIRY CAKE CASES,1
SET/20 FRUIT SALAD PAPER NAPKINS,LUNCH BAG PINK POLKADOT,1
SET/20 RED RETROSPOT PAPER NAPKINS,JUMBO BAG APPLES,3
SET/20 RED RETROSPOT PAPER NAPKINS,PACK OF 20 SKULL PAPER NAPKINS,3
SET/20 RED RETROSPOT PAPER NAPKINS,SET/6 RED SPOTTY PAPER CUPS,3
SET/20 RED RETROSPOT PAPER NAPKINS,JUMBO BAG PEARS,2
SET/20 RED RETROSPOT PAPER NAPKINS,JUMBO BAG RED RETROSPOT,2
SET/20 STRAWBERRY PAPER NAPKINS,LUNCH BAG CARS BLUE,3
SET/20 STRAWBERRY PAPER NAPKINS,LUNCH BAG PINK POLKADOT,3
SET/20 STRAWBERRY PAPER NAPKINS,PACK OF 20 SKULL PAPER NAPKINS,3
SET/20 STRAWBERRY PAPER NAPKINS,PLASTERS IN TIN SPACEBOY,3
SET/20 STRAWBERRY PAPER NAPKINS,VINTAGE UNION JACK BUNTING,2
SET/3 DECOUPAGE STACKING TINS,ABC TREASURE BOOK BOX,1
SET/3 DECOUPAGE STACKING TINS,CREAM SLICE FLANNEL PINK SPOT,1
SET/3 DECOUPAGE STACKING TINS,LARGE CAKE TOWEL PINK SPOTS,1
SET/3 DECOUPAGE STACKING TINS,DOLLY GIRL LUNCH BOX,1
SET/3 DECOUPAGE STACKING TINS,CACTI T-LIGHT CANDLES,1
SET/3 POLKADOT STACKING TINS,GLASS STAR FROSTED T-LIGHT HOLDER,1
SET/3 POLKADOT STACKING TINS,ASSORTED COLOUR BIRD ORNAMENT,1
SET/3 POLKADOT STACKING TINS,HEART OF WICKER LARGE,1
SET/3 POLKADOT STACKING TINS,ASSORTED COLOUR MINI CASES,1
SET/3 POLKADOT STACKING TINS,COFFEE MUG CAT + BIRD DESIGN,1
SET/3 RED GINGHAM ROSE STORAGE BOX,LOVEBIRD HANGING DECORATION WHITE,2
SET/3 RED GINGHAM ROSE STORAGE BOX,FELTCRAFT 6 FLOWER FRIENDS,2
SET/3 RED GINGHAM ROSE STORAGE BOX,SMALL HEART MEASURING SPOONS,2
SET/3 RED GINGHAM ROSE STORAGE BOX,FOLDING BUTTERFLY MIRROR IVORY,1
SET/3 RED GINGHAM ROSE STORAGE BOX,GREY HEART HOT WATER BOTTLE,1
SET/4 DAISY MIRROR MAGNETS,BLUE EGG  SPOON,1
SET/4 DAISY MIRROR MAGNETS,BLUE POLKADOT BEAKER,1
SET/4 DAISY MIRROR MAGNETS,CLASSIC FRENCH STYLE BASKET NATURAL,1
SET/4 DAISY MIRROR MAGNETS,DANISH ROSE PHOTO FRAME,1
SET/4 DAISY MIRROR MAGNETS,LADS ONLY TISSUE BOX,1
SET/4 RED MINI ROSE CANDLE IN BOWL,KINGS CHOICE TEA CADDY,1
SET/4 RED MINI ROSE CANDLE IN BOWL,BATHROOM METAL SIGN,1
SET/4 RED MINI ROSE CANDLE IN BOWL,JUMBO BAG WOODLAND ANIMALS,1
SET/4 RED MINI ROSE CANDLE IN BOWL,DOORMAT AIRMAIL,1
SET/4 RED MINI ROSE CANDLE IN BOWL,JUMBO BAG PINK POLKADOT,1
SET/4 SKULL BADGES,PACK OF 72 SKULL CAKE CASES,3
SET/4 SKULL BADGES,BATHROOM METAL SIGN,2
SET/4 SKULL BADGES,HOT BATHS METAL SIGN,2
SET/4 SKULL BADGES,FELTCRAFT DOLL EMILY,2
SET/4 SKULL BADGES,PACK OF 20 SKULL PAPER NAPKINS,2
SET/4 SPRING FLOWER DECORATION,FANCY FONTS BIRTHDAY WRAP,1
SET/4 SPRING FLOWER DECORATION,CACTI T-LIGHT CANDLES,1
SET/4 SPRING FLOWER DECORATION,FANNY'S REST STOPMETAL SIGN,1
SET/4 SPRING FLOWER DECORATION,12 PENCIL SMALL TUBE WOODLAND,1
SET/4 SPRING FLOWER DECORATION,COLOUR GLASS T-LIGHT HOLDER HANGING,1
SET/5 RED RETROSPOT LID GLASS BOWLS,JUMBO BAG VINTAGE LEAF,3
SET/5 RED RETROSPOT LID GLASS BOWLS,JUMBO STORAGE BAG SUKI,3
SET/5 RED RETROSPOT LID GLASS BOWLS,AREA PATROLLED METAL SIGN,2
SET/5 RED RETROSPOT LID GLASS BOWLS,JUMBO BAG PINK POLKADOT,2
SET/5 RED RETROSPOT LID GLASS BOWLS,JUMBO BAG RED RETROSPOT,2
SET/6 COLLAGE PAPER CUPS,SET/6 COLLAGE PAPER PLATES,2
SET/6 COLLAGE PAPER CUPS,WHITE METAL LANTERN,1
SET/6 COLLAGE PAPER CUPS,VINTAGE KID DOLLY CARD,1
SET/6 COLLAGE PAPER CUPS,VINTAGE CARAVAN GREETING CARD,1
SET/6 COLLAGE PAPER CUPS,WHITE HANGING HEART T-LIGHT HOLDER,1
SET/6 COLLAGE PAPER PLATES,SET/6 COLLAGE PAPER CUPS,2
SET/6 COLLAGE PAPER PLATES,WHITE METAL LANTERN,1
SET/6 COLLAGE PAPER PLATES,VINTAGE KID DOLLY CARD,1
SET/6 COLLAGE PAPER PLATES,VINTAGE CARAVAN GREETING CARD,1
SET/6 COLLAGE PAPER PLATES,WHITE HANGING HEART T-LIGHT HOLDER,1
SET/6 FRUIT SALAD  PAPER PLATES,LARGE CAKE STAND HANGING HEARTS,1
SET/6 FRUIT SALAD  PAPER PLATES,JARDIN ETCHED GLASS LARGE BELL JAR,1
SET/6 FRUIT SALAD  PAPER PLATES,JUMBO BAG DOILEY PATTERNS,1
SET/6 FRUIT SALAD  PAPER PLATES,ENVELOPE 50 BLOSSOM IMAGES,1
SET/6 FRUIT SALAD  PAPER PLATES,CHARLIE + LOLA BISCUITS TINS,1
SET/6 FRUIT SALAD PAPER CUPS,JAM JAR WITH PINK LID,1
SET/6 FRUIT SALAD PAPER CUPS,ENVELOPE 50 BLOSSOM IMAGES,1
SET/6 FRUIT SALAD PAPER CUPS,JAM MAKING SET PRINTED,1
SET/6 FRUIT SALAD PAPER CUPS,JUMBO BAG DOILEY PATTERNS,1
SET/6 FRUIT SALAD PAPER CUPS,LUNCH BAG DOILEY PATTERN,1
SET/6 PINK  BUTTERFLY T-LIGHTS,HERB MARKER MINT,1
SET/6 PINK  BUTTERFLY T-LIGHTS,HEART DECORATION PAINTED ZINC,1
SET/6 PINK  BUTTERFLY T-LIGHTS,ALARM CLOCK BAKELIKE CHOCOLATE,1
SET/6 PINK  BUTTERFLY T-LIGHTS,HERB MARKER PARSLEY,1
SET/6 PINK  BUTTERFLY T-LIGHTS,EDWARDIAN PARASOL RED,1
SET/6 RED SPOTTY PAPER CUPS,SET/20 RED RETROSPOT PAPER NAPKINS,3
SET/6 RED SPOTTY PAPER CUPS,JUMBO BAG APPLES,2
SET/6 RED SPOTTY PAPER CUPS,LUNCH BOX I LOVE LONDON,2
SET/6 RED SPOTTY PAPER CUPS,PACK OF 20 SKULL PAPER NAPKINS,2
SET/6 RED SPOTTY PAPER CUPS,SET/6 RED SPOTTY PAPER PLATES,2
SET/6 RED SPOTTY PAPER PLATES,SET/20 RED RETROSPOT PAPER NAPKINS,2
SET/6 RED SPOTTY PAPER PLATES,SET/6 RED SPOTTY PAPER CUPS,2
SET/6 RED SPOTTY PAPER PLATES,CHARLOTTE BAG VINTAGE ALPHABET,1
SET/6 RED SPOTTY PAPER PLATES,LUNCH BAG DOLLY GIRL DESIGN,1
SET/6 RED SPOTTY PAPER PLATES,DAISIES  HONEYCOMB GARLAND,1
SET3 BOOK BOX GREEN GINGHAM FLOWER,PACK OF 20 SKULL PAPER NAPKINS,2
SET3 BOOK BOX GREEN GINGHAM FLOWER,SET OF 3 BUTTERFLY COOKIE CUTTERS,2
SET3 BOOK BOX GREEN GINGHAM FLOWER,FRENCH PAISLEY CUSHION COVER,1
SET3 BOOK BOX GREEN GINGHAM FLOWER,HEART OF WICKER LARGE,1
SET3 BOOK BOX GREEN GINGHAM FLOWER,HEART OF WICKER SMALL,1
SEWING BOX RETROSPOT DESIGN,ALARM CLOCK BAKELIKE RED,2
SEWING BOX RETROSPOT DESIGN,REGENCY CAKESTAND 3 TIER,2
SEWING BOX RETROSPOT DESIGN,HOME SWEET HOME MUG,1
SEWING BOX RETROSPOT DESIGN,LUNCH BAG RED RETROSPOT,1
SEWING BOX RETROSPOT DESIGN,BUNNY WOODEN PAINTED WITH BIRD,1
SEWING SUSAN 21 NEEDLE SET,BROWN  PIRATE TREASURE CHEST,1
SEWING SUSAN 21 NEEDLE SET,6 RIBBONS EMPIRE,1
SEWING SUSAN 21 NEEDLE SET,6 RIBBONS RUSTIC CHARM,1
SEWING SUSAN 21 NEEDLE SET,CERAMIC CAKE DESIGN SPOTTED PLATE,1
SEWING SUSAN 21 NEEDLE SET,BLUE  DIAMANTE PEN IN GIFT BOX,1
SHELF WITH 4 HOOKS HOME SWEET HOME,IVORY KITCHEN SCALES,2
SHELF WITH 4 HOOKS HOME SWEET HOME,HOT WATER BOTTLE TEA AND SYMPATHY,2
SHELF WITH 4 HOOKS HOME SWEET HOME,DOORMAT UNION FLAG,2
SHELF WITH 4 HOOKS HOME SWEET HOME,HAND OVER THE CHOCOLATE   SIGN,2
SHELF WITH 4 HOOKS HOME SWEET HOME,GARDENERS KNEELING PAD CUP OF TEA,2
SILK PURSE BABUSHKA BLUE,BAKING SET SPACEBOY DESIGN,1
SILK PURSE BABUSHKA BLUE,ALARM CLOCK BAKELIKE CHOCOLATE,1
SILK PURSE BABUSHKA BLUE,ALARM CLOCK BAKELIKE GREEN,1
SILK PURSE BABUSHKA BLUE,ALARM CLOCK BAKELIKE IVORY,1
SILK PURSE BABUSHKA BLUE,LARGE RED BABUSHKA NOTEBOOK,1
SILK PURSE BABUSHKA PINK,BAKING SET SPACEBOY DESIGN,1
SILK PURSE BABUSHKA PINK,ALARM CLOCK BAKELIKE CHOCOLATE,1
SILK PURSE BABUSHKA PINK,ALARM CLOCK BAKELIKE GREEN,1
SILK PURSE BABUSHKA PINK,ALARM CLOCK BAKELIKE IVORY,1
SILK PURSE BABUSHKA PINK,LARGE RED BABUSHKA NOTEBOOK,1
SILVER BELLS TABLE DECORATION,GARDENERS KNEELING PAD KEEP CALM,2
SILVER BELLS TABLE DECORATION,3D CHRISTMAS STAMPS STICKERS,2
SILVER BELLS TABLE DECORATION,BLUE HARMONICA IN BOX,2
SILVER BELLS TABLE DECORATION,PAPER CHAIN KIT 50'S CHRISTMAS,2
SILVER BELLS TABLE DECORATION,SET 6 PAPER TABLE LANTERN STARS,2
SILVER HANGING T-LIGHT HOLDER,ASSORTED COLOUR BIRD ORNAMENT,2
SILVER HANGING T-LIGHT HOLDER,T-LIGHT GLASS FLUTED ANTIQUE,2
SILVER HANGING T-LIGHT HOLDER,FLUTED ANTIQUE CANDLE HOLDER,1
SILVER HANGING T-LIGHT HOLDER,ANTIQUE GLASS DRESSING TABLE POT,1
SILVER HANGING T-LIGHT HOLDER,ANTIQUE GLASS PEDESTAL BOWL,1
SILVER MINI TAPE MEASURE,6 RIBBONS SHIMMERING PINKS,1
SILVER MINI TAPE MEASURE,DOORMAT SPOTTY HOME SWEET HOME,1
SILVER MINI TAPE MEASURE,CHRISTMAS LIGHTS 10 VINTAGE BAUBLES,1
SILVER MINI TAPE MEASURE,60 TEATIME FAIRY CAKE CASES,1
SILVER MINI TAPE MEASURE,LUNCH BAG PINK POLKADOT,1
SILVER MUG BONE CHINA TREE OF LIFE,6 RIBBONS RUSTIC CHARM,1
SILVER MUG BONE CHINA TREE OF LIFE,GREY HEART HOT WATER BOTTLE,1
SILVER MUG BONE CHINA TREE OF LIFE,HOME BUILDING BLOCK WORD,1
SILVER MUG BONE CHINA TREE OF LIFE,ZINC BOX SIGN HOME,1
SILVER MUG BONE CHINA TREE OF LIFE,HAND WARMER BIRD DESIGN,1
SILVER STARS TABLE DECORATION,HOME SWEET HOME KEY HOLDER,1
SILVER STARS TABLE DECORATION,CHRISTMAS METAL TAGS ASSORTED,1
SILVER STARS TABLE DECORATION,BOX OF 6 MINI 50'S CRACKERS,1
SILVER STARS TABLE DECORATION,COLOUR GLASS. STAR T-LIGHT HOLDER,1
SILVER STARS TABLE DECORATION,6 GIFT TAGS VINTAGE CHRISTMAS,1
SILVER/CRYSTAL DROP EARRINGS W LEAF,LOVELY BONBON STICKER SHEET,1
SILVER/CRYSTAL DROP EARRINGS W LEAF,DOG TOY WITH PINK CROCHET SKIRT,1
SILVER/CRYSTAL DROP EARRINGS W LEAF,CARD CHRISTMAS VILLAGE,1
SILVER/CRYSTAL DROP EARRINGS W LEAF,HOT BATHS METAL SIGN,1
SILVER/CRYSTAL DROP EARRINGS W LEAF,GARLAND WITH HEARTS AND BELLS,1
SINGLE ANTIQUE ROSE HOOK IVORY,IVORY WIRE SWEETHEART LETTER TRAY,1
SINGLE ANTIQUE ROSE HOOK IVORY,CREAM WALL PLANTER HEART SHAPED,1
SINGLE ANTIQUE ROSE HOOK IVORY,LARGE IVORY HEART WALL ORGANISER,1
SINGLE ANTIQUE ROSE HOOK IVORY,BOX OF 24 COCKTAIL PARASOLS,1
SINGLE ANTIQUE ROSE HOOK IVORY,IVORY WIRE KITCHEN ORGANISER,1
SINGLE HEART ZINC T-LIGHT HOLDER,VINTAGE KID DOLLY CARD,3
SINGLE HEART ZINC T-LIGHT HOLDER,LUNCH BAG WOODLAND,3
SINGLE HEART ZINC T-LIGHT HOLDER,HANGING HEART ZINC T-LIGHT HOLDER,3
SINGLE HEART ZINC T-LIGHT HOLDER,PLASTERS IN TIN SKULLS,2
SINGLE HEART ZINC T-LIGHT HOLDER,72 SWEETHEART FAIRY CAKE CASES,2
SINGLE WIRE HOOK IVORY HEART,CREAM HEART CARD HOLDER,2
SINGLE WIRE HOOK IVORY HEART,FRENCH BLUE METAL DOOR SIGN 1,2
SINGLE WIRE HOOK IVORY HEART,FRENCH BLUE METAL DOOR SIGN 2,2
SINGLE WIRE HOOK IVORY HEART,JUMBO BAG ALPHABET,1
SINGLE WIRE HOOK IVORY HEART,BLUE SPOT CERAMIC DRAWER KNOB,1
SINGLE WIRE HOOK PINK HEART,IVORY WIRE SWEETHEART LETTER TRAY,1
SINGLE WIRE HOOK PINK HEART,CREAM WALL PLANTER HEART SHAPED,1
SINGLE WIRE HOOK PINK HEART,LARGE IVORY HEART WALL ORGANISER,1
SINGLE WIRE HOOK PINK HEART,BOX OF 24 COCKTAIL PARASOLS,1
SINGLE WIRE HOOK PINK HEART,IVORY WIRE KITCHEN ORGANISER,1
SIX DRAWER OFFICE TIDY,DOGGY RUBBER,1
SIX DRAWER OFFICE TIDY,ANTIQUE SILVER BAUBLE LAMP,1
SIX DRAWER OFFICE TIDY,FELTCRAFT HAIRBAND PINK AND PURPLE,1
SIX DRAWER OFFICE TIDY,FELTCRAFT HAIRBAND RED AND BLUE,1
SIX DRAWER OFFICE TIDY,FELTCRAFT HAIRBANDS PINK AND WHITE,1
SKETCHBOOK MAGNETIC SHOPPING LIST,CHARLOTTE BAG PINK POLKADOT,1
SKETCHBOOK MAGNETIC SHOPPING LIST,HOME SWEET HOME BOTTLE,1
SKETCHBOOK MAGNETIC SHOPPING LIST,LUNCH BAG WOODLAND,1
SKETCHBOOK MAGNETIC SHOPPING LIST,LOVE BUILDING BLOCK WORD,1
SKETCHBOOK MAGNETIC SHOPPING LIST,HAND OVER THE CHOCOLATE   SIGN,1
SKULL AND CROSSBONES  GARLAND,PACK OF 20 SKULL PAPER NAPKINS,2
SKULL AND CROSSBONES  GARLAND,PACK OF 72 SKULL CAKE CASES,2
SKULL AND CROSSBONES  GARLAND,SET/4 SKULL BADGES,2
SKULL AND CROSSBONES  GARLAND,SKULLS  STICKERS,2
SKULL AND CROSSBONES  GARLAND,SKULLS  WATER TRANSFER TATTOOS,2
SKULL DESIGN TV DINNER TRAY,HOME SWEET HOME 3 PEG HANGER,2
SKULL DESIGN TV DINNER TRAY,HOT BATHS METAL SIGN,2
SKULL DESIGN TV DINNER TRAY,LUNCH BAG SUKI DESIGN,2
SKULL DESIGN TV DINNER TRAY,HOME SWEET HOME BLACKBOARD,2
SKULL DESIGN TV DINNER TRAY,LUNCH BAG RED RETROSPOT,2
SKULL LUNCH BOX WITH CUTLERY,LUNCH BAG SPACEBOY DESIGN,2
SKULL LUNCH BOX WITH CUTLERY,LUNCH BAG DOLLY GIRL DESIGN,2
SKULL LUNCH BOX WITH CUTLERY,LUNCH BAG ALPHABET DESIGN,2
SKULL LUNCH BOX WITH CUTLERY,LUNCH BAG PINK POLKADOT,2
SKULL LUNCH BOX WITH CUTLERY,LUNCH BAG APPLE DESIGN,2
SKULL SHOULDER BAG,RED RETROSPOT OVEN GLOVE DOUBLE,4
SKULL SHOULDER BAG,HOT BATHS METAL SIGN,3
SKULL SHOULDER BAG,WHITE SPOT RED CERAMIC DRAWER KNOB,3
SKULL SHOULDER BAG,LUNCH BAG  BLACK SKULL.,3
SKULL SHOULDER BAG,PACK OF 72 RETROSPOT CAKE CASES,3
SKULLS  DESIGN  COTTON TOTE BAG,LOVE HEART SOCK HANGER,1
SKULLS  DESIGN  COTTON TOTE BAG,DAIRY MAID LARGE MILK JUG,1
SKULLS  DESIGN  COTTON TOTE BAG,DAIRY MAID STRIPE MUG,1
SKULLS  DESIGN  COTTON TOTE BAG,KINGS CHOICE MUG,1
SKULLS  DESIGN  COTTON TOTE BAG,DAIRY MAID TRADITIONAL TEAPOT,1
SKULLS  STICKERS,PACK OF 20 SKULL PAPER NAPKINS,2
SKULLS  STICKERS,PACK OF 72 SKULL CAKE CASES,2
SKULLS  STICKERS,SET/4 SKULL BADGES,2
SKULLS  STICKERS,SKULL AND CROSSBONES  GARLAND,2
SKULLS  STICKERS,SKULLS  WATER TRANSFER TATTOOS,2
SKULLS  WATER TRANSFER TATTOOS,PACK OF 20 SKULL PAPER NAPKINS,2
SKULLS  WATER TRANSFER TATTOOS,PACK OF 72 SKULL CAKE CASES,2
SKULLS  WATER TRANSFER TATTOOS,SET/4 SKULL BADGES,2
SKULLS  WATER TRANSFER TATTOOS,SKULL AND CROSSBONES  GARLAND,2
SKULLS  WATER TRANSFER TATTOOS,SKULLS  STICKERS,2
SKULLS AND CROSSBONES WRAP,LUNCH BAG SUKI  DESIGN,2
SKULLS AND CROSSBONES WRAP,RETROSPOT TEA SET CERAMIC 11 PC,2
SKULLS AND CROSSBONES WRAP,GIRLS VINTAGE TIN SEASIDE BUCKET,1
SKULLS AND CROSSBONES WRAP,FUNKY DIVA PEN,1
SKULLS AND CROSSBONES WRAP,LARGE CAKE STAND HANGING HEARTS,1
SKULLS DESIGN FLANNEL,36 FOIL STAR CAKE CASES,1
SKULLS DESIGN FLANNEL,KITTY PENCIL ERASERS,1
SKULLS DESIGN FLANNEL,GLITTER CHRISTMAS STAR,1
SKULLS DESIGN FLANNEL,PINK ROSE FABRIC MIRROR,1
SKULLS DESIGN FLANNEL,BLUE ROSE FABRIC MIRROR,1
SKULLS GREETING CARD,60 CAKE CASES DOLLY GIRL DESIGN,1
SKULLS GREETING CARD,FRENCH WC SIGN BLUE METAL,1
SKULLS GREETING CARD,60 TEATIME FAIRY CAKE CASES,1
SKULLS GREETING CARD,12 PENCIL SMALL TUBE WOODLAND,1
SKULLS GREETING CARD,FRIDGE MAGNETS LA VIE EN ROSE,1
SKULLS PARTY BAG + STICKER SET,BLUE HAPPY BIRTHDAY BUNTING,1
SKULLS PARTY BAG + STICKER SET,BALLOON ART MAKE YOUR OWN FLOWERS,1
SKULLS PARTY BAG + STICKER SET,36 FOIL HEART CAKE CASES,1
SKULLS PARTY BAG + STICKER SET,36 FOIL STAR CAKE CASES,1
SKULLS PARTY BAG + STICKER SET,EIGHT PIECE SNAKE  SET,1
SKULLS TAPE,HI TEC ALPINE HAND WARMER,1
SKULLS TAPE,FILIGRIS HEART WITH BUTTERFLY,1
SKULLS TAPE,BOTTLE BAG RETROSPOT,1
SKULLS TAPE,CAKE PLATE LOVEBIRD WHITE,1
SKULLS TAPE,JOY LARGE WOOD LETTERS,1
SKULLS WRITING SET,LUNCH BAG CARS BLUE,4
SKULLS WRITING SET,LUNCH BAG RED RETROSPOT,3
SKULLS WRITING SET,LUNCH BAG SPACEBOY DESIGN,3
SKULLS WRITING SET,LUNCH BAG  BLACK SKULL.,3
SKULLS WRITING SET,HOT BATHS METAL SIGN,3
SLATE TILE NATURAL HANGING,NATURAL SLATE HEART CHALKBOARD,2
SLATE TILE NATURAL HANGING,CHRISTMAS TABLE SILVER CANDLE SPIKE,1
SLATE TILE NATURAL HANGING,GARDENERS KNEELING PAD KEEP CALM,1
SLATE TILE NATURAL HANGING,BANQUET BIRTHDAY  CARD,1
SLATE TILE NATURAL HANGING,BOX OF 24 COCKTAIL PARASOLS,1
SLEEPING CAT ERASERS,MAGNETS PACK OF 4 CHILDHOOD MEMORY,2
SLEEPING CAT ERASERS,HAPPY STENCIL CRAFT,2
SLEEPING CAT ERASERS,CARD SUKI BIRTHDAY,2
SLEEPING CAT ERASERS,FELTCRAFT CHRISTMAS FAIRY,2
SLEEPING CAT ERASERS,MAGNETS PACK OF 4 RETRO PHOTO,2
SMALL CERAMIC TOP STORAGE JAR,SET OF 3 CAKE TINS PANTRY DESIGN,2
SMALL CERAMIC TOP STORAGE JAR,HEART T-LIGHT HOLDER WILLIE WINKIE,1
SMALL CERAMIC TOP STORAGE JAR,HEART TRELLISTRIPLE T-LIGHT HOLDER,1
SMALL CERAMIC TOP STORAGE JAR,KINGS CHOICE MUG,1
SMALL CERAMIC TOP STORAGE JAR,GLASS APOTHECARY BOTTLE ELIXIR,1
SMALL CHINESE STYLE SCISSOR,GENTLEMAN SHIRT REPAIR KIT,1
SMALL CHINESE STYLE SCISSOR,LARGE CHINESE STYLE SCISSOR,1
SMALL CHINESE STYLE SCISSOR,ALARM CLOCK BAKELIKE GREEN,1
SMALL CHINESE STYLE SCISSOR,ALARM CLOCK BAKELIKE IVORY,1
SMALL CHINESE STYLE SCISSOR,JAM MAKING SET PRINTED,1
SMALL CHOCOLATES PINK BOWL,SMALL DOLLY MIX DESIGN ORANGE BOWL,5
SMALL CHOCOLATES PINK BOWL,LUNCH BAG WOODLAND,4
SMALL CHOCOLATES PINK BOWL,HOT BATHS METAL SIGN,4
SMALL CHOCOLATES PINK BOWL,CHOCOLATE THIS WAY METAL SIGN,4
SMALL CHOCOLATES PINK BOWL,SMALL MARSHMALLOWS PINK BOWL,4
SMALL DOLLY MIX DESIGN ORANGE BOWL,SMALL CHOCOLATES PINK BOWL,5
SMALL DOLLY MIX DESIGN ORANGE BOWL,SMALL MARSHMALLOWS PINK BOWL,4
SMALL DOLLY MIX DESIGN ORANGE BOWL,LUNCH BAG RED RETROSPOT,3
SMALL DOLLY MIX DESIGN ORANGE BOWL,GIN + TONIC DIET METAL SIGN,3
SMALL DOLLY MIX DESIGN ORANGE BOWL,CHOCOLATE THIS WAY METAL SIGN,3
SMALL GLASS HEART TRINKET POT,REGENCY CAKESTAND 3 TIER,4
SMALL GLASS HEART TRINKET POT,LUNCH BAG WOODLAND,3
SMALL GLASS HEART TRINKET POT,LUNCH BAG  BLACK SKULL.,2
SMALL GLASS HEART TRINKET POT,JUMBO BAG RED RETROSPOT,2
SMALL GLASS HEART TRINKET POT,JUMBO STORAGE BAG SUKI,2
SMALL HANGING IVORY/RED WOOD BIRD,I CAN ONLY PLEASE ONE PERSON MUG,2
SMALL HANGING IVORY/RED WOOD BIRD,GARLAND WOODEN HAPPY EASTER,2
SMALL HANGING IVORY/RED WOOD BIRD,HANGING WOOD AND FELT BUTTERFLY,2
SMALL HANGING IVORY/RED WOOD BIRD,BUNNY EGG GARLAND,1
SMALL HANGING IVORY/RED WOOD BIRD,FELTCRAFT 6 FLOWER FRIENDS,1
SMALL HEART FLOWERS HOOK,RIBBON REEL STRIPES DESIGN,2
SMALL HEART FLOWERS HOOK,DRAWER KNOB CRACKLE GLAZE IVORY,1
SMALL HEART FLOWERS HOOK,LUNCH BAG CARS BLUE,1
SMALL HEART FLOWERS HOOK,HEART OF WICKER LARGE,1
SMALL HEART FLOWERS HOOK,GREEN GIANT GARDEN THERMOMETER,1
SMALL HEART MEASURING SPOONS,SET/2 RED RETROSPOT TEA TOWELS,2
SMALL HEART MEASURING SPOONS,TEA TIME DES TEA COSY,2
SMALL HEART MEASURING SPOONS,SET OF 3 CAKE TINS PANTRY DESIGN,2
SMALL HEART MEASURING SPOONS,SET/3 RED GINGHAM ROSE STORAGE BOX,2
SMALL HEART MEASURING SPOONS,TRAVEL SEWING KIT,2
SMALL IVORY HEART WALL ORGANISER,TRIPLE HOOK ANTIQUE IVORY ROSE,2
SMALL IVORY HEART WALL ORGANISER,WOOD 2 DRAWER CABINET WHITE FINISH,2
SMALL IVORY HEART WALL ORGANISER,WOOD BLACK BOARD ANT WHITE FINISH,2
SMALL IVORY HEART WALL ORGANISER,HAND WARMER RED RETROSPOT,1
SMALL IVORY HEART WALL ORGANISER,IVORY WICKER HEART MEDIUM,1
SMALL MARSHMALLOWS PINK BOWL,SMALL CHOCOLATES PINK BOWL,4
SMALL MARSHMALLOWS PINK BOWL,SMALL DOLLY MIX DESIGN ORANGE BOWL,4
SMALL MARSHMALLOWS PINK BOWL,PINK VINTAGE PAISLEY PICNIC BAG,2
SMALL MARSHMALLOWS PINK BOWL,REGENCY CAKESTAND 3 TIER,2
SMALL MARSHMALLOWS PINK BOWL,PINK REGENCY TEACUP AND SAUCER,2
SMALL PARISIENNE HEART PHOTO FRAME,SET OF 3 CAKE TINS PANTRY DESIGN,2
SMALL PARISIENNE HEART PHOTO FRAME,REGENCY MILK JUG PINK,2
SMALL PARISIENNE HEART PHOTO FRAME,SET OF 3 NOTEBOOKS IN PARCEL,2
SMALL PARISIENNE HEART PHOTO FRAME,PARISIENNE KEY CABINET,2
SMALL PARISIENNE HEART PHOTO FRAME,PARISIENNE SEWING BOX,2
SMALL POLKADOT CHOCOLATE GIFT BAG,HAND WARMER BABUSHKA DESIGN,1
SMALL POLKADOT CHOCOLATE GIFT BAG,EDWARDIAN PARASOL RED,1
SMALL POLKADOT CHOCOLATE GIFT BAG,EDWARDIAN PARASOL BLACK,1
SMALL POLKADOT CHOCOLATE GIFT BAG,EDWARDIAN PARASOL NATURAL,1
SMALL POLKADOT CHOCOLATE GIFT BAG,BLACK/BLUE POLKADOT UMBRELLA,1
SMALL POP BOX FUNKY MONKEY,LOVELY BONBON STICKER SHEET,1
SMALL POP BOX FUNKY MONKEY,DOG TOY WITH PINK CROCHET SKIRT,1
SMALL POP BOX FUNKY MONKEY,CARD CHRISTMAS VILLAGE,1
SMALL POP BOX FUNKY MONKEY,HOT BATHS METAL SIGN,1
SMALL POP BOX FUNKY MONKEY,GARLAND WITH HEARTS AND BELLS,1
SMALL POPCORN HOLDER,LUNCH BAG WOODLAND,2
SMALL POPCORN HOLDER,FUNKY DIVA PEN,2
SMALL POPCORN HOLDER,COOK WITH WINE METAL SIGN,2
SMALL POPCORN HOLDER,PLEASE ONE PERSON METAL SIGN,2
SMALL POPCORN HOLDER,JUMBO STORAGE BAG SUKI,1
SMALL PURPLE BABUSHKA NOTEBOOK,DOTCOM POSTAGE,1
SMALL PURPLE BABUSHKA NOTEBOOK,CHRISTMAS CRAFT LITTLE FRIENDS,1
SMALL PURPLE BABUSHKA NOTEBOOK,GREEN REGENCY TEACUP AND SAUCER,1
SMALL PURPLE BABUSHKA NOTEBOOK,JUMBO BAG WOODLAND ANIMALS,1
SMALL PURPLE BABUSHKA NOTEBOOK,JUMBO BAG RED RETROSPOT,1
SMALL RED BABUSHKA NOTEBOOK,LUNCH BAG WOODLAND,1
SMALL RED BABUSHKA NOTEBOOK,MAKE YOUR OWN PLAYTIME CARD KIT,1
SMALL RED BABUSHKA NOTEBOOK,JUNGLE POPSICLES ICE LOLLY MOULDS,1
SMALL RED BABUSHKA NOTEBOOK,BUNDLE OF 3 ALPHABET EXERCISE BOOKS,1
SMALL RED BABUSHKA NOTEBOOK,BUNDLE OF 3 RETRO NOTE BOOKS,1
SMALL RED RETROSPOT WINDMILL,GINGHAM HEART DECORATION,1
SMALL RED RETROSPOT WINDMILL,BLUE HARMONICA IN BOX,1
SMALL RED RETROSPOT WINDMILL,BAKING SET 9 PIECE RETROSPOT,1
SMALL RED RETROSPOT WINDMILL,ASSORTED COLOUR BIRD ORNAMENT,1
SMALL RED RETROSPOT WINDMILL,BAKING SET SPACEBOY DESIGN,1
SMALL SKULL WINDMILL,ASSORTED COLOUR MINI CASES,1
SMALL SKULL WINDMILL,ASSORTED COLOUR T-LIGHT HOLDER,1
SMALL SKULL WINDMILL,12 EGG HOUSE PAINTED WOOD,1
SMALL SKULL WINDMILL,FRYING PAN UNION FLAG,1
SMALL SKULL WINDMILL,3 HOOK PHOTO SHELF ANTIQUE WHITE,1
SMALL SQUARE CUT GLASS CANDLESTICK,LOVELY BONBON STICKER SHEET,1
SMALL SQUARE CUT GLASS CANDLESTICK,DOG TOY WITH PINK CROCHET SKIRT,1
SMALL SQUARE CUT GLASS CANDLESTICK,CARD CHRISTMAS VILLAGE,1
SMALL SQUARE CUT GLASS CANDLESTICK,HOT BATHS METAL SIGN,1
SMALL SQUARE CUT GLASS CANDLESTICK,GARLAND WITH HEARTS AND BELLS,1
SMALL WHITE HEART OF WICKER,HEART OF WICKER SMALL,7
SMALL WHITE HEART OF WICKER,LARGE WHITE HEART OF WICKER,6
SMALL WHITE HEART OF WICKER,3 HOOK PHOTO SHELF ANTIQUE WHITE,4
SMALL WHITE HEART OF WICKER,NATURAL SLATE HEART CHALKBOARD,4
SMALL WHITE HEART OF WICKER,FAMILY ALBUM WHITE PICTURE FRAME,4
SMALL YELLOW BABUSHKA NOTEBOOK,LUNCH BAG WOODLAND,1
SMALL YELLOW BABUSHKA NOTEBOOK,MAKE YOUR OWN PLAYTIME CARD KIT,1
SMALL YELLOW BABUSHKA NOTEBOOK,JUNGLE POPSICLES ICE LOLLY MOULDS,1
SMALL YELLOW BABUSHKA NOTEBOOK,BUNDLE OF 3 ALPHABET EXERCISE BOOKS,1
SMALL YELLOW BABUSHKA NOTEBOOK,BUNDLE OF 3 RETRO NOTE BOOKS,1
SNOWFLAKE PORTABLE TABLE LIGHT,LOVELY BONBON STICKER SHEET,1
SNOWFLAKE PORTABLE TABLE LIGHT,DOG TOY WITH PINK CROCHET SKIRT,1
SNOWFLAKE PORTABLE TABLE LIGHT,CARD CHRISTMAS VILLAGE,1
SNOWFLAKE PORTABLE TABLE LIGHT,HOT BATHS METAL SIGN,1
SNOWFLAKE PORTABLE TABLE LIGHT,GARLAND WITH HEARTS AND BELLS,1
SNOWSTORM PHOTO FRAME FRIDGE MAGNET,60 CAKE CASES DOLLY GIRL DESIGN,1
SNOWSTORM PHOTO FRAME FRIDGE MAGNET,FRENCH WC SIGN BLUE METAL,1
SNOWSTORM PHOTO FRAME FRIDGE MAGNET,60 TEATIME FAIRY CAKE CASES,1
SNOWSTORM PHOTO FRAME FRIDGE MAGNET,12 PENCIL SMALL TUBE WOODLAND,1
SNOWSTORM PHOTO FRAME FRIDGE MAGNET,FRIDGE MAGNETS LA VIE EN ROSE,1
SOAP DISH BROCANTE,FRENCH BLUE METAL DOOR SIGN 0,1
SOAP DISH BROCANTE,FRENCH BLUE METAL DOOR SIGN 1,1
SOAP DISH BROCANTE,FRENCH BLUE METAL DOOR SIGN 2,1
SOAP DISH BROCANTE,DECORATIVE WICKER HEART LARGE,1
SOAP DISH BROCANTE,JUMBO SHOPPER VINTAGE RED PAISLEY,1
SOLDIERS EGG CUP,COFFEE MUG DOG + BALL DESIGN,2
SOLDIERS EGG CUP,JUMBO BAG OWLS,1
SOLDIERS EGG CUP,DOLLY GIRL CHILDRENS EGG CUP,1
SOLDIERS EGG CUP,GREY HEART HOT WATER BOTTLE,1
SOLDIERS EGG CUP,GARLAND WOODEN HAPPY EASTER,1
SOMBRERO,LARGE HEART MEASURING SPOONS,1
SOMBRERO,FIVE HEART HANGING DECORATION,1
SOMBRERO,CONDIMENT TRAY 4 BOWLS AND 4 SPOONS,1
SOMBRERO,DAIRY MAID LARGE MILK JUG,1
SOMBRERO,COSMETIC BAG VINTAGE ROSE PAISLEY,1
SPACEBOY BABY GIFT SET,CHILDREN'S APRON DOLLY GIRL,1
SPACEBOY BABY GIFT SET,GREEN/BLUE CERAMIC CANDLE HOLDER,1
SPACEBOY BABY GIFT SET,LUNCH BAG CARS BLUE,1
SPACEBOY BABY GIFT SET,JUMBO BAG DOLLY GIRL DESIGN,1
SPACEBOY BABY GIFT SET,BUBBLEGUM RING ASSORTED,1
SPACEBOY BEAKER,LUNCH BAG SPACEBOY DESIGN,1
SPACEBOY BEAKER,LUNCH BAG  BLACK SKULL.,1
SPACEBOY BEAKER,LUNCH BAG WOODLAND,1
SPACEBOY BEAKER,CHRISTMAS DECOUPAGE CANDLE,1
SPACEBOY BEAKER,GINGERBREAD MAN COOKIE CUTTER,1
SPACEBOY BIRTHDAY CARD,CARD DOLLY GIRL,4
SPACEBOY BIRTHDAY CARD,TEA PARTY BIRTHDAY CARD,3
SPACEBOY BIRTHDAY CARD,ROBOT BIRTHDAY CARD,3
SPACEBOY BIRTHDAY CARD,ALARM CLOCK BAKELIKE RED,3
SPACEBOY BIRTHDAY CARD,MAGNETS PACK OF 4 SWALLOWS,3
SPACEBOY CHILDRENS BOWL,LUNCH BAG DOLLY GIRL DESIGN,2
SPACEBOY CHILDRENS BOWL,DOLLY GIRL BEAKER,2
SPACEBOY CHILDRENS BOWL,DOLLY GIRL CHILDRENS BOWL,2
SPACEBOY CHILDRENS BOWL,LUNCH BAG SPACEBOY DESIGN,2
SPACEBOY CHILDRENS BOWL,DINOSAURS  WRITING SET,2
SPACEBOY CHILDRENS CUP,GLASS APOTHECARY BOTTLE TONIC,1
SPACEBOY CHILDRENS CUP,EUCALYPTUS & PINECONE  WREATH,1
SPACEBOY CHILDRENS CUP,"LETTER ""L"" BLING KEY RING",1
SPACEBOY CHILDRENS CUP,FRENCH BLUE METAL DOOR SIGN 6,1
SPACEBOY CHILDRENS CUP,BISCUIT TIN VINTAGE CHRISTMAS,1
SPACEBOY CHILDRENS EGG CUP,CHILDREN'S SPACEBOY MUG,1
SPACEBOY CHILDRENS EGG CUP,JAM MAKING SET WITH JARS,1
SPACEBOY CHILDRENS EGG CUP,FRENCH BLUE METAL DOOR SIGN 2,1
SPACEBOY CHILDRENS EGG CUP,CIRCUS PARADE CHILDRENS EGG CUP,1
SPACEBOY CHILDRENS EGG CUP,CIRCUS PARADE LUNCH BOX,1
SPACEBOY GIFT WRAP,LUNCH BAG SPACEBOY DESIGN,3
SPACEBOY GIFT WRAP,LUNCH BAG WOODLAND,3
SPACEBOY GIFT WRAP,WRAP ENGLISH ROSE,2
SPACEBOY GIFT WRAP,SWALLOWS GREETING CARD,2
SPACEBOY GIFT WRAP,SET OF 4 PANTRY JELLY MOULDS,2
SPACEBOY LUNCH BOX,DOLLY GIRL LUNCH BOX,6
SPACEBOY LUNCH BOX,LUNCH BAG WOODLAND,4
SPACEBOY LUNCH BOX,LUNCH BAG SPACEBOY DESIGN,3
SPACEBOY LUNCH BOX,PINK FAIRY CAKE CHILDRENS APRON,3
SPACEBOY LUNCH BOX,RETROSPOT TEA SET CERAMIC 11 PC,3
SPACEBOY MINI BACKPACK,ALARM CLOCK BAKELIKE GREEN,3
SPACEBOY MINI BACKPACK,PAPER CHAIN KIT VINTAGE CHRISTMAS,3
SPACEBOY MINI BACKPACK,LUNCH BAG SPACEBOY DESIGN,3
SPACEBOY MINI BACKPACK,LUNCH BAG  BLACK SKULL.,3
SPACEBOY MINI BACKPACK,DOLLY GIRL MINI BACKPACK,3
SPACEBOY ROCKET LOLLY MAKERS,LOVELY BONBON STICKER SHEET,1
SPACEBOY ROCKET LOLLY MAKERS,DOG TOY WITH PINK CROCHET SKIRT,1
SPACEBOY ROCKET LOLLY MAKERS,CARD CHRISTMAS VILLAGE,1
SPACEBOY ROCKET LOLLY MAKERS,HOT BATHS METAL SIGN,1
SPACEBOY ROCKET LOLLY MAKERS,GARLAND WITH HEARTS AND BELLS,1
SPACEBOY TV DINNER TRAY,KITTY PENCIL ERASERS,2
SPACEBOY TV DINNER TRAY,PARTY TIME PENCIL ERASERS,2
SPACEBOY TV DINNER TRAY,SLEEPING CAT ERASERS,2
SPACEBOY TV DINNER TRAY,CHARLOTTE BAG SUKI DESIGN,1
SPACEBOY TV DINNER TRAY,12 PENCIL SMALL TUBE WOODLAND,1
SPOTTY BUNTING,CHILDRENS CUTLERY DOLLY GIRL,4
SPOTTY BUNTING,RETROSPOT HEART HOT WATER BOTTLE,3
SPOTTY BUNTING,SMALL WHITE HEART OF WICKER,3
SPOTTY BUNTING,WOOD BLACK BOARD ANT WHITE FINISH,3
SPOTTY BUNTING,RED RETROSPOT UMBRELLA,3
SPOTTY PINK DUCK DOORSTOP,BLACK ENCHANTED FOREST PLACEMAT,1
SPOTTY PINK DUCK DOORSTOP,BIRD DECORATION RED RETROSPOT,1
SPOTTY PINK DUCK DOORSTOP,KIDS RAIN MAC PINK,1
SPOTTY PINK DUCK DOORSTOP,CHRYSANTHEMUM SKETCHBOOK,1
SPOTTY PINK DUCK DOORSTOP,CERAMIC PIRATE CHEST MONEY BANK,1
SPRIG LAVENDER ARTIFICIAL FLOWER,JUMBO  BAG BAROQUE BLACK WHITE,1
SPRIG LAVENDER ARTIFICIAL FLOWER,JUMBO SHOPPER VINTAGE RED PAISLEY,1
SPRIG LAVENDER ARTIFICIAL FLOWER,MAKE YOUR OWN MONSOON CARD KIT,1
SPRIG LAVENDER ARTIFICIAL FLOWER,SET OF 20 VINTAGE CHRISTMAS NAPKINS,1
SPRIG LAVENDER ARTIFICIAL FLOWER,SET OF 3 CAKE TINS PANTRY DESIGN,1
SQUARE CHERRY BLOSSOM CABINET,JUMBO BAG SPACEBOY DESIGN,1
SQUARE CHERRY BLOSSOM CABINET,LUNCH BAG SPACEBOY DESIGN,1
SQUARE CHERRY BLOSSOM CABINET,JUMBO BAG TOYS,1
SQUARE CHERRY BLOSSOM CABINET,JUMBO BAG VINTAGE CHRISTMAS,1
SQUARE CHERRY BLOSSOM CABINET,JUMBO BAG VINTAGE DOILY,1
SQUARECUSHION COVER PINK UNION JACK,DOGGY RUBBER,1
SQUARECUSHION COVER PINK UNION JACK,ANTIQUE SILVER BAUBLE LAMP,1
SQUARECUSHION COVER PINK UNION JACK,FELTCRAFT HAIRBAND PINK AND PURPLE,1
SQUARECUSHION COVER PINK UNION JACK,FELTCRAFT HAIRBAND RED AND BLUE,1
SQUARECUSHION COVER PINK UNION JACK,FELTCRAFT HAIRBANDS PINK AND WHITE,1
STAR DECORATION PAINTED ZINC,CHRISTMAS HANGING STAR WITH BELL,2
STAR DECORATION PAINTED ZINC,ANGEL DECORATION 3 BUTTONS,2
STAR DECORATION PAINTED ZINC,ANGEL DECORATION PAINTED ZINC,2
STAR DECORATION PAINTED ZINC,STAR DECORATION RUSTIC,2
STAR DECORATION PAINTED ZINC,WOODEN HEART CHRISTMAS SCANDINAVIAN,2
STAR DECORATION RUSTIC,CHRISTMAS HANGING STAR WITH BELL,2
STAR DECORATION RUSTIC,ANGEL DECORATION 3 BUTTONS,2
STAR DECORATION RUSTIC,ANGEL DECORATION PAINTED ZINC,2
STAR DECORATION RUSTIC,STAR DECORATION PAINTED ZINC,2
STAR DECORATION RUSTIC,WOODEN HEART CHRISTMAS SCANDINAVIAN,2
STAR PORTABLE TABLE LIGHT,IVORY WIRE SWEETHEART LETTER TRAY,1
STAR PORTABLE TABLE LIGHT,CREAM WALL PLANTER HEART SHAPED,1
STAR PORTABLE TABLE LIGHT,LARGE IVORY HEART WALL ORGANISER,1
STAR PORTABLE TABLE LIGHT,BOX OF 24 COCKTAIL PARASOLS,1
STAR PORTABLE TABLE LIGHT,IVORY WIRE KITCHEN ORGANISER,1
STAR T-LIGHT HOLDER WILLIE WINKIE,ZINC FOLKART SLEIGH BELLS,2
STAR T-LIGHT HOLDER WILLIE WINKIE,ANTIQUE SILVER T-LIGHT GLASS,1
STAR T-LIGHT HOLDER WILLIE WINKIE,BISCUIT TIN 50'S CHRISTMAS,1
STAR T-LIGHT HOLDER WILLIE WINKIE,CHRISTMAS METAL TAGS ASSORTED,1
STAR T-LIGHT HOLDER WILLIE WINKIE,CHERUB HEART DECORATION SILVER,1
STAR WOODEN CHRISTMAS DECORATION,LOVELY BONBON STICKER SHEET,1
STAR WOODEN CHRISTMAS DECORATION,DOG TOY WITH PINK CROCHET SKIRT,1
STAR WOODEN CHRISTMAS DECORATION,CARD CHRISTMAS VILLAGE,1
STAR WOODEN CHRISTMAS DECORATION,HOT BATHS METAL SIGN,1
STAR WOODEN CHRISTMAS DECORATION,GARLAND WITH HEARTS AND BELLS,1
STAR WREATH DECORATION WITH BELL,JAZZ HEARTS PURSE NOTEBOOK,1
STAR WREATH DECORATION WITH BELL,COCKTAIL SWORDS 50 PIECES,1
STAR WREATH DECORATION WITH BELL,LIPSTICK PEN RED,1
STAR WREATH DECORATION WITH BELL,HEART DECORATION RUSTIC HANGING,1
STAR WREATH DECORATION WITH BELL,HEART T-LIGHT HOLDER WILLIE WINKIE,1
STARS GIFT TAPE,GUMBALL COAT RACK,2
STARS GIFT TAPE,BLACK AND WHITE DOG BOWL,1
STARS GIFT TAPE,CARD GINGHAM ROSE,1
STARS GIFT TAPE,FILIGRIS HEART WITH BUTTERFLY,1
STARS GIFT TAPE,BLUE HAPPY BIRTHDAY BUNTING,1
STOOL HOME SWEET HOME,LOVELY BONBON STICKER SHEET,1
STOOL HOME SWEET HOME,DOG TOY WITH PINK CROCHET SKIRT,1
STOOL HOME SWEET HOME,CARD CHRISTMAS VILLAGE,1
STOOL HOME SWEET HOME,HOT BATHS METAL SIGN,1
STOOL HOME SWEET HOME,GARLAND WITH HEARTS AND BELLS,1
STOP FOR TEA WALL ART,ALARM CLOCK BAKELIKE IVORY,1
STOP FOR TEA WALL ART,ANTIQUE SILVER BAUBLE LAMP,1
STOP FOR TEA WALL ART,HAND WARMER SCOTTY DOG DESIGN,1
STOP FOR TEA WALL ART,GARDENERS KNEELING PAD CUP OF TEA,1
STOP FOR TEA WALL ART,CARD HOLDER GINGHAM HEART,1
STORAGE TIN VINTAGE DOILY,BOX OF 6 MINI VINTAGE CRACKERS,1
STORAGE TIN VINTAGE DOILY,CHICK GREY HOT WATER BOTTLE,1
STORAGE TIN VINTAGE DOILY,HAND WARMER UNION JACK,1
STORAGE TIN VINTAGE DOILY,LUNCH BAG CARS BLUE,1
STORAGE TIN VINTAGE DOILY,GREY HEART HOT WATER BOTTLE,1
STORAGE TIN VINTAGE LEAF,HERB MARKER MINT,1
STORAGE TIN VINTAGE LEAF,HEART DECORATION PAINTED ZINC,1
STORAGE TIN VINTAGE LEAF,ALARM CLOCK BAKELIKE CHOCOLATE,1
STORAGE TIN VINTAGE LEAF,HERB MARKER PARSLEY,1
STORAGE TIN VINTAGE LEAF,EDWARDIAN PARASOL RED,1
STRAWBERRIES  DESIGN FLANNEL,JUMBO BAG APPLES,1
STRAWBERRIES  DESIGN FLANNEL,JUMBO BAG CHARLIE AND LOLA TOYS,1
STRAWBERRIES  DESIGN FLANNEL,JUMBO BAG TOYS,1
STRAWBERRIES  DESIGN FLANNEL,BISCUIT TIN VINTAGE RED,1
STRAWBERRIES  DESIGN FLANNEL,CHRISTMAS CRAFT LITTLE FRIENDS,1
STRAWBERRY   PICNIC BAG,LUNCH BAG  BLACK SKULL.,1
STRAWBERRY   PICNIC BAG,CHOCOLATE THIS WAY METAL SIGN,1
STRAWBERRY   PICNIC BAG,DOORMAT RESPECTABLE HOUSE,1
STRAWBERRY   PICNIC BAG,DOORMAT WELCOME TO OUR HOME,1
STRAWBERRY   PICNIC BAG,HOMEMADE JAM SCENTED CANDLES,1
STRAWBERRY BATH SPONGE,ALARM CLOCK BAKELIKE PINK,2
STRAWBERRY BATH SPONGE,PLASTERS IN TIN STRONGMAN,2
STRAWBERRY BATH SPONGE,KNITTED UNION FLAG HOT WATER BOTTLE,1
STRAWBERRY BATH SPONGE,GARDENERS KNEELING PAD CUP OF TEA,1
STRAWBERRY BATH SPONGE,CHILLI LIGHTS,1
STRAWBERRY CERAMIC TRINKET BOX,RED TOADSTOOL LED NIGHT LIGHT,3
STRAWBERRY CERAMIC TRINKET BOX,ROUND SNACK BOXES SET OF4 WOODLAND,3
STRAWBERRY CERAMIC TRINKET BOX,ALARM CLOCK BAKELIKE CHOCOLATE,2
STRAWBERRY CERAMIC TRINKET BOX,SKULL SHOULDER BAG,2
STRAWBERRY CERAMIC TRINKET BOX,WHITE SPOT RED CERAMIC DRAWER KNOB,2
STRAWBERRY CHARLOTTE BAG,RED RETROSPOT CHARLOTTE BAG,5
STRAWBERRY CHARLOTTE BAG,WOODLAND CHARLOTTE BAG,4
STRAWBERRY CHARLOTTE BAG,CHARLOTTE BAG DOLLY GIRL DESIGN,4
STRAWBERRY CHARLOTTE BAG,CHARLOTTE BAG PINK POLKADOT,3
STRAWBERRY CHARLOTTE BAG,RED TOADSTOOL LED NIGHT LIGHT,3
STRAWBERRY HONEYCOMB  GARLAND,BROWN  PIRATE TREASURE CHEST,1
STRAWBERRY HONEYCOMB  GARLAND,6 RIBBONS EMPIRE,1
STRAWBERRY HONEYCOMB  GARLAND,6 RIBBONS RUSTIC CHARM,1
STRAWBERRY HONEYCOMB  GARLAND,CERAMIC CAKE DESIGN SPOTTED PLATE,1
STRAWBERRY HONEYCOMB  GARLAND,BLUE  DIAMANTE PEN IN GIFT BOX,1
STRAWBERRY LUNCH BOX WITH CUTLERY,ROUND SNACK BOXES SET OF4 WOODLAND,3
STRAWBERRY LUNCH BOX WITH CUTLERY,SET OF 2 TEA TOWELS APPLE AND PEARS,2
STRAWBERRY LUNCH BOX WITH CUTLERY,TRADITIONAL WOODEN SKIPPING ROPE,2
STRAWBERRY LUNCH BOX WITH CUTLERY,SET/20 STRAWBERRY PAPER NAPKINS,2
STRAWBERRY LUNCH BOX WITH CUTLERY,SET OF 3 HEART COOKIE CUTTERS,2
STRAWBERRY RAFFIA FOOD COVER,JAM MAKING SET PRINTED,2
STRAWBERRY RAFFIA FOOD COVER,PACK OF 72 RETROSPOT CAKE CASES,2
STRAWBERRY RAFFIA FOOD COVER,JUMBO STORAGE BAG SUKI,1
STRAWBERRY RAFFIA FOOD COVER,CARD I LOVE LONDON,1
STRAWBERRY RAFFIA FOOD COVER,CARD MOTORBIKE SANTA,1
STRAWBERRY SHOPPER BAG,6 RIBBONS SHIMMERING PINKS,1
STRAWBERRY SHOPPER BAG,DOORMAT SPOTTY HOME SWEET HOME,1
STRAWBERRY SHOPPER BAG,CHRISTMAS LIGHTS 10 VINTAGE BAUBLES,1
STRAWBERRY SHOPPER BAG,60 TEATIME FAIRY CAKE CASES,1
STRAWBERRY SHOPPER BAG,LUNCH BAG PINK POLKADOT,1
STRIPES DESIGN TEDDY,CHILDRENS APRON SPACEBOY DESIGN,1
STRIPES DESIGN TEDDY,BLUE/YELLOW CERAMIC CANDLE HOLDER,1
STRIPES DESIGN TEDDY,MEASURING TAPE BABUSHKA RED,1
STRIPES DESIGN TEDDY,JUMBO BAG DOLLY GIRL DESIGN,1
STRIPES DESIGN TEDDY,GIRLS VINTAGE TIN SEASIDE BUCKET,1
SUKI  SHOULDER BAG,LUNCH BAG  BLACK SKULL.,3
SUKI  SHOULDER BAG,METAL SIGN EMPIRE TEA,2
SUKI  SHOULDER BAG,CHRISTMAS DECOUPAGE CANDLE,2
SUKI  SHOULDER BAG,DINOSAURS  WRITING SET,2
SUKI  SHOULDER BAG,CHRISTMAS MUSICAL ZINC TREE,2
SUNSET CHECK HAMMOCK,JUMBO BAG SPACEBOY DESIGN,1
SUNSET CHECK HAMMOCK,LUNCH BAG SPACEBOY DESIGN,1
SUNSET CHECK HAMMOCK,JUMBO BAG TOYS,1
SUNSET CHECK HAMMOCK,JUMBO BAG VINTAGE CHRISTMAS,1
SUNSET CHECK HAMMOCK,JUMBO BAG VINTAGE DOILY,1
SWALLOW SQUARE TISSUE BOX,LARGE YELLOW BABUSHKA NOTEBOOK,1
SWALLOW SQUARE TISSUE BOX,COSY HOUR CIGAR BOX MATCHES,1
SWALLOW SQUARE TISSUE BOX,CINAMMON & ORANGE WREATH,1
SWALLOW SQUARE TISSUE BOX,CARAVAN SQUARE TISSUE BOX,1
SWALLOW SQUARE TISSUE BOX,PANTRY WASHING UP BRUSH,1
SWALLOW WOODEN CHRISTMAS DECORATION,LOVELY BONBON STICKER SHEET,1
SWALLOW WOODEN CHRISTMAS DECORATION,DOG TOY WITH PINK CROCHET SKIRT,1
SWALLOW WOODEN CHRISTMAS DECORATION,CARD CHRISTMAS VILLAGE,1
SWALLOW WOODEN CHRISTMAS DECORATION,HOT BATHS METAL SIGN,1
SWALLOW WOODEN CHRISTMAS DECORATION,GARLAND WITH HEARTS AND BELLS,1
SWALLOWS GREETING CARD,72 SWEETHEART FAIRY CAKE CASES,3
SWALLOWS GREETING CARD,ALARM CLOCK BAKELIKE GREEN,2
SWALLOWS GREETING CARD,VICTORIAN GLASS HANGING T-LIGHT,2
SWALLOWS GREETING CARD,VINTAGE KID DOLLY CARD,2
SWALLOWS GREETING CARD,VINTAGE CARAVAN GREETING CARD,2
SWEETHEART 3 TIER CAKE STAND,RED RETROSPOT UMBRELLA,3
SWEETHEART 3 TIER CAKE STAND,DOORMAT NEW ENGLAND,3
SWEETHEART 3 TIER CAKE STAND,NATURAL SLATE CHALKBOARD LARGE,2
SWEETHEART 3 TIER CAKE STAND,BIRD HOUSE HOT WATER BOTTLE,2
SWEETHEART 3 TIER CAKE STAND,RETROSPOT HEART HOT WATER BOTTLE,2
SWEETHEART BIRD HOUSE,4 TRADITIONAL SPINNING TOPS,2
SWEETHEART BIRD HOUSE,GARDENERS KNEELING PAD CUP OF TEA,2
SWEETHEART BIRD HOUSE,GARDENERS KNEELING PAD KEEP CALM,2
SWEETHEART BIRD HOUSE,JUMBO BAG VINTAGE CHRISTMAS,2
SWEETHEART BIRD HOUSE,HOME BUILDING BLOCK WORD,2
SWEETHEART CAKESTAND 3 TIER,ROUND CAKE TIN VINTAGE RED,2
SWEETHEART CAKESTAND 3 TIER,GLASS STAR FROSTED T-LIGHT HOLDER,1
SWEETHEART CAKESTAND 3 TIER,DOORMAT RESPECTABLE HOUSE,1
SWEETHEART CAKESTAND 3 TIER,ALARM CLOCK BAKELIKE RED,1
SWEETHEART CAKESTAND 3 TIER,BLUE POLKADOT WRAP,1
SWEETHEART CERAMIC TRINKET BOX,SKULL SHOULDER BAG,2
SWEETHEART CERAMIC TRINKET BOX,STRAWBERRY CERAMIC TRINKET BOX,2
SWEETHEART CERAMIC TRINKET BOX,TEA BAG PLATE RED RETROSPOT,2
SWEETHEART CERAMIC TRINKET BOX,TEA TIME OVEN GLOVE,2
SWEETHEART CERAMIC TRINKET BOX,RETROSPOT TEA SET CERAMIC 11 PC,2
SWEETHEART RECIPE BOOK STAND,LOVE BUILDING BLOCK WORD,3
SWEETHEART RECIPE BOOK STAND,LUNCH BAG PINK POLKADOT,3
SWEETHEART RECIPE BOOK STAND,CHILDRENS CUTLERY SPACEBOY,2
SWEETHEART RECIPE BOOK STAND,HAND OVER THE CHOCOLATE   SIGN,2
SWEETHEART RECIPE BOOK STAND,METAL SIGN DROP YOUR PANTS,2
SWEETHEART WALL TIDY,ANGEL DECORATION PAINTED ZINC,1
SWEETHEART WALL TIDY,50'S CHRISTMAS GIFT BAG LARGE,1
SWEETHEART WALL TIDY,IVORY WICKER HEART MEDIUM,1
SWEETHEART WALL TIDY,HEART OF WICKER SMALL,1
SWEETHEART WALL TIDY,DECORATIVE WICKER HEART LARGE,1
SWEETHEART WIRE FRUIT BOWL,ALARM CLOCK BAKELIKE RED,1
SWEETHEART WIRE FRUIT BOWL,CARD DOLLY GIRL,1
SWEETHEART WIRE FRUIT BOWL,PLACE SETTING WHITE HEART,1
SWEETHEART WIRE FRUIT BOWL,PLASTERS IN TIN SPACEBOY,1
SWEETHEART WIRE FRUIT BOWL,PLASTERS IN TIN VINTAGE PAISLEY,1
SWEETHEART WIRE MAGAZINE RACK,DOTCOM POSTAGE,1
SWEETHEART WIRE MAGAZINE RACK,CHRISTMAS CRAFT LITTLE FRIENDS,1
SWEETHEART WIRE MAGAZINE RACK,GREEN REGENCY TEACUP AND SAUCER,1
SWEETHEART WIRE MAGAZINE RACK,JUMBO BAG WOODLAND ANIMALS,1
SWEETHEART WIRE MAGAZINE RACK,JUMBO BAG RED RETROSPOT,1
SWEETHEART WIRE WALL TIDY,IVORY WIRE SWEETHEART LETTER TRAY,1
SWEETHEART WIRE WALL TIDY,CREAM WALL PLANTER HEART SHAPED,1
SWEETHEART WIRE WALL TIDY,LARGE IVORY HEART WALL ORGANISER,1
SWEETHEART WIRE WALL TIDY,BOX OF 24 COCKTAIL PARASOLS,1
SWEETHEART WIRE WALL TIDY,IVORY WIRE KITCHEN ORGANISER,1
SWISS CHALET TREE DECORATION,DARK BIRD HOUSE TREE DECORATION,2
SWISS CHALET TREE DECORATION,CHRISTMAS TREE STAR DECORATION,2
SWISS CHALET TREE DECORATION,PAPER CHAIN KIT 50'S CHRISTMAS,2
SWISS CHALET TREE DECORATION,ROCKING HORSE RED CHRISTMAS,2
SWISS CHALET TREE DECORATION,SET OF 3 WOODEN STOCKING DECORATION,2
SWISS ROLL TOWEL PINK  SPOTS,DOORMAT UNION FLAG,1
SWISS ROLL TOWEL PINK  SPOTS,CREAM SLICE FLANNEL CHOCOLATE SPOT,1
SWISS ROLL TOWEL PINK  SPOTS,CREAM SLICE FLANNEL PINK SPOT,1
SWISS ROLL TOWEL PINK  SPOTS,FAIRY CAKE FLANNEL ASSORTED COLOUR,1
SWISS ROLL TOWEL PINK  SPOTS,KINGS CHOICE GIANT TUBE MATCHES,1
"SWISS ROLL TOWEL, CHOCOLATE  SPOTS",LARGE CAKE TOWEL CHOCOLATE SPOTS,2
"SWISS ROLL TOWEL, CHOCOLATE  SPOTS",LARGE CAKE TOWEL PINK SPOTS,2
"SWISS ROLL TOWEL, CHOCOLATE  SPOTS",LIPSTICK PEN FUSCHIA,1
"SWISS ROLL TOWEL, CHOCOLATE  SPOTS",CAKES AND BOWS GIFT  TAPE,1
"SWISS ROLL TOWEL, CHOCOLATE  SPOTS",KINGS CHOICE GIANT TUBE MATCHES,1
"SWISS ROLL TOWEL, PINK  SPOTS",CAKES AND BOWS GIFT  TAPE,1
"SWISS ROLL TOWEL, PINK  SPOTS",LARGE CAKE TOWEL PINK SPOTS,1
"SWISS ROLL TOWEL, PINK  SPOTS",LOVE HEART POCKET WARMER,1
"SWISS ROLL TOWEL, PINK  SPOTS",LARGE CAKE TOWEL CHOCOLATE SPOTS,1
"SWISS ROLL TOWEL, PINK  SPOTS",HAND TOWEL PALE BLUE W FLOWERS,1
T-LIGHT GLASS FLUTED ANTIQUE,ANTIQUE SILVER T-LIGHT GLASS,3
T-LIGHT GLASS FLUTED ANTIQUE,ASSORTED COLOUR BIRD ORNAMENT,3
T-LIGHT GLASS FLUTED ANTIQUE,ZINC METAL HEART DECORATION,2
T-LIGHT GLASS FLUTED ANTIQUE,HANGING HEART ZINC T-LIGHT HOLDER,2
T-LIGHT GLASS FLUTED ANTIQUE,ZINC FOLKART SLEIGH BELLS,2
T-LIGHT HOLDER HANGING LOVE BIRD,JUMBO BAG 50'S CHRISTMAS,2
T-LIGHT HOLDER HANGING LOVE BIRD,CLOTHES PEGS RETROSPOT PACK 24,2
T-LIGHT HOLDER HANGING LOVE BIRD,WOODEN TREE CHRISTMAS SCANDINAVIAN,1
T-LIGHT HOLDER HANGING LOVE BIRD,WOODEN STAR CHRISTMAS SCANDINAVIAN,1
T-LIGHT HOLDER HANGING LOVE BIRD,WOODEN ADVENT CALENDAR RED,1
T-LIGHT HOLDER SWEETHEART HANGING,EDWARDIAN HEART PHOTO FRAME,1
T-LIGHT HOLDER SWEETHEART HANGING,HEART CALCULATOR,1
T-LIGHT HOLDER SWEETHEART HANGING,FILIGRIS HEART WITH BUTTERFLY,1
T-LIGHT HOLDER SWEETHEART HANGING,EGG FRYING PAN RED,1
T-LIGHT HOLDER SWEETHEART HANGING,FAMILY ALBUM WHITE PICTURE FRAME,1
TEA BAG PLATE RED RETROSPOT,WHITE HANGING HEART T-LIGHT HOLDER,2
TEA BAG PLATE RED RETROSPOT,WATERING CAN BLUE ELEPHANT,2
TEA BAG PLATE RED RETROSPOT,SWEETHEART CERAMIC TRINKET BOX,2
TEA BAG PLATE RED RETROSPOT,SET/10 PINK POLKADOT PARTY CANDLES,2
TEA BAG PLATE RED RETROSPOT,RED RETROSPOT OVEN GLOVE DOUBLE,2
TEA COSY BLUE STRIPE,LOVE HEART SOCK HANGER,1
TEA COSY BLUE STRIPE,DAIRY MAID LARGE MILK JUG,1
TEA COSY BLUE STRIPE,DAIRY MAID STRIPE MUG,1
TEA COSY BLUE STRIPE,KINGS CHOICE MUG,1
TEA COSY BLUE STRIPE,DAIRY MAID TRADITIONAL TEAPOT,1
TEA COSY RED  STRIPE,FRENCH BLUE METAL DOOR SIGN 9,2
TEA COSY RED  STRIPE,BATHROOM METAL SIGN,2
TEA COSY RED  STRIPE,DOORMAT KEEP CALM AND COME IN,1
TEA COSY RED  STRIPE,72 SWEETHEART FAIRY CAKE CASES,1
TEA COSY RED  STRIPE,CHILLI LIGHTS,1
TEA FOR ONE POLKADOT,IVORY KITCHEN SCALES,1
TEA FOR ONE POLKADOT,CHRISTMAS CRAFT TREE TOP ANGEL,1
TEA FOR ONE POLKADOT,CHRISTMAS CRAFT WHITE FAIRY,1
TEA FOR ONE POLKADOT,ENAMEL BREAD BIN CREAM,1
TEA FOR ONE POLKADOT,LARGE MEDINA STAMPED METAL BOWL,1
TEA PARTY  WRAPPING PAPER,60 CAKE CASES DOLLY GIRL DESIGN,1
TEA PARTY  WRAPPING PAPER,FRENCH WC SIGN BLUE METAL,1
TEA PARTY  WRAPPING PAPER,60 TEATIME FAIRY CAKE CASES,1
TEA PARTY  WRAPPING PAPER,12 PENCIL SMALL TUBE WOODLAND,1
TEA PARTY  WRAPPING PAPER,FRIDGE MAGNETS LA VIE EN ROSE,1
TEA PARTY BIRTHDAY CARD,EMPIRE BIRTHDAY CARD,3
TEA PARTY BIRTHDAY CARD,SPACEBOY BIRTHDAY CARD,3
TEA PARTY BIRTHDAY CARD,BLUE VINTAGE SPOT BEAKER,2
TEA PARTY BIRTHDAY CARD,CARD DOLLY GIRL,2
TEA PARTY BIRTHDAY CARD,GUMBALL COAT RACK,2
TEA TIME DES TEA COSY,CERAMIC STRAWBERRY CAKE MONEY BANK,2
TEA TIME DES TEA COSY,LOVE HEART SOCK HANGER,2
TEA TIME DES TEA COSY,CERAMIC STRAWBERRY MONEY BOX,2
TEA TIME DES TEA COSY,JUMBO BAG PINK VINTAGE PAISLEY,2
TEA TIME DES TEA COSY,CERAMIC CHERRY CAKE MONEY BANK,2
TEA TIME OVEN GLOVE,SKULL SHOULDER BAG,3
TEA TIME OVEN GLOVE,PLASTERS IN TIN SKULLS,2
TEA TIME OVEN GLOVE,TEA TIME DES TEA COSY,2
TEA TIME OVEN GLOVE,CHOCOLATE HOT WATER BOTTLE,2
TEA TIME OVEN GLOVE,RECIPE BOX PANTRY YELLOW DESIGN,2
TEA TIME PARTY BUNTING,DOORMAT RED RETROSPOT,3
TEA TIME PARTY BUNTING,LUNCH BAG  BLACK SKULL.,2
TEA TIME PARTY BUNTING,JUMBO STORAGE BAG SKULLS,2
TEA TIME PARTY BUNTING,JUMBO STORAGE BAG SUKI,2
TEA TIME PARTY BUNTING,PACK OF 20 SKULL PAPER NAPKINS,2
TEATIME ROUND PENCIL SHARPENER,JAM MAKING SET WITH JARS,1
TEATIME ROUND PENCIL SHARPENER,GINGHAM HEART DECORATION,1
TEATIME ROUND PENCIL SHARPENER,JUMBO BAG RED RETROSPOT,1
TEATIME ROUND PENCIL SHARPENER,CHILDRENS CUTLERY POLKADOT PINK,1
TEATIME ROUND PENCIL SHARPENER,CHILDRENS CUTLERY RETROSPOT RED,1
THREE MINI HANGING FRAMES,ANGEL DECORATION PAINTED ZINC,1
THREE MINI HANGING FRAMES,50'S CHRISTMAS GIFT BAG LARGE,1
THREE MINI HANGING FRAMES,IVORY WICKER HEART MEDIUM,1
THREE MINI HANGING FRAMES,HEART OF WICKER SMALL,1
THREE MINI HANGING FRAMES,DECORATIVE WICKER HEART LARGE,1
TOADSTOOL BEDSIDE LIGHT,WOODLAND MINI BACKPACK,2
TOADSTOOL BEDSIDE LIGHT,WATERING CAN PINK BUNNY,2
TOADSTOOL BEDSIDE LIGHT,SMALL WHITE HEART OF WICKER,2
TOADSTOOL BEDSIDE LIGHT,SPACEBOY GIFT WRAP,2
TOADSTOOL BEDSIDE LIGHT,TRADITIONAL MODELLING CLAY,2
TOADSTOOL MONEY BOX,HAND WARMER BIRD DESIGN,1
TOADSTOOL MONEY BOX,HOT WATER BOTTLE BABUSHKA,1
TOADSTOOL MONEY BOX,CERAMIC CHERRY CAKE MONEY BANK,1
TOADSTOOL MONEY BOX,MAGIC TREE -PAPER FLOWERS,1
TOADSTOOL MONEY BOX,HAND WARMER RED RETROSPOT,1
TOAST ITS - BEST MUM,60 CAKE CASES DOLLY GIRL DESIGN,1
TOAST ITS - BEST MUM,FRENCH WC SIGN BLUE METAL,1
TOAST ITS - BEST MUM,60 TEATIME FAIRY CAKE CASES,1
TOAST ITS - BEST MUM,12 PENCIL SMALL TUBE WOODLAND,1
TOAST ITS - BEST MUM,FRIDGE MAGNETS LA VIE EN ROSE,1
TOAST ITS - FAIRY FLOWER,RED TOADSTOOL LED NIGHT LIGHT,2
TOAST ITS - FAIRY FLOWER,FELTCRAFT DOLL MOLLY,2
TOAST ITS - FAIRY FLOWER,RABBIT NIGHT LIGHT,2
TOAST ITS - FAIRY FLOWER,SET OF 4 PANTRY JELLY MOULDS,2
TOAST ITS - FAIRY FLOWER,LUNCH BAG WOODLAND,2
TOAST ITS - HAPPY BIRTHDAY,60 CAKE CASES DOLLY GIRL DESIGN,1
TOAST ITS - HAPPY BIRTHDAY,FRENCH WC SIGN BLUE METAL,1
TOAST ITS - HAPPY BIRTHDAY,60 TEATIME FAIRY CAKE CASES,1
TOAST ITS - HAPPY BIRTHDAY,12 PENCIL SMALL TUBE WOODLAND,1
TOAST ITS - HAPPY BIRTHDAY,FRIDGE MAGNETS LA VIE EN ROSE,1
TOAST ITS - I LOVE YOU,KITTY PENCIL ERASERS,1
TOAST ITS - I LOVE YOU,HOT BATHS METAL SIGN,1
TOAST ITS - I LOVE YOU,MAGNETS PACK OF 4 CHILDHOOD MEMORY,1
TOAST ITS - I LOVE YOU,12 PENCIL SMALL TUBE WOODLAND,1
TOAST ITS - I LOVE YOU,LIPSTICK PEN RED,1
TOILET METAL SIGN,60 CAKE CASES DOLLY GIRL DESIGN,1
TOILET METAL SIGN,FRENCH WC SIGN BLUE METAL,1
TOILET METAL SIGN,60 TEATIME FAIRY CAKE CASES,1
TOILET METAL SIGN,12 PENCIL SMALL TUBE WOODLAND,1
TOILET METAL SIGN,FRIDGE MAGNETS LA VIE EN ROSE,1
TOILET SIGN OCCUPIED OR VACANT,JUMBO STORAGE BAG SUKI,2
TOILET SIGN OCCUPIED OR VACANT,LUNCH BAG  BLACK SKULL.,2
TOILET SIGN OCCUPIED OR VACANT,METAL SIGN TAKE IT OR LEAVE IT,2
TOILET SIGN OCCUPIED OR VACANT,PHARMACIE FIRST AID TIN,2
TOILET SIGN OCCUPIED OR VACANT,60 TEATIME FAIRY CAKE CASES,1
TOMATO CHARLIE+LOLA COASTER SET,DRAWER KNOB CRACKLE GLAZE GREEN,1
TOMATO CHARLIE+LOLA COASTER SET,4 PINK FLOCK CHRISTMAS BALLS,1
TOMATO CHARLIE+LOLA COASTER SET,HANGING QUILTED PATCHWORK APPLES,1
TOMATO CHARLIE+LOLA COASTER SET,DRAWER KNOB CRACKLE GLAZE PINK,1
TOMATO CHARLIE+LOLA COASTER SET,DISCO BALL CHRISTMAS DECORATION,1
TOOL BOX SOFT TOY,GLASS STAR FROSTED T-LIGHT HOLDER,1
TOOL BOX SOFT TOY,ASSORTED COLOUR BIRD ORNAMENT,1
TOOL BOX SOFT TOY,HEART OF WICKER LARGE,1
TOOL BOX SOFT TOY,ASSORTED COLOUR MINI CASES,1
TOOL BOX SOFT TOY,COFFEE MUG CAT + BIRD DESIGN,1
TOP SECRET PEN SET,LUNCH BAG WOODLAND,1
TOP SECRET PEN SET,MAKE YOUR OWN PLAYTIME CARD KIT,1
TOP SECRET PEN SET,JUNGLE POPSICLES ICE LOLLY MOULDS,1
TOP SECRET PEN SET,BUNDLE OF 3 ALPHABET EXERCISE BOOKS,1
TOP SECRET PEN SET,BUNDLE OF 3 RETRO NOTE BOOKS,1
TOTE BAG I LOVE LONDON,LUNCH BAG PINK POLKADOT,1
TOTE BAG I LOVE LONDON,CHILDRENS CUTLERY SPACEBOY,1
TOTE BAG I LOVE LONDON,LOVE BUILDING BLOCK WORD,1
TOTE BAG I LOVE LONDON,CLASSIC FRENCH STYLE BASKET BROWN,1
TOTE BAG I LOVE LONDON,HOT WATER BOTTLE TEA AND SYMPATHY,1
TOXIC AREA  DOOR HANGER,MOODY GIRL DOOR HANGER,3
TOXIC AREA  DOOR HANGER,LUNCH BAG RED RETROSPOT,2
TOXIC AREA  DOOR HANGER,LUNCH BAG  BLACK SKULL.,2
TOXIC AREA  DOOR HANGER,DOORMAT HEARTS,2
TOXIC AREA  DOOR HANGER,LUNCH BAG CARS BLUE,2
TOY TIDY DOLLY GIRL DESIGN,BLACK CHRISTMAS TREE 120CM,1
TOY TIDY DOLLY GIRL DESIGN,BREAD BIN DINER STYLE IVORY,1
TOY TIDY DOLLY GIRL DESIGN,HOT WATER BOTTLE TEA AND SYMPATHY,1
TOY TIDY DOLLY GIRL DESIGN,BREAD BIN DINER STYLE PINK,1
TOY TIDY DOLLY GIRL DESIGN,CHILDRENS APRON APPLES DESIGN,1
TOY TIDY PINK POLKADOT,LUNCH BAG VINTAGE LEAF DESIGN,1
TOY TIDY PINK POLKADOT,LUNCH BAG  BLACK SKULL.,1
TOY TIDY PINK POLKADOT,DOLLY GIRL LUNCH BOX,1
TOY TIDY PINK POLKADOT,LUNCH BAG ALPHABET DESIGN,1
TOY TIDY PINK POLKADOT,LUNCH BAG APPLE DESIGN,1
TOY TIDY SPACEBOY,6 RIBBONS SHIMMERING PINKS,1
TOY TIDY SPACEBOY,DOORMAT SPOTTY HOME SWEET HOME,1
TOY TIDY SPACEBOY,CHRISTMAS LIGHTS 10 VINTAGE BAUBLES,1
TOY TIDY SPACEBOY,60 TEATIME FAIRY CAKE CASES,1
TOY TIDY SPACEBOY,LUNCH BAG PINK POLKADOT,1
TRADITIONAL CHRISTMAS RIBBONS,BLUE HARMONICA IN BOX,2
TRADITIONAL CHRISTMAS RIBBONS,GARDENERS KNEELING PAD KEEP CALM,2
TRADITIONAL CHRISTMAS RIBBONS,PAPER CHAIN KIT 50'S CHRISTMAS,2
TRADITIONAL CHRISTMAS RIBBONS,3D CHRISTMAS STAMPS STICKERS,2
TRADITIONAL CHRISTMAS RIBBONS,SET 6 PAPER TABLE LANTERN STARS,2
TRADITIONAL KNITTING NANCY,GIN + TONIC DIET METAL SIGN,4
TRADITIONAL KNITTING NANCY,RETROSPOT TEA SET CERAMIC 11 PC,4
TRADITIONAL KNITTING NANCY,HAND WARMER OWL DESIGN,3
TRADITIONAL KNITTING NANCY,WATERING CAN PINK BUNNY,3
TRADITIONAL KNITTING NANCY,DOORMAT NEW ENGLAND,3
TRADITIONAL MODELLING CLAY,ALPHABET STENCIL CRAFT,2
TRADITIONAL MODELLING CLAY,4 TRADITIONAL SPINNING TOPS,2
TRADITIONAL MODELLING CLAY,FOLDING BUTTERFLY MIRROR HOT PINK,2
TRADITIONAL MODELLING CLAY,HAPPY STENCIL CRAFT,2
TRADITIONAL MODELLING CLAY,BAKING SET 9 PIECE RETROSPOT,2
TRADITIONAL NAUGHTS & CROSSES,BALLOONS  WRITING SET,2
TRADITIONAL NAUGHTS & CROSSES,JUMBO BAG RED RETROSPOT,2
TRADITIONAL NAUGHTS & CROSSES,FELTCRAFT DOLL EMILY,1
TRADITIONAL NAUGHTS & CROSSES,FLORAL FOLK STATIONERY SET,1
TRADITIONAL NAUGHTS & CROSSES,KNEELING MAT HOUSEWORK  DESIGN,1
TRADITIONAL WOODEN CATCH CUP GAME,12 PENCILS SMALL TUBE SKULL,2
TRADITIONAL WOODEN CATCH CUP GAME,4 TRADITIONAL SPINNING TOPS,2
TRADITIONAL WOODEN CATCH CUP GAME,TRADITIONAL WOODEN SKIPPING ROPE,2
TRADITIONAL WOODEN CATCH CUP GAME,HAND WARMER BIRD DESIGN,2
TRADITIONAL WOODEN CATCH CUP GAME,JUMBO BAG OWLS,2
TRADITIONAL WOODEN SKIPPING ROPE,4 TRADITIONAL SPINNING TOPS,3
TRADITIONAL WOODEN SKIPPING ROPE,TRADITIONAL KNITTING NANCY,3
TRADITIONAL WOODEN SKIPPING ROPE,BLUE DINER WALL CLOCK,2
TRADITIONAL WOODEN SKIPPING ROPE,FELTCRAFT HAIRBAND PINK AND BLUE,2
TRADITIONAL WOODEN SKIPPING ROPE,GINGERBREAD MAN COOKIE CUTTER,2
TRADTIONAL ALPHABET STAMP SET,CHOCOLATE HOT WATER BOTTLE,1
TRADTIONAL ALPHABET STAMP SET,GLASS JAR DAISY FRESH COTTON WOOL,1
TRADTIONAL ALPHABET STAMP SET,AREA PATROLLED METAL SIGN,1
TRADTIONAL ALPHABET STAMP SET,GLASS APOTHECARY BOTTLE PERFUME,1
TRADTIONAL ALPHABET STAMP SET,HOT WATER BOTTLE I AM SO POORLY,1
TRAVEL CARD WALLET FLOWER MEADOW,BOX OF 6 ASSORTED COLOUR TEASPOONS,1
TRAVEL CARD WALLET FLOWER MEADOW,JUMBO BAG STRAWBERRY,1
TRAVEL CARD WALLET FLOWER MEADOW,12 EGG HOUSE PAINTED WOOD,1
TRAVEL CARD WALLET FLOWER MEADOW,DOORMAT FANCY FONT HOME SWEET HOME,1
TRAVEL CARD WALLET FLOWER MEADOW,JUMBO BAG DOLLY GIRL DESIGN,1
TRAVEL CARD WALLET I LOVE LONDON,TRAVEL CARD WALLET RETROSPOT,3
TRAVEL CARD WALLET I LOVE LONDON,TRAVEL CARD WALLET KEEP CALM,3
TRAVEL CARD WALLET I LOVE LONDON,TRAVEL CARD WALLET PANTRY,2
TRAVEL CARD WALLET I LOVE LONDON,TRAVEL CARD WALLET TRANSPORT,2
TRAVEL CARD WALLET I LOVE LONDON,TRAVEL CARD WALLET UNION JACK,2
TRAVEL CARD WALLET KEEP CALM,TRAVEL CARD WALLET I LOVE LONDON,3
TRAVEL CARD WALLET KEEP CALM,TRAVEL CARD WALLET RETROSPOT,3
TRAVEL CARD WALLET KEEP CALM,TRAVEL CARD WALLET VINTAGE TICKET,3
TRAVEL CARD WALLET KEEP CALM,HERB MARKER BASIL,2
TRAVEL CARD WALLET KEEP CALM,HERB MARKER CHIVES,2
TRAVEL CARD WALLET PANTRY,TRAVEL CARD WALLET I LOVE LONDON,2
TRAVEL CARD WALLET PANTRY,TRAVEL CARD WALLET KEEP CALM,2
TRAVEL CARD WALLET PANTRY,TRAVEL CARD WALLET RETROSPOT,2
TRAVEL CARD WALLET PANTRY,HERB MARKER ROSEMARY,1
TRAVEL CARD WALLET PANTRY,COOK WITH WINE METAL SIGN,1
TRAVEL CARD WALLET RETRO PETALS,JUMBO SHOPPER VINTAGE RED PAISLEY,1
TRAVEL CARD WALLET RETRO PETALS,LUNCH BAG VINTAGE LEAF DESIGN,1
TRAVEL CARD WALLET RETRO PETALS,DOLLY GIRL LUNCH BOX,1
TRAVEL CARD WALLET RETRO PETALS,JUMBO BAG STRAWBERRY,1
TRAVEL CARD WALLET RETRO PETALS,JUMBO BAG DOLLY GIRL DESIGN,1
TRAVEL CARD WALLET RETROSPOT,TRAVEL CARD WALLET KEEP CALM,3
TRAVEL CARD WALLET RETROSPOT,TRAVEL CARD WALLET I LOVE LONDON,3
TRAVEL CARD WALLET RETROSPOT,TRAVEL CARD WALLET VINTAGE TICKET,3
TRAVEL CARD WALLET RETROSPOT,LUNCH BAG DOILEY PATTERN,2
TRAVEL CARD WALLET RETROSPOT,JUMBO BAG VINTAGE LEAF,2
TRAVEL CARD WALLET SKULLS,LOVELY BONBON STICKER SHEET,1
TRAVEL CARD WALLET SKULLS,DOG TOY WITH PINK CROCHET SKIRT,1
TRAVEL CARD WALLET SKULLS,CARD CHRISTMAS VILLAGE,1
TRAVEL CARD WALLET SKULLS,HOT BATHS METAL SIGN,1
TRAVEL CARD WALLET SKULLS,GARLAND WITH HEARTS AND BELLS,1
TRAVEL CARD WALLET SUKI,LUNCH BAG APPLE DESIGN,2
TRAVEL CARD WALLET SUKI,LUNCH BOX I LOVE LONDON,2
TRAVEL CARD WALLET SUKI,LUNCH BAG DOILEY PATTERN,2
TRAVEL CARD WALLET SUKI,SET OF 60 I LOVE LONDON CAKE CASES,2
TRAVEL CARD WALLET SUKI,SET OF 60 VINTAGE LEAF CAKE CASES,2
TRAVEL CARD WALLET TRANSPORT,LUNCH BAG DOILEY PATTERN,2
TRAVEL CARD WALLET TRANSPORT,JUMBO SHOPPER VINTAGE RED PAISLEY,2
TRAVEL CARD WALLET TRANSPORT,6 RIBBONS RUSTIC CHARM,2
TRAVEL CARD WALLET TRANSPORT,LUNCH BOX I LOVE LONDON,2
TRAVEL CARD WALLET TRANSPORT,RETROSPOT CIGAR BOX MATCHES,2
TRAVEL CARD WALLET UNION JACK,TRAVEL CARD WALLET I LOVE LONDON,2
TRAVEL CARD WALLET UNION JACK,TRAVEL CARD WALLET KEEP CALM,2
TRAVEL CARD WALLET UNION JACK,TRAVEL CARD WALLET RETROSPOT,2
TRAVEL CARD WALLET UNION JACK,TRAVEL CARD WALLET TRANSPORT,2
TRAVEL CARD WALLET UNION JACK,TRAVEL CARD WALLET VINTAGE TICKET,2
TRAVEL CARD WALLET VINTAGE LEAF,TRAVEL CARD WALLET TRANSPORT,2
TRAVEL CARD WALLET VINTAGE LEAF,GLASS APOTHECARY BOTTLE PERFUME,1
TRAVEL CARD WALLET VINTAGE LEAF,CHOCOLATE HOT WATER BOTTLE,1
TRAVEL CARD WALLET VINTAGE LEAF,CHILDRENS CUTLERY SPACEBOY,1
TRAVEL CARD WALLET VINTAGE LEAF,COWBOYS AND INDIANS BIRTHDAY CARD,1
TRAVEL CARD WALLET VINTAGE ROSE,HERB MARKER MINT,1
TRAVEL CARD WALLET VINTAGE ROSE,HEART DECORATION PAINTED ZINC,1
TRAVEL CARD WALLET VINTAGE ROSE,ALARM CLOCK BAKELIKE CHOCOLATE,1
TRAVEL CARD WALLET VINTAGE ROSE,HERB MARKER PARSLEY,1
TRAVEL CARD WALLET VINTAGE ROSE,EDWARDIAN PARASOL RED,1
TRAVEL CARD WALLET VINTAGE TICKET,TRAVEL CARD WALLET KEEP CALM,3
TRAVEL CARD WALLET VINTAGE TICKET,TRAVEL CARD WALLET RETROSPOT,3
TRAVEL CARD WALLET VINTAGE TICKET,JUMBO SHOPPER VINTAGE RED PAISLEY,2
TRAVEL CARD WALLET VINTAGE TICKET,LUNCH BAG DOILEY PATTERN,2
TRAVEL CARD WALLET VINTAGE TICKET,JUMBO BAG VINTAGE LEAF,2
TRAVEL SEWING KIT,ENGLISH ROSE GARDEN SECATEURS,2
TRAVEL SEWING KIT,GIN + TONIC DIET METAL SIGN,2
TRAVEL SEWING KIT,GARDENERS KNEELING PAD KEEP CALM,2
TRAVEL SEWING KIT,GARDENERS KNEELING PAD CUP OF TEA,2
TRAVEL SEWING KIT,CERAMIC HEART FAIRY CAKE MONEY BANK,2
TREASURE TIN BUFFALO BILL,WHITE HANGING HEART T-LIGHT HOLDER,2
TREASURE TIN BUFFALO BILL,SPOTTY BUNTING,2
TREASURE TIN BUFFALO BILL,TREASURE TIN GYMKHANA DESIGN,2
TREASURE TIN BUFFALO BILL,CHILDRENS CUTLERY POLKADOT PINK,2
TREASURE TIN BUFFALO BILL,CHILDRENS CUTLERY RETROSPOT RED,2
TREASURE TIN GYMKHANA DESIGN,JUMBO STORAGE BAG SUKI,4
TREASURE TIN GYMKHANA DESIGN,LUNCH BAG APPLE DESIGN,4
TREASURE TIN GYMKHANA DESIGN,HOT BATHS METAL SIGN,3
TREASURE TIN GYMKHANA DESIGN,LUNCH BAG RED RETROSPOT,3
TREASURE TIN GYMKHANA DESIGN,LUNCH BAG  BLACK SKULL.,3
TREE T-LIGHT HOLDER WILLIE WINKIE,JAM JAR WITH PINK LID,1
TREE T-LIGHT HOLDER WILLIE WINKIE,HANGING HEART ZINC T-LIGHT HOLDER,1
TREE T-LIGHT HOLDER WILLIE WINKIE,ZINC METAL HEART DECORATION,1
TREE T-LIGHT HOLDER WILLIE WINKIE,ANTIQUE SILVER T-LIGHT GLASS,1
TREE T-LIGHT HOLDER WILLIE WINKIE,ZINC T-LIGHT HOLDER STARS SMALL,1
TRELLIS COAT RACK,LOVELY BONBON STICKER SHEET,1
TRELLIS COAT RACK,DOG TOY WITH PINK CROCHET SKIRT,1
TRELLIS COAT RACK,CARD CHRISTMAS VILLAGE,1
TRELLIS COAT RACK,HOT BATHS METAL SIGN,1
TRELLIS COAT RACK,GARLAND WITH HEARTS AND BELLS,1
TRIPLE HOOK ANTIQUE IVORY ROSE,ENAMEL FLOWER JUG CREAM,2
TRIPLE HOOK ANTIQUE IVORY ROSE,HERB MARKER ROSEMARY,2
TRIPLE HOOK ANTIQUE IVORY ROSE,ZINC METAL HEART DECORATION,2
TRIPLE HOOK ANTIQUE IVORY ROSE,HERB MARKER PARSLEY,2
TRIPLE HOOK ANTIQUE IVORY ROSE,HAND OVER THE CHOCOLATE   SIGN,2
TRIPLE PHOTO FRAME CORNICE,EDWARDIAN HEART PHOTO FRAME,1
TRIPLE PHOTO FRAME CORNICE,HEART CALCULATOR,1
TRIPLE PHOTO FRAME CORNICE,FILIGRIS HEART WITH BUTTERFLY,1
TRIPLE PHOTO FRAME CORNICE,EGG FRYING PAN RED,1
TRIPLE PHOTO FRAME CORNICE,FAMILY ALBUM WHITE PICTURE FRAME,1
TRIPLE WIRE HOOK IVORY HEART,IVORY WIRE SWEETHEART LETTER TRAY,1
TRIPLE WIRE HOOK IVORY HEART,CREAM WALL PLANTER HEART SHAPED,1
TRIPLE WIRE HOOK IVORY HEART,LARGE IVORY HEART WALL ORGANISER,1
TRIPLE WIRE HOOK IVORY HEART,BOX OF 24 COCKTAIL PARASOLS,1
TRIPLE WIRE HOOK IVORY HEART,IVORY WIRE KITCHEN ORGANISER,1
TRIPLE WIRE HOOK PINK HEART,PINK FAIRY CAKE CHILDRENS APRON,2
TRIPLE WIRE HOOK PINK HEART,CREAM WALL PLANTER HEART SHAPED,1
TRIPLE WIRE HOOK PINK HEART,BEADED CRYSTAL HEART PINK LARGE,1
TRIPLE WIRE HOOK PINK HEART,GINGHAM HEART  DOORSTOP RED,1
TRIPLE WIRE HOOK PINK HEART,IVORY HANGING DECORATION  HEART,1
TROPICAL  HONEYCOMB PAPER GARLAND,LARGE TORTILLA DESIGN RED BOWL,1
TROPICAL  HONEYCOMB PAPER GARLAND,CONDIMENT TRAY 4 BOWLS AND 4 SPOONS,1
TROPICAL  HONEYCOMB PAPER GARLAND,HANGING JAM JAR T-LIGHT HOLDER,1
TROPICAL  HONEYCOMB PAPER GARLAND,CHILLI LIGHTS,1
TROPICAL  HONEYCOMB PAPER GARLAND,PAPER BUNTING COLOURED LACE,1
TROPICAL PASSPORT COVER,HERB MARKER MINT,1
TROPICAL PASSPORT COVER,HEART DECORATION PAINTED ZINC,1
TROPICAL PASSPORT COVER,ALARM CLOCK BAKELIKE CHOCOLATE,1
TROPICAL PASSPORT COVER,HERB MARKER PARSLEY,1
TROPICAL PASSPORT COVER,EDWARDIAN PARASOL RED,1
TUMBLER NEW ENGLAND,BREAD BIN DINER STYLE MINT,1
TUMBLER NEW ENGLAND,BREAD BIN DINER STYLE PINK,1
TUMBLER NEW ENGLAND,FLOOR LAMP SHADE WOOD BASE,1
TUMBLER NEW ENGLAND,GLASS  BEURRE DISH,1
TUMBLER NEW ENGLAND,BLUE & WHITE BREAKFAST TRAY,1
"TUMBLER, BAROQUE",CHARLIE AND LOLA FIGURES TINS,1
"TUMBLER, BAROQUE",CHARLIE AND LOLA TABLE TINS,1
"TUMBLER, BAROQUE",BISCUITS SMALL BOWL LIGHT BLUE,1
"TUMBLER, BAROQUE",GLASS CHALICE GREEN  SMALL,1
"TUMBLER, BAROQUE",JARDIN ETCHED GLASS LARGE BELL JAR,1
"TUMBLER, NEW ENGLAND",CHARLIE AND LOLA FIGURES TINS,1
"TUMBLER, NEW ENGLAND",CHARLIE AND LOLA TABLE TINS,1
"TUMBLER, NEW ENGLAND",BISCUITS SMALL BOWL LIGHT BLUE,1
"TUMBLER, NEW ENGLAND",GLASS CHALICE GREEN  SMALL,1
"TUMBLER, NEW ENGLAND",JARDIN ETCHED GLASS LARGE BELL JAR,1
TUSCAN VILLA DOVECOTE,ALARM CLOCK BAKELIKE IVORY,1
TUSCAN VILLA DOVECOTE,ANTIQUE SILVER BAUBLE LAMP,1
TUSCAN VILLA DOVECOTE,HAND WARMER SCOTTY DOG DESIGN,1
TUSCAN VILLA DOVECOTE,GARDENERS KNEELING PAD CUP OF TEA,1
TUSCAN VILLA DOVECOTE,CARD HOLDER GINGHAM HEART,1
TUSCAN VILLA FEEDING STATION,GARDENERS KNEELING PAD CUP OF TEA,2
TUSCAN VILLA FEEDING STATION,GARDENERS KNEELING PAD KEEP CALM,2
TUSCAN VILLA FEEDING STATION,CHRISTMAS TABLE SILVER CANDLE SPIKE,1
TUSCAN VILLA FEEDING STATION,JUMBO BAG VINTAGE CHRISTMAS,1
TUSCAN VILLA FEEDING STATION,HAND OVER THE CHOCOLATE   SIGN,1
TV DINNER TRAY AIR HOSTESS,60 CAKE CASES DOLLY GIRL DESIGN,1
TV DINNER TRAY AIR HOSTESS,FRENCH WC SIGN BLUE METAL,1
TV DINNER TRAY AIR HOSTESS,60 TEATIME FAIRY CAKE CASES,1
TV DINNER TRAY AIR HOSTESS,12 PENCIL SMALL TUBE WOODLAND,1
TV DINNER TRAY AIR HOSTESS,FRIDGE MAGNETS LA VIE EN ROSE,1
TV DINNER TRAY DOLLY GIRL,BOX OF VINTAGE ALPHABET BLOCKS,1
TV DINNER TRAY DOLLY GIRL,CAKE STAND 3 TIER MAGIC GARDEN,1
TV DINNER TRAY DOLLY GIRL,CHILDREN'S CIRCUS PARADE MUG,1
TV DINNER TRAY DOLLY GIRL,MINI PAINT SET VINTAGE,1
TV DINNER TRAY DOLLY GIRL,PACK OF 60 PINK PAISLEY CAKE CASES,1
TV DINNER TRAY VINTAGE PAISLEY,BEADED CRYSTAL HEART PINK LARGE,1
TV DINNER TRAY VINTAGE PAISLEY,IF YOU CAN'T STAND THE HEAT MUG,1
TV DINNER TRAY VINTAGE PAISLEY,BEWARE OF THE CAT METAL SIGN,1
TV DINNER TRAY VINTAGE PAISLEY,ENCHANTED BIRD COATHANGER 5 HOOK,1
TV DINNER TRAY VINTAGE PAISLEY,MAGNETS PACK OF 4 VINTAGE LABELS,1
TWO DOOR CURIO CABINET,GUMBALL COAT RACK,2
TWO DOOR CURIO CABINET,FOUR HOOK  WHITE LOVEBIRDS,2
TWO DOOR CURIO CABINET,WRAP CIRCUS PARADE,1
TWO DOOR CURIO CABINET,3D CHRISTMAS STAMPS STICKERS,1
TWO DOOR CURIO CABINET,WRAP ENGLISH ROSE,1
UNION JACK FLAG LUGGAGE TAG,PLASTERS IN TIN SPACEBOY,2
UNION JACK FLAG LUGGAGE TAG,TRAVEL SEWING KIT,2
UNION JACK FLAG LUGGAGE TAG,UNION JACK FLAG PASSPORT COVER,2
UNION JACK FLAG LUGGAGE TAG,CHARLOTTE BAG SUKI DESIGN,1
UNION JACK FLAG LUGGAGE TAG,12 PENCILS SMALL TUBE RED RETROSPOT,1
UNION JACK FLAG PASSPORT COVER,PLASTERS IN TIN SPACEBOY,2
UNION JACK FLAG PASSPORT COVER,TRAVEL SEWING KIT,2
UNION JACK FLAG PASSPORT COVER,UNION JACK FLAG LUGGAGE TAG,2
UNION JACK FLAG PASSPORT COVER,CHARLOTTE BAG SUKI DESIGN,1
UNION JACK FLAG PASSPORT COVER,12 PENCILS SMALL TUBE RED RETROSPOT,1
UNION STRIPE CUSHION COVER,PACK OF 72 RETROSPOT CAKE CASES,2
UNION STRIPE CUSHION COVER,SET/10 PINK POLKADOT PARTY CANDLES,2
UNION STRIPE CUSHION COVER,BLUE HAPPY BIRTHDAY BUNTING,1
UNION STRIPE CUSHION COVER,HOME SWEET HOME 3 PEG HANGER,1
UNION STRIPE CUSHION COVER,CHILLI LIGHTS,1
UNION STRIPE WITH FRINGE  HAMMOCK,JUMBO BAG RED RETROSPOT,2
UNION STRIPE WITH FRINGE  HAMMOCK,BROCADE RING PURSE,1
UNION STRIPE WITH FRINGE  HAMMOCK,LUNCH BAG CARS BLUE,1
UNION STRIPE WITH FRINGE  HAMMOCK,I'M ON HOLIDAY METAL SIGN,1
UNION STRIPE WITH FRINGE  HAMMOCK,FRENCH LATTICE CUSHION COVER,1
URBAN BLACK RIBBONS,CHRISTMAS LIGHTS 10 REINDEER,2
URBAN BLACK RIBBONS,6 RIBBONS EMPIRE,2
URBAN BLACK RIBBONS,FELTCRAFT DOLL MOLLY,2
URBAN BLACK RIBBONS,6 RIBBONS SHIMMERING PINKS,2
URBAN BLACK RIBBONS,LARGE WHITE HEART OF WICKER,2
VANILLA INCENSE 40 CONES IN TIN,BROWN  PIRATE TREASURE CHEST,1
VANILLA INCENSE 40 CONES IN TIN,6 RIBBONS EMPIRE,1
VANILLA INCENSE 40 CONES IN TIN,6 RIBBONS RUSTIC CHARM,1
VANILLA INCENSE 40 CONES IN TIN,CERAMIC CAKE DESIGN SPOTTED PLATE,1
VANILLA INCENSE 40 CONES IN TIN,BLUE  DIAMANTE PEN IN GIFT BOX,1
VANILLA INCENSE IN TIN,CARD SUKI BIRTHDAY,1
VANILLA INCENSE IN TIN,BLUE POLKADOT WRAP,1
VANILLA INCENSE IN TIN,ASSORTED INCENSE PACK,1
VANILLA INCENSE IN TIN,WRAP SUKI AND FRIENDS,1
VANILLA INCENSE IN TIN,PAPER BUNTING COLOURED LACE,1
VICTORIAN  METAL POSTCARD SPRING,HOT WATER BOTTLE I AM SO POORLY,1
VICTORIAN  METAL POSTCARD SPRING,GLASS JAR ENGLISH CONFECTIONERY,1
VICTORIAN  METAL POSTCARD SPRING,COSY HOUR CIGAR BOX MATCHES,1
VICTORIAN  METAL POSTCARD SPRING,BICYCLE PUNCTURE REPAIR KIT,1
VICTORIAN  METAL POSTCARD SPRING,GLASS JAR PEACOCK BATH SALTS,1
VICTORIAN GLASS HANGING T-LIGHT,LUNCH BAG DOLLY GIRL DESIGN,2
VICTORIAN GLASS HANGING T-LIGHT,"FANCY FONT BIRTHDAY CARD,",2
VICTORIAN GLASS HANGING T-LIGHT,COLOUR GLASS T-LIGHT HOLDER HANGING,2
VICTORIAN GLASS HANGING T-LIGHT,RED  HARMONICA IN BOX,2
VICTORIAN GLASS HANGING T-LIGHT,SET/5 RED RETROSPOT LID GLASS BOWLS,2
VICTORIAN SEWING BOX MEDIUM,IVORY KITCHEN SCALES,1
VICTORIAN SEWING BOX MEDIUM,CHRISTMAS CRAFT TREE TOP ANGEL,1
VICTORIAN SEWING BOX MEDIUM,CHRISTMAS CRAFT WHITE FAIRY,1
VICTORIAN SEWING BOX MEDIUM,ENAMEL BREAD BIN CREAM,1
VICTORIAN SEWING BOX MEDIUM,LARGE MEDINA STAMPED METAL BOWL,1
VINTAGE  2 METER FOLDING RULER,HOT WATER BOTTLE TEA AND SYMPATHY,2
VINTAGE  2 METER FOLDING RULER,LUNCH BAG VINTAGE DOILY,2
VINTAGE  2 METER FOLDING RULER,HAND WARMER RED LOVE HEART,1
VINTAGE  2 METER FOLDING RULER,JUMBO BAG APPLES,1
VINTAGE  2 METER FOLDING RULER,HOT WATER BOTTLE I AM SO POORLY,1
VINTAGE BEAD COSMETIC BAG,LOVELY BONBON STICKER SHEET,1
VINTAGE BEAD COSMETIC BAG,DOG TOY WITH PINK CROCHET SKIRT,1
VINTAGE BEAD COSMETIC BAG,CARD CHRISTMAS VILLAGE,1
VINTAGE BEAD COSMETIC BAG,HOT BATHS METAL SIGN,1
VINTAGE BEAD COSMETIC BAG,GARLAND WITH HEARTS AND BELLS,1
VINTAGE BEAD NOTEBOOK,HERB MARKER MINT,1
VINTAGE BEAD NOTEBOOK,HEART DECORATION PAINTED ZINC,1
VINTAGE BEAD NOTEBOOK,ALARM CLOCK BAKELIKE CHOCOLATE,1
VINTAGE BEAD NOTEBOOK,HERB MARKER PARSLEY,1
VINTAGE BEAD NOTEBOOK,EDWARDIAN PARASOL RED,1
VINTAGE BEAD PINK SCARF,CAKES AND BOWS GIFT  TAPE,1
VINTAGE BEAD PINK SCARF,LARGE CAKE TOWEL PINK SPOTS,1
VINTAGE BEAD PINK SCARF,LOVE HEART POCKET WARMER,1
VINTAGE BEAD PINK SCARF,LARGE CAKE TOWEL CHOCOLATE SPOTS,1
VINTAGE BEAD PINK SCARF,HAND TOWEL PALE BLUE W FLOWERS,1
VINTAGE BILLBOARD DRINK ME MUG,FOUR HOOK  WHITE LOVEBIRDS,2
VINTAGE BILLBOARD DRINK ME MUG,PARTY METAL SIGN,2
VINTAGE BILLBOARD DRINK ME MUG,JUMBO BAG WOODLAND ANIMALS,1
VINTAGE BILLBOARD DRINK ME MUG,FRENCH KITCHEN SIGN BLUE METAL,1
VINTAGE BILLBOARD DRINK ME MUG,12 PENCIL SMALL TUBE WOODLAND,1
VINTAGE BILLBOARD LOVE/HATE MUG,VINTAGE RED TEATIME MUG,2
VINTAGE BILLBOARD LOVE/HATE MUG,RETRO MOD TRAY,2
VINTAGE BILLBOARD LOVE/HATE MUG,SINGLE HEART ZINC T-LIGHT HOLDER,2
VINTAGE BILLBOARD LOVE/HATE MUG,KINGS CHOICE MUG,2
VINTAGE BILLBOARD LOVE/HATE MUG,HOT BATHS METAL SIGN,2
VINTAGE BILLBOARD MUG,BEWARE OF THE CAT METAL SIGN,1
VINTAGE BILLBOARD MUG,HERB MARKER PARSLEY,1
VINTAGE BILLBOARD MUG,HERB MARKER ROSEMARY,1
VINTAGE BILLBOARD MUG,HERB MARKER THYME,1
VINTAGE BILLBOARD MUG,CLASSIC GLASS COOKIE JAR,1
VINTAGE CARAVAN GIFT WRAP,60 CAKE CASES DOLLY GIRL DESIGN,1
VINTAGE CARAVAN GIFT WRAP,FRENCH WC SIGN BLUE METAL,1
VINTAGE CARAVAN GIFT WRAP,60 TEATIME FAIRY CAKE CASES,1
VINTAGE CARAVAN GIFT WRAP,12 PENCIL SMALL TUBE WOODLAND,1
VINTAGE CARAVAN GIFT WRAP,FRIDGE MAGNETS LA VIE EN ROSE,1
VINTAGE CARAVAN GREETING CARD,CARD GINGHAM ROSE,2
VINTAGE CARAVAN GREETING CARD,EMPIRE BIRTHDAY CARD,2
VINTAGE CARAVAN GREETING CARD,72 SWEETHEART FAIRY CAKE CASES,2
VINTAGE CARAVAN GREETING CARD,RAINY LADIES BIRTHDAY CARD,2
VINTAGE CARAVAN GREETING CARD,SINGLE HEART ZINC T-LIGHT HOLDER,2
VINTAGE CHRISTMAS BUNTING,LUNCH BAG CARS BLUE,2
VINTAGE CHRISTMAS BUNTING,LUNCH BAG  BLACK SKULL.,2
VINTAGE CHRISTMAS BUNTING,LUNCH BAG WOODLAND,2
VINTAGE CHRISTMAS BUNTING,LADIES & GENTLEMEN METAL SIGN,2
VINTAGE CHRISTMAS BUNTING,JUMBO BAG 50'S CHRISTMAS,2
VINTAGE CHRISTMAS CAKE FRILL,BISCUIT TIN 50'S CHRISTMAS,1
VINTAGE CHRISTMAS CAKE FRILL,3D CHRISTMAS STAMPS STICKERS,1
VINTAGE CHRISTMAS CAKE FRILL,3D TRADITIONAL CHRISTMAS STICKERS,1
VINTAGE CHRISTMAS CAKE FRILL,6 GIFT TAGS VINTAGE CHRISTMAS,1
VINTAGE CHRISTMAS CAKE FRILL,HEART SHAPED HOLLY WREATH,1
VINTAGE CHRISTMAS GIFT BAG LARGE,3D CHRISTMAS STAMPS STICKERS,3
VINTAGE CHRISTMAS GIFT BAG LARGE,6 GIFT TAGS VINTAGE CHRISTMAS,3
VINTAGE CHRISTMAS GIFT BAG LARGE,3D VINTAGE CHRISTMAS STICKERS,2
VINTAGE CHRISTMAS GIFT BAG LARGE,VINTAGE CHRISTMAS PAPER GIFT BAG,2
VINTAGE CHRISTMAS GIFT BAG LARGE,3D TRADITIONAL CHRISTMAS STICKERS,2
VINTAGE CHRISTMAS GIFT SACK,3D CHRISTMAS STAMPS STICKERS,2
VINTAGE CHRISTMAS GIFT SACK,SET OF 2 CHRISTMAS DECOUPAGE CANDLE,2
VINTAGE CHRISTMAS GIFT SACK,6 GIFT TAGS VINTAGE CHRISTMAS,2
VINTAGE CHRISTMAS GIFT SACK,JUMBO BAG 50'S CHRISTMAS,2
VINTAGE CHRISTMAS GIFT SACK,PAPER CHAIN KIT 50'S CHRISTMAS,2
VINTAGE CHRISTMAS PAPER GIFT BAG,3D CHRISTMAS STAMPS STICKERS,2
VINTAGE CHRISTMAS PAPER GIFT BAG,3D VINTAGE CHRISTMAS STICKERS,2
VINTAGE CHRISTMAS PAPER GIFT BAG,6 GIFT TAGS 50'S CHRISTMAS,2
VINTAGE CHRISTMAS PAPER GIFT BAG,50'S CHRISTMAS GIFT BAG LARGE,2
VINTAGE CHRISTMAS PAPER GIFT BAG,50'S CHRISTMAS PAPER GIFT BAG,2
VINTAGE CHRISTMAS STOCKING,3D TRADITIONAL CHRISTMAS STICKERS,3
VINTAGE CHRISTMAS STOCKING,3D CHRISTMAS STAMPS STICKERS,3
VINTAGE CHRISTMAS STOCKING,36 DOILIES VINTAGE CHRISTMAS,2
VINTAGE CHRISTMAS STOCKING,3D VINTAGE CHRISTMAS STICKERS,2
VINTAGE CHRISTMAS STOCKING,SET OF 3 WOODEN SLEIGH DECORATIONS,2
VINTAGE CHRISTMAS TABLECLOTH,PAPER CHAIN KIT VINTAGE CHRISTMAS,2
VINTAGE CHRISTMAS TABLECLOTH,SET OF 2 CHRISTMAS DECOUPAGE CANDLE,2
VINTAGE CHRISTMAS TABLECLOTH,ROLL WRAP 50'S CHRISTMAS,2
VINTAGE CHRISTMAS TABLECLOTH,ROLL WRAP 50'S RED CHRISTMAS,2
VINTAGE CHRISTMAS TABLECLOTH,TREASURE TIN GYMKHANA DESIGN,2
VINTAGE COFFEE GRINDER BOX,IVORY KITCHEN SCALES,1
VINTAGE COFFEE GRINDER BOX,CHRISTMAS CRAFT TREE TOP ANGEL,1
VINTAGE COFFEE GRINDER BOX,CHRISTMAS CRAFT WHITE FAIRY,1
VINTAGE COFFEE GRINDER BOX,ENAMEL BREAD BIN CREAM,1
VINTAGE COFFEE GRINDER BOX,LARGE MEDINA STAMPED METAL BOWL,1
VINTAGE CREAM 3 BASKET CAKE STAND,HAND WARMER BIRD DESIGN,1
VINTAGE CREAM 3 BASKET CAKE STAND,BLUE POLKADOT BOWL,1
VINTAGE CREAM 3 BASKET CAKE STAND,12 EGG HOUSE PAINTED WOOD,1
VINTAGE CREAM 3 BASKET CAKE STAND,BLACK CHRISTMAS TREE 120CM,1
VINTAGE CREAM 3 BASKET CAKE STAND,BREAD BIN DINER STYLE IVORY,1
VINTAGE CREAM CAT FOOD CONTAINER,NATURAL SLATE RECTANGLE CHALKBOARD,2
VINTAGE CREAM CAT FOOD CONTAINER,IVORY SWEETHEART WIRE LETTER RACK,1
VINTAGE CREAM CAT FOOD CONTAINER,BUTTON BOX,1
VINTAGE CREAM CAT FOOD CONTAINER,IVORY WIRE SWEETHEART LETTER TRAY,1
VINTAGE CREAM CAT FOOD CONTAINER,GOLD STANDING GNOME,1
VINTAGE CREAM DOG FOOD CONTAINER,BISCUIT TIN VINTAGE GREEN,1
VINTAGE CREAM DOG FOOD CONTAINER,BISCUIT TIN VINTAGE RED,1
VINTAGE CREAM DOG FOOD CONTAINER,CREAM SWEETHEART EGG HOLDER,1
VINTAGE CREAM DOG FOOD CONTAINER,EASTER DECORATION NATURAL CHICK,1
VINTAGE CREAM DOG FOOD CONTAINER,HANGING HEN ON NEST DECORATION,1
VINTAGE DOILY DELUXE SEWING KIT,WHITE SKULL HOT WATER BOTTLE,2
VINTAGE DOILY DELUXE SEWING KIT,WHITE HANGING HEART T-LIGHT HOLDER,2
VINTAGE DOILY DELUXE SEWING KIT,TRADITIONAL KNITTING NANCY,2
VINTAGE DOILY DELUXE SEWING KIT,JUMBO BAG RED RETROSPOT,2
VINTAGE DOILY DELUXE SEWING KIT,METAL SIGN DROP YOUR PANTS,2
VINTAGE DOILY JUMBO BAG RED,WHITE SKULL HOT WATER BOTTLE,2
VINTAGE DOILY JUMBO BAG RED,RETROSPOT HEART HOT WATER BOTTLE,2
VINTAGE DOILY JUMBO BAG RED,SCOTTIE DOG HOT WATER BOTTLE,2
VINTAGE DOILY JUMBO BAG RED,JUMBO STORAGE BAG SUKI,2
VINTAGE DOILY JUMBO BAG RED,HAND WARMER BABUSHKA DESIGN,2
VINTAGE DOILY TRAVEL SEWING KIT,JAM MAKING SET PRINTED,3
VINTAGE DOILY TRAVEL SEWING KIT,SET OF 3 WOODEN SLEIGH DECORATIONS,3
VINTAGE DOILY TRAVEL SEWING KIT,EGG CUP MILKMAID HEIDI,2
VINTAGE DOILY TRAVEL SEWING KIT,HOT BATHS METAL SIGN,2
VINTAGE DOILY TRAVEL SEWING KIT,JUMBO BAG 50'S CHRISTMAS,2
VINTAGE DONKEY TAIL GAME,ALARM CLOCK BAKELIKE PINK,2
VINTAGE DONKEY TAIL GAME,SET OF 4 KNICK KNACK TINS LONDON,2
VINTAGE DONKEY TAIL GAME,TREASURE TIN GYMKHANA DESIGN,2
VINTAGE DONKEY TAIL GAME,MAGNETS PACK OF 4 CHILDHOOD MEMORY,1
VINTAGE DONKEY TAIL GAME,FELTCRAFT HAIRBAND PINK AND BLUE,1
VINTAGE EMBOSSED HEART,LUNCH BAG APPLE DESIGN,2
VINTAGE EMBOSSED HEART,LUNCH BOX I LOVE LONDON,2
VINTAGE EMBOSSED HEART,LUNCH BAG DOILEY PATTERN,2
VINTAGE EMBOSSED HEART,SET OF 60 I LOVE LONDON CAKE CASES,2
VINTAGE EMBOSSED HEART,SET OF 60 VINTAGE LEAF CAKE CASES,2
VINTAGE GLASS T-LIGHT HOLDER,SET OF 12 FAIRY CAKE BAKING CASES,2
VINTAGE GLASS T-LIGHT HOLDER,SET OF 6 SNACK LOAF BAKING CASES,2
VINTAGE GLASS T-LIGHT HOLDER,EMERGENCY FIRST AID TIN,1
VINTAGE GLASS T-LIGHT HOLDER,LOVE BUILDING BLOCK WORD,1
VINTAGE GLASS T-LIGHT HOLDER,BIRD HOUSE HOT WATER BOTTLE,1
VINTAGE HEADS AND TAILS CARD GAME,BOX OF VINTAGE ALPHABET BLOCKS,2
VINTAGE HEADS AND TAILS CARD GAME,WOODEN SCHOOL COLOURING SET,2
VINTAGE HEADS AND TAILS CARD GAME,12 EGG HOUSE PAINTED WOOD,1
VINTAGE HEADS AND TAILS CARD GAME,CLOCK MAGNET MUM'S KITCHEN,1
VINTAGE HEADS AND TAILS CARD GAME,CHILDREN'S CIRCUS PARADE MUG,1
VINTAGE JINGLE BELLS HEART,ANGEL DECORATION PAINTED ZINC,1
VINTAGE JINGLE BELLS HEART,50'S CHRISTMAS GIFT BAG LARGE,1
VINTAGE JINGLE BELLS HEART,IVORY WICKER HEART MEDIUM,1
VINTAGE JINGLE BELLS HEART,HEART OF WICKER SMALL,1
VINTAGE JINGLE BELLS HEART,DECORATIVE WICKER HEART LARGE,1
VINTAGE KID DOLLY CARD,SINGLE HEART ZINC T-LIGHT HOLDER,3
VINTAGE KID DOLLY CARD,RAINY LADIES BIRTHDAY CARD,2
VINTAGE KID DOLLY CARD,TEA PARTY BIRTHDAY CARD,2
VINTAGE KID DOLLY CARD,BATHROOM METAL SIGN,2
VINTAGE KID DOLLY CARD,WHITE HANGING HEART T-LIGHT HOLDER,2
VINTAGE LEAF MAGNETIC NOTEPAD,ZINC FOLKART SLEIGH BELLS,2
VINTAGE LEAF MAGNETIC NOTEPAD,HEART TRELLISTRIPLE T-LIGHT HOLDER,1
VINTAGE LEAF MAGNETIC NOTEPAD,ZINC METAL HEART DECORATION,1
VINTAGE LEAF MAGNETIC NOTEPAD,JAM JAR WITH PINK LID,1
VINTAGE LEAF MAGNETIC NOTEPAD,ZINC T-LIGHT HOLDER STARS SMALL,1
VINTAGE PAISLEY STATIONERY SET,RED GINGHAM ROSE JEWELLERY BOX,3
VINTAGE PAISLEY STATIONERY SET,HANGING QUILTED PATCHWORK APPLES,2
VINTAGE PAISLEY STATIONERY SET,GIRAFFE WOODEN RULER,2
VINTAGE PAISLEY STATIONERY SET,MODERN FLORAL STATIONERY SET,2
VINTAGE PAISLEY STATIONERY SET,REVOLVER WOODEN RULER,2
VINTAGE RED TEATIME MUG,HOT BATHS METAL SIGN,2
VINTAGE RED TEATIME MUG,GIN + TONIC DIET METAL SIGN,2
VINTAGE RED TEATIME MUG,LUNCH BAG WOODLAND,2
VINTAGE RED TEATIME MUG,METAL SIGN TAKE IT OR LEAVE IT,2
VINTAGE RED TEATIME MUG,VINTAGE BILLBOARD LOVE/HATE MUG,2
VINTAGE SEASIDE JIGSAW PUZZLES,LUNCH BAG WOODLAND,1
VINTAGE SEASIDE JIGSAW PUZZLES,MAKE YOUR OWN PLAYTIME CARD KIT,1
VINTAGE SEASIDE JIGSAW PUZZLES,JUNGLE POPSICLES ICE LOLLY MOULDS,1
VINTAGE SEASIDE JIGSAW PUZZLES,BUNDLE OF 3 ALPHABET EXERCISE BOOKS,1
VINTAGE SEASIDE JIGSAW PUZZLES,BUNDLE OF 3 RETRO NOTE BOOKS,1
VINTAGE SNAKES & LADDERS,PICTURE DOMINOES,2
VINTAGE SNAKES & LADDERS,PLASTERS IN TIN CIRCUS PARADE,2
VINTAGE SNAKES & LADDERS,PLASTERS IN TIN STRONGMAN,2
VINTAGE SNAKES & LADDERS,POPPY'S PLAYHOUSE LIVINGROOM,2
VINTAGE SNAKES & LADDERS,RED TOADSTOOL LED NIGHT LIGHT,2
VINTAGE SNAP CARDS,TRADITIONAL KNITTING NANCY,3
VINTAGE SNAP CARDS,LUNCH BAG CARS BLUE,2
VINTAGE SNAP CARDS,BAKING SET 9 PIECE RETROSPOT,2
VINTAGE SNAP CARDS,MINI PAINT SET VINTAGE,2
VINTAGE SNAP CARDS,HEADS AND TAILS SPORTING FUN,2
VINTAGE UNION JACK BUNTING,LUNCH BAG CARS BLUE,3
VINTAGE UNION JACK BUNTING,PACK OF 20 SKULL PAPER NAPKINS,3
VINTAGE UNION JACK BUNTING,JUMBO BAG WOODLAND ANIMALS,3
VINTAGE UNION JACK BUNTING,JUMBO STORAGE BAG SUKI,3
VINTAGE UNION JACK BUNTING,JUMBO BAG PINK VINTAGE PAISLEY,3
VINTAGE UNION JACK CUSHION COVER,LOVE HEART SOCK HANGER,1
VINTAGE UNION JACK CUSHION COVER,DAIRY MAID LARGE MILK JUG,1
VINTAGE UNION JACK CUSHION COVER,DAIRY MAID STRIPE MUG,1
VINTAGE UNION JACK CUSHION COVER,KINGS CHOICE MUG,1
VINTAGE UNION JACK CUSHION COVER,DAIRY MAID TRADITIONAL TEAPOT,1
VINTAGE UNION JACK DOORSTOP,DOORMAT WELCOME SUNRISE,1
VINTAGE UNION JACK DOORSTOP,HANGING METAL HEART LANTERN,1
VINTAGE UNION JACK DOORSTOP,IVORY HANGING DECORATION  HEART,1
VINTAGE UNION JACK DOORSTOP,EASTER CRAFT 4 CHICKS,1
VINTAGE UNION JACK DOORSTOP,PAPER BUNTING WHITE LACE,1
VINTAGE UNION JACK MEMOBOARD,KINGS CHOICE GIANT TUBE MATCHES,2
VINTAGE UNION JACK MEMOBOARD,FELTCRAFT PRINCESS LOLA DOLL,1
VINTAGE UNION JACK MEMOBOARD,BUNDLE OF 3 RETRO NOTE BOOKS,1
VINTAGE UNION JACK MEMOBOARD,BUNDLE OF 3 SCHOOL EXERCISE BOOKS,1
VINTAGE UNION JACK MEMOBOARD,HOME SWEET HOME KEY HOLDER,1
VINTAGE UNION JACK SHOPPING BAG,DOORMAT WELCOME SUNRISE,1
VINTAGE UNION JACK SHOPPING BAG,HANGING METAL HEART LANTERN,1
VINTAGE UNION JACK SHOPPING BAG,IVORY HANGING DECORATION  HEART,1
VINTAGE UNION JACK SHOPPING BAG,EASTER CRAFT 4 CHICKS,1
VINTAGE UNION JACK SHOPPING BAG,PAPER BUNTING WHITE LACE,1
VINYL RECORD FRAME SILVER,HERB MARKER MINT,1
VINYL RECORD FRAME SILVER,HEART DECORATION PAINTED ZINC,1
VINYL RECORD FRAME SILVER,ALARM CLOCK BAKELIKE CHOCOLATE,1
VINYL RECORD FRAME SILVER,HERB MARKER PARSLEY,1
VINYL RECORD FRAME SILVER,EDWARDIAN PARASOL RED,1
WAKE UP COCKEREL CALENDAR SIGN,JAZZ HEARTS PURSE NOTEBOOK,1
WAKE UP COCKEREL CALENDAR SIGN,COCKTAIL SWORDS 50 PIECES,1
WAKE UP COCKEREL CALENDAR SIGN,LIPSTICK PEN RED,1
WAKE UP COCKEREL CALENDAR SIGN,HEART DECORATION RUSTIC HANGING,1
WAKE UP COCKEREL CALENDAR SIGN,HEART T-LIGHT HOLDER WILLIE WINKIE,1
WALL ART 70'S ALPHABET,REX CASH+CARRY JUMBO SHOPPER,2
WALL ART 70'S ALPHABET,SPOTTY BUNTING,2
WALL ART 70'S ALPHABET,PAPER CHAIN KIT 50'S CHRISTMAS,2
WALL ART 70'S ALPHABET,3D CHRISTMAS STAMPS STICKERS,1
WALL ART 70'S ALPHABET,3D VINTAGE CHRISTMAS STICKERS,1
WALL ART BICYCLE SAFETY,CHRISTMAS LIGHTS 10 REINDEER,1
WALL ART BICYCLE SAFETY,LUNCH BAG DOLLY GIRL DESIGN,1
WALL ART BICYCLE SAFETY,FAWN BLUE HOT WATER BOTTLE,1
WALL ART BICYCLE SAFETY,LUNCH BAG SPACEBOY DESIGN,1
WALL ART BICYCLE SAFETY,CHILLI LIGHTS,1
WALL ART BIG LOVE,WRAP CHRISTMAS VILLAGE,1
WALL ART BIG LOVE,3D CHRISTMAS STAMPS STICKERS,1
WALL ART BIG LOVE,3D TRADITIONAL CHRISTMAS STICKERS,1
WALL ART BIG LOVE,3D VINTAGE CHRISTMAS STICKERS,1
WALL ART BIG LOVE,12 PENCILS SMALL TUBE SKULL,1
WALL ART CAT AND BIRD,LOVELY BONBON STICKER SHEET,1
WALL ART CAT AND BIRD,DOG TOY WITH PINK CROCHET SKIRT,1
WALL ART CAT AND BIRD,CARD CHRISTMAS VILLAGE,1
WALL ART CAT AND BIRD,HOT BATHS METAL SIGN,1
WALL ART CAT AND BIRD,GARLAND WITH HEARTS AND BELLS,1
WALL ART CLASSIC PUDDINGS,ROLL WRAP 50'S RED CHRISTMAS,2
WALL ART CLASSIC PUDDINGS,TREASURE TIN GYMKHANA DESIGN,2
WALL ART CLASSIC PUDDINGS,SET 12 COLOUR PENCILS LOVE LONDON,2
WALL ART CLASSIC PUDDINGS,SET OF 3 WOODEN SLEIGH DECORATIONS,2
WALL ART CLASSIC PUDDINGS,SET OF 3 WOODEN STOCKING DECORATION,2
WALL ART DOG AND BALL,FAIRY CAKE FLANNEL ASSORTED COLOUR,1
WALL ART DOG AND BALL,CINAMMON & ORANGE WREATH,1
WALL ART DOG AND BALL,GINGHAM HEART  DOORSTOP RED,1
WALL ART DOG AND BALL,GARDENERS KNEELING PAD CUP OF TEA,1
WALL ART DOG AND BALL,DOG BOWL VINTAGE CREAM,1
WALL ART DOG LICENCE,CHRISTMAS LIGHTS 10 REINDEER,2
WALL ART DOG LICENCE,LUNCH BAG SPACEBOY DESIGN,2
WALL ART DOG LICENCE,AREA PATROLLED METAL SIGN,2
WALL ART DOG LICENCE,LUNCH BAG  BLACK SKULL.,2
WALL ART DOG LICENCE,RABBIT NIGHT LIGHT,2
WALL ART KEEP CALM,WRAP CHRISTMAS VILLAGE,1
WALL ART KEEP CALM,3D CHRISTMAS STAMPS STICKERS,1
WALL ART KEEP CALM,3D TRADITIONAL CHRISTMAS STICKERS,1
WALL ART KEEP CALM,3D VINTAGE CHRISTMAS STICKERS,1
WALL ART KEEP CALM,12 PENCILS SMALL TUBE SKULL,1
WALL ART LOVES' SECRET,HOME BUILDING BLOCK WORD,1
WALL ART LOVES' SECRET,LONDON BUS COFFEE MUG,1
WALL ART LOVES' SECRET,GIANT 50'S CHRISTMAS CRACKER,1
WALL ART LOVES' SECRET,GREY HEART HOT WATER BOTTLE,1
WALL ART LOVES' SECRET,AGED GLASS SILVER T-LIGHT HOLDER,1
WALL ART ONLY ONE PERSON,ANGEL DECORATION PAINTED ZINC,1
WALL ART ONLY ONE PERSON,50'S CHRISTMAS GIFT BAG LARGE,1
WALL ART ONLY ONE PERSON,IVORY WICKER HEART MEDIUM,1
WALL ART ONLY ONE PERSON,HEART OF WICKER SMALL,1
WALL ART ONLY ONE PERSON,DECORATIVE WICKER HEART LARGE,1
WALL ART SPACEBOY,LOVELY BONBON STICKER SHEET,1
WALL ART SPACEBOY,DOG TOY WITH PINK CROCHET SKIRT,1
WALL ART SPACEBOY,CARD CHRISTMAS VILLAGE,1
WALL ART SPACEBOY,HOT BATHS METAL SIGN,1
WALL ART SPACEBOY,GARLAND WITH HEARTS AND BELLS,1
WALL ART STOP FOR TEA,SET OF 3 BIRD LIGHT PINK FEATHER,2
WALL ART STOP FOR TEA,WHITE SKULL HOT WATER BOTTLE,2
WALL ART STOP FOR TEA,RABBIT NIGHT LIGHT,2
WALL ART STOP FOR TEA,SPACEBOY MINI BACKPACK,2
WALL ART STOP FOR TEA,6 RIBBONS RUSTIC CHARM,2
WALL ART VILLAGE SHOW,6 RIBBONS RUSTIC CHARM,1
WALL ART VILLAGE SHOW,GREY HEART HOT WATER BOTTLE,1
WALL ART VILLAGE SHOW,HOME BUILDING BLOCK WORD,1
WALL ART VILLAGE SHOW,ZINC BOX SIGN HOME,1
WALL ART VILLAGE SHOW,HAND WARMER BIRD DESIGN,1
WALL ART VINTAGE HEART,6 RIBBONS RUSTIC CHARM,1
WALL ART VINTAGE HEART,GREY HEART HOT WATER BOTTLE,1
WALL ART VINTAGE HEART,HOME BUILDING BLOCK WORD,1
WALL ART VINTAGE HEART,ZINC BOX SIGN HOME,1
WALL ART VINTAGE HEART,HAND WARMER BIRD DESIGN,1
WALL TIDY RETROSPOT,HEART IVORY TRELLIS SMALL,2
WALL TIDY RETROSPOT,DOORMAT KEEP CALM AND COME IN,1
WALL TIDY RETROSPOT,LUNCH BOX I LOVE LONDON,1
WALL TIDY RETROSPOT,GUMBALL COAT RACK,1
WALL TIDY RETROSPOT,JUMBO BAG WOODLAND ANIMALS,1
WASH BAG VINTAGE ROSE PAISLEY,LOVE HEART SOCK HANGER,1
WASH BAG VINTAGE ROSE PAISLEY,DAIRY MAID LARGE MILK JUG,1
WASH BAG VINTAGE ROSE PAISLEY,DAIRY MAID STRIPE MUG,1
WASH BAG VINTAGE ROSE PAISLEY,KINGS CHOICE MUG,1
WASH BAG VINTAGE ROSE PAISLEY,DAIRY MAID TRADITIONAL TEAPOT,1
WASHROOM METAL SIGN,WOOD BLACK BOARD ANT WHITE FINISH,2
WASHROOM METAL SIGN,SET OF 3 WOODEN HEART DECORATIONS,2
WASHROOM METAL SIGN,SPOTTY BUNTING,2
WASHROOM METAL SIGN,HOT BATHS METAL SIGN,2
WASHROOM METAL SIGN,LAUNDRY 15C METAL SIGN,2
WATERING CAN BLUE ELEPHANT,LUNCH BAG SUKI DESIGN,4
WATERING CAN BLUE ELEPHANT,LUNCH BAG  BLACK SKULL.,3
WATERING CAN BLUE ELEPHANT,HOME SWEET HOME 3 PEG HANGER,2
WATERING CAN BLUE ELEPHANT,CHOCOLATE THIS WAY METAL SIGN,2
WATERING CAN BLUE ELEPHANT,HOT BATHS METAL SIGN,2
WATERING CAN GREEN DINOSAUR,WATERING CAN PINK BUNNY,3
WATERING CAN GREEN DINOSAUR,HAND WARMER OWL DESIGN,2
WATERING CAN GREEN DINOSAUR,MAGNETS PACK OF 4 CHILDHOOD MEMORY,2
WATERING CAN GREEN DINOSAUR,GARDENERS KNEELING PAD KEEP CALM,2
WATERING CAN GREEN DINOSAUR,GARDENERS KNEELING PAD CUP OF TEA,2
WATERING CAN PINK BUNNY,TRADITIONAL KNITTING NANCY,3
WATERING CAN PINK BUNNY,WATERING CAN GREEN DINOSAUR,3
WATERING CAN PINK BUNNY,GARDENERS KNEELING PAD CUP OF TEA,2
WATERING CAN PINK BUNNY,LARGE PURPLE BABUSHKA NOTEBOOK,2
WATERING CAN PINK BUNNY,GARDENERS KNEELING PAD KEEP CALM,2
WATERMELON BATH SPONGE,6 RIBBONS SHIMMERING PINKS,1
WATERMELON BATH SPONGE,DOORMAT SPOTTY HOME SWEET HOME,1
WATERMELON BATH SPONGE,CHRISTMAS LIGHTS 10 VINTAGE BAUBLES,1
WATERMELON BATH SPONGE,60 TEATIME FAIRY CAKE CASES,1
WATERMELON BATH SPONGE,LUNCH BAG PINK POLKADOT,1
WELCOME  WOODEN BLOCK LETTERS,LOVE BUILDING BLOCK WORD,3
WELCOME  WOODEN BLOCK LETTERS,COOK WITH WINE METAL SIGN,2
WELCOME  WOODEN BLOCK LETTERS,HERB MARKER ROSEMARY,2
WELCOME  WOODEN BLOCK LETTERS,HERB MARKER THYME,2
WELCOME  WOODEN BLOCK LETTERS,LUNCH BAG CARS BLUE,2
WHEELBARROW FOR CHILDREN,RED RETROSPOT SHOPPER BAG,2
WHEELBARROW FOR CHILDREN,WOODEN PICTURE FRAME WHITE FINISH,1
WHEELBARROW FOR CHILDREN,WOODEN FRAME ANTIQUE WHITE,1
WHEELBARROW FOR CHILDREN,3 PIECE SPACEBOY COOKIE CUTTER SET,1
WHEELBARROW FOR CHILDREN,WOOD 2 DRAWER CABINET WHITE FINISH,1
WHITE 3 FRAME BIRDS AND TREE,CARRIAGE,1
WHITE BROCANTE SOAP DISH,ALARM CLOCK BAKELIKE IVORY,1
WHITE BROCANTE SOAP DISH,BAKING SET SPACEBOY DESIGN,1
WHITE BROCANTE SOAP DISH,ASSORTED BOTTLE TOP  MAGNETS,1
WHITE BROCANTE SOAP DISH,ASSORTED COLOUR BIRD ORNAMENT,1
WHITE BROCANTE SOAP DISH,DOORMAT SPOTTY HOME SWEET HOME,1
WHITE GOOSE FEATHER CHRISTMAS TREE,DOGGY RUBBER,1
WHITE GOOSE FEATHER CHRISTMAS TREE,ANTIQUE SILVER BAUBLE LAMP,1
WHITE GOOSE FEATHER CHRISTMAS TREE,FELTCRAFT HAIRBAND PINK AND PURPLE,1
WHITE GOOSE FEATHER CHRISTMAS TREE,FELTCRAFT HAIRBAND RED AND BLUE,1
WHITE GOOSE FEATHER CHRISTMAS TREE,FELTCRAFT HAIRBANDS PINK AND WHITE,1
WHITE GOOSE FEATHER TREE 60CM,HAND WARMER OWL DESIGN,2
WHITE GOOSE FEATHER TREE 60CM,GINGERBREAD MAN COOKIE CUTTER,2
WHITE GOOSE FEATHER TREE 60CM,GARDENERS KNEELING PAD KEEP CALM,2
WHITE GOOSE FEATHER TREE 60CM,FELTCRAFT CUSHION BUTTERFLY,2
WHITE GOOSE FEATHER TREE 60CM,HAND WARMER BABUSHKA DESIGN,2
WHITE HAND TOWEL WITH BUTTERFLY,CAKES AND BOWS GIFT  TAPE,1
WHITE HAND TOWEL WITH BUTTERFLY,LARGE CAKE TOWEL PINK SPOTS,1
WHITE HAND TOWEL WITH BUTTERFLY,LOVE HEART POCKET WARMER,1
WHITE HAND TOWEL WITH BUTTERFLY,LARGE CAKE TOWEL CHOCOLATE SPOTS,1
WHITE HAND TOWEL WITH BUTTERFLY,HAND TOWEL PALE BLUE W FLOWERS,1
WHITE HANGING HEART T-LIGHT HOLDER,REGENCY CAKESTAND 3 TIER,7
WHITE HANGING HEART T-LIGHT HOLDER,JUMBO STORAGE BAG SUKI,6
WHITE HANGING HEART T-LIGHT HOLDER,LUNCH BAG CARS BLUE,6
WHITE HANGING HEART T-LIGHT HOLDER,PARTY BUNTING,5
WHITE HANGING HEART T-LIGHT HOLDER,HAND OVER THE CHOCOLATE   SIGN,5
WHITE HEARTS WIRE PLANT POT HOLDER,LUNCH BAG PINK POLKADOT,1
WHITE HEARTS WIRE PLANT POT HOLDER,CHILDRENS CUTLERY SPACEBOY,1
WHITE HEARTS WIRE PLANT POT HOLDER,LOVE BUILDING BLOCK WORD,1
WHITE HEARTS WIRE PLANT POT HOLDER,CLASSIC FRENCH STYLE BASKET BROWN,1
WHITE HEARTS WIRE PLANT POT HOLDER,HOT WATER BOTTLE TEA AND SYMPATHY,1
WHITE JEWELLED HEART DECORATION,BOX OF VINTAGE ALPHABET BLOCKS,1
WHITE JEWELLED HEART DECORATION,HEART IVORY TRELLIS LARGE,1
WHITE JEWELLED HEART DECORATION,CLASSIC FRENCH STYLE BASKET NATURAL,1
WHITE JEWELLED HEART DECORATION,ASSORTED COLOUR BIRD ORNAMENT,1
WHITE JEWELLED HEART DECORATION,LUNCH BAG CARS BLUE,1
WHITE LOVEBIRD LANTERN,KINGS CHOICE GIANT TUBE MATCHES,1
WHITE LOVEBIRD LANTERN,BAKING SET 9 PIECE RETROSPOT,1
WHITE LOVEBIRD LANTERN,CREAM SWEETHEART MINI CHEST,1
WHITE LOVEBIRD LANTERN,HANGING HEART MIRROR DECORATION,1
WHITE LOVEBIRD LANTERN,GREY HEART HOT WATER BOTTLE,1
WHITE METAL LANTERN,WHITE HANGING HEART T-LIGHT HOLDER,2
WHITE METAL LANTERN,METAL SIGN DROP YOUR PANTS,2
WHITE METAL LANTERN,WHITE SKULL HOT WATER BOTTLE,1
WHITE METAL LANTERN,WOOD BLACK BOARD ANT WHITE FINISH,1
WHITE METAL LANTERN,VINTAGE KID DOLLY CARD,1
WHITE MURANO TWIST BRACELET,HI TEC ALPINE HAND WARMER,1
WHITE MURANO TWIST BRACELET,FILIGRIS HEART WITH BUTTERFLY,1
WHITE MURANO TWIST BRACELET,BOTTLE BAG RETROSPOT,1
WHITE MURANO TWIST BRACELET,CAKE PLATE LOVEBIRD WHITE,1
WHITE MURANO TWIST BRACELET,JOY LARGE WOOD LETTERS,1
WHITE ROCKING HORSE HAND PAINTED,JAZZ HEARTS PURSE NOTEBOOK,1
WHITE ROCKING HORSE HAND PAINTED,COCKTAIL SWORDS 50 PIECES,1
WHITE ROCKING HORSE HAND PAINTED,LIPSTICK PEN RED,1
WHITE ROCKING HORSE HAND PAINTED,HEART DECORATION RUSTIC HANGING,1
WHITE ROCKING HORSE HAND PAINTED,HEART T-LIGHT HOLDER WILLIE WINKIE,1
WHITE SAGE INCENSE,LOVELY BONBON STICKER SHEET,1
WHITE SAGE INCENSE,DOG TOY WITH PINK CROCHET SKIRT,1
WHITE SAGE INCENSE,CARD CHRISTMAS VILLAGE,1
WHITE SAGE INCENSE,HOT BATHS METAL SIGN,1
WHITE SAGE INCENSE,GARLAND WITH HEARTS AND BELLS,1
WHITE SKULL HOT WATER BOTTLE,HOT WATER BOTTLE I AM SO POORLY,5
WHITE SKULL HOT WATER BOTTLE,LOVE HOT WATER BOTTLE,5
WHITE SKULL HOT WATER BOTTLE,HOT WATER BOTTLE KEEP CALM,4
WHITE SKULL HOT WATER BOTTLE,WHITE HANGING HEART T-LIGHT HOLDER,4
WHITE SKULL HOT WATER BOTTLE,BLUE POLKADOT BOWL,4
WHITE SPOT BLUE CERAMIC DRAWER KNOB,FELTCRAFT DOLL EMILY,2
WHITE SPOT BLUE CERAMIC DRAWER KNOB,BLUE STRIPE CERAMIC DRAWER KNOB,2
WHITE SPOT BLUE CERAMIC DRAWER KNOB,RED FLORAL FELTCRAFT SHOULDER BAG,2
WHITE SPOT BLUE CERAMIC DRAWER KNOB,RED STRIPE CERAMIC DRAWER KNOB,2
WHITE SPOT BLUE CERAMIC DRAWER KNOB,HAND WARMER BIRD DESIGN,1
WHITE SPOT RED CERAMIC DRAWER KNOB,RED STRIPE CERAMIC DRAWER KNOB,4
WHITE SPOT RED CERAMIC DRAWER KNOB,JUMBO STORAGE BAG SUKI,3
WHITE SPOT RED CERAMIC DRAWER KNOB,PACK OF 60 DINOSAUR CAKE CASES,3
WHITE SPOT RED CERAMIC DRAWER KNOB,LUNCH BAG CARS BLUE,3
WHITE SPOT RED CERAMIC DRAWER KNOB,BLUE SPOT CERAMIC DRAWER KNOB,3
WHITE SQUARE TABLE CLOCK,CARRIAGE,1
WHITE SQUARE TABLE CLOCK,AIRLINE BAG VINTAGE JET SET WHITE,1
WHITE SQUARE TABLE CLOCK,AIRLINE BAG VINTAGE WORLD CHAMPION,1
"WHITE TEA,COFFEE,SUGAR JARS",BREAD BIN DINER STYLE MINT,1
"WHITE TEA,COFFEE,SUGAR JARS",BREAD BIN DINER STYLE PINK,1
"WHITE TEA,COFFEE,SUGAR JARS",FLOOR LAMP SHADE WOOD BASE,1
"WHITE TEA,COFFEE,SUGAR JARS",GLASS  BEURRE DISH,1
"WHITE TEA,COFFEE,SUGAR JARS",BLUE & WHITE BREAKFAST TRAY,1
WHITE WICKER STAR,HEART OF WICKER SMALL,2
WHITE WICKER STAR,HOT WATER BOTTLE KEEP CALM,2
WHITE WICKER STAR,GINGHAM HEART  DOORSTOP RED,2
WHITE WICKER STAR,LARGE WHITE HEART OF WICKER,2
WHITE WICKER STAR,SMALL WHITE HEART OF WICKER,2
WHITE WIRE EGG HOLDER,FRENCH BLUE METAL DOOR SIGN 0,1
WHITE WIRE EGG HOLDER,FRENCH BLUE METAL DOOR SIGN 1,1
WHITE WIRE EGG HOLDER,FRENCH BLUE METAL DOOR SIGN 2,1
WHITE WIRE EGG HOLDER,DECORATIVE WICKER HEART LARGE,1
WHITE WIRE EGG HOLDER,JUMBO SHOPPER VINTAGE RED PAISLEY,1
WHITE WOOD GARDEN PLANT LADDER,LARGE CERAMIC TOP STORAGE JAR,2
WHITE WOOD GARDEN PLANT LADDER,REGENCY CAKESTAND 3 TIER,2
WHITE WOOD GARDEN PLANT LADDER,HEART OF WICKER SMALL,1
WHITE WOOD GARDEN PLANT LADDER,LUNCH BAG SUKI DESIGN,1
WHITE WOOD GARDEN PLANT LADDER,COFFEE MUG PINK PAISLEY DESIGN,1
WHITE/PINK CHICK DECORATION,BLUE BIRDHOUSE DECORATION,1
WHITE/PINK CHICK DECORATION,BOX OF 6 ASSORTED COLOUR TEASPOONS,1
WHITE/PINK CHICK DECORATION,EASTER CRAFT IVY WREATH WITH CHICK,1
WHITE/PINK CHICK DECORATION,GARLAND WOODEN HAPPY EASTER,1
WHITE/PINK CHICK DECORATION,HANGING WOOD AND FELT BUTTERFLY,1
WHITE/PINK CHICK EASTER DECORATION,BLUE BIRDHOUSE DECORATION,1
WHITE/PINK CHICK EASTER DECORATION,BOX OF 6 ASSORTED COLOUR TEASPOONS,1
WHITE/PINK CHICK EASTER DECORATION,EASTER CRAFT IVY WREATH WITH CHICK,1
WHITE/PINK CHICK EASTER DECORATION,GARLAND WOODEN HAPPY EASTER,1
WHITE/PINK CHICK EASTER DECORATION,HANGING WOOD AND FELT BUTTERFLY,1
WICKER STAR,ALARM CLOCK BAKELIKE RED,2
WICKER STAR,IVORY PAPER CUP CAKE CASES,2
WICKER STAR,LUNCH BAG SPACEBOY DESIGN,2
WICKER STAR,HEART OF WICKER SMALL,2
WICKER STAR,ALARM CLOCK BAKELIKE CHOCOLATE,2
WICKER WREATH SMALL,CHRISTMAS HANGING STAR WITH BELL,1
WICKER WREATH SMALL,FOOD/DRINK SPONGE STICKERS,1
WICKER WREATH SMALL,SILVER BELLS TABLE DECORATION,1
WICKER WREATH SMALL,TRAVEL CARD WALLET I LOVE LONDON,1
WICKER WREATH SMALL,TRAVEL CARD WALLET KEEP CALM,1
WIRE EGG BASKET,CREAM SWEETHEART MINI CHEST,1
WIRE EGG BASKET,KITTENS DESIGN FLANNEL,1
WIRE EGG BASKET,KINGS CHOICE BISCUIT TIN,1
WIRE EGG BASKET,36 PENCILS TUBE SKULLS,1
WIRE EGG BASKET,KINGS CHOICE TEA CADDY,1
WOOD 2 DRAWER CABINET WHITE FINISH,WOOD BLACK BOARD ANT WHITE FINISH,3
WOOD 2 DRAWER CABINET WHITE FINISH,HEART OF WICKER SMALL,3
WOOD 2 DRAWER CABINET WHITE FINISH,WOODEN PICTURE FRAME WHITE FINISH,2
WOOD 2 DRAWER CABINET WHITE FINISH,WOODEN FRAME ANTIQUE WHITE,2
WOOD 2 DRAWER CABINET WHITE FINISH,SMALL WHITE HEART OF WICKER,2
WOOD BLACK BOARD ANT WHITE FINISH,WOOD 2 DRAWER CABINET WHITE FINISH,3
WOOD BLACK BOARD ANT WHITE FINISH,SPOTTY BUNTING,3
WOOD BLACK BOARD ANT WHITE FINISH,HEART OF WICKER SMALL,3
WOOD BLACK BOARD ANT WHITE FINISH,IVORY WICKER HEART LARGE,3
WOOD BLACK BOARD ANT WHITE FINISH,NATURAL SLATE HEART CHALKBOARD,3
WOOD S/3 CABINET ANT WHITE FINISH,ANTIQUE TALL SWIRLGLASS TRINKET POT,1
WOOD S/3 CABINET ANT WHITE FINISH,BLUE VINTAGE SPOT BEAKER,1
WOOD S/3 CABINET ANT WHITE FINISH,CHILDRENS CUTLERY RETROSPOT RED,1
WOOD S/3 CABINET ANT WHITE FINISH,CHILDRENS CUTLERY SPACEBOY,1
WOOD S/3 CABINET ANT WHITE FINISH,LUNCH BAG PINK POLKADOT,1
WOOD STAMP SET BEST WISHES,JAZZ HEARTS PURSE NOTEBOOK,1
WOOD STAMP SET BEST WISHES,COCKTAIL SWORDS 50 PIECES,1
WOOD STAMP SET BEST WISHES,LIPSTICK PEN RED,1
WOOD STAMP SET BEST WISHES,HEART DECORATION RUSTIC HANGING,1
WOOD STAMP SET BEST WISHES,HEART T-LIGHT HOLDER WILLIE WINKIE,1
WOOD STAMP SET FLOWERS,ENGLISH ROSE NOTEBOOK A7 SIZE,1
WOOD STAMP SET FLOWERS,LOVE HEART TRINKET POT,1
WOOD STAMP SET FLOWERS,MAKE YOUR OWN MONSOON CARD KIT,1
WOOD STAMP SET FLOWERS,BLUE POLKADOT BEAKER,1
WOOD STAMP SET FLOWERS,FELTCRAFT BUTTERFLY HEARTS,1
WOOD STAMP SET HAPPY BIRTHDAY,BAKING SET 9 PIECE RETROSPOT,2
WOOD STAMP SET HAPPY BIRTHDAY,RED GINGHAM ROSE JEWELLERY BOX,2
WOOD STAMP SET HAPPY BIRTHDAY,FELTCRAFT DOLL MOLLY,1
WOOD STAMP SET HAPPY BIRTHDAY,ASS FLORAL PRINT MULTI SCREWDRIVER,1
WOOD STAMP SET HAPPY BIRTHDAY,ENGLISH ROSE GARDEN SECATEURS,1
WOOD STAMP SET THANK YOU,BLUE EGG  SPOON,1
WOOD STAMP SET THANK YOU,BLUE POLKADOT BEAKER,1
WOOD STAMP SET THANK YOU,CLASSIC FRENCH STYLE BASKET NATURAL,1
WOOD STAMP SET THANK YOU,DANISH ROSE PHOTO FRAME,1
WOOD STAMP SET THANK YOU,LADS ONLY TISSUE BOX,1
WOOD STOCKING CHRISTMAS SCANDISPOT,EGG CUP MILKMAID HEIDI,2
WOOD STOCKING CHRISTMAS SCANDISPOT,EGG CUP MILKMAID INGRID,2
WOOD STOCKING CHRISTMAS SCANDISPOT,SET OF 3 WOODEN SLEIGH DECORATIONS,2
WOOD STOCKING CHRISTMAS SCANDISPOT,VINTAGE DOILY TRAVEL SEWING KIT,2
WOOD STOCKING CHRISTMAS SCANDISPOT,WOODEN HEART CHRISTMAS SCANDINAVIAN,2
WOODEN ADVENT CALENDAR RED,HOME SWEET HOME KEY HOLDER,1
WOODEN ADVENT CALENDAR RED,CHRISTMAS METAL TAGS ASSORTED,1
WOODEN ADVENT CALENDAR RED,BOX OF 6 MINI 50'S CRACKERS,1
WOODEN ADVENT CALENDAR RED,COLOUR GLASS. STAR T-LIGHT HOLDER,1
WOODEN ADVENT CALENDAR RED,6 GIFT TAGS VINTAGE CHRISTMAS,1
WOODEN BOX ADVENT CALENDAR,DOORMAT RED RETROSPOT,1
WOODEN BOX ADVENT CALENDAR,LUNCH BAG WOODLAND,1
WOODEN BOX ADVENT CALENDAR,LUNCH BAG  BLACK SKULL.,1
WOODEN BOX ADVENT CALENDAR,DINOSAURS  WRITING SET,1
WOODEN BOX ADVENT CALENDAR,HEART CALCULATOR,1
WOODEN BOX OF DOMINOES,BLUE HARMONICA IN BOX,2
WOODEN BOX OF DOMINOES,GROW A FLYTRAP OR SUNFLOWER IN TIN,2
WOODEN BOX OF DOMINOES,RED  HARMONICA IN BOX,2
WOODEN BOX OF DOMINOES,SET 6 SCHOOL MILK BOTTLES IN CRATE,2
WOODEN BOX OF DOMINOES,BAG 125G SWIRLY MARBLES,1
WOODEN CROQUET GARDEN SET,WOODEN ROUNDERS GARDEN SET,3
WOODEN CROQUET GARDEN SET,6 EGG HOUSE PAINTED WOOD,2
WOODEN CROQUET GARDEN SET,NATURAL SLATE CHALKBOARD LARGE,2
WOODEN CROQUET GARDEN SET,ROUND CAKE TIN VINTAGE RED,2
WOODEN CROQUET GARDEN SET,BISCUIT TIN VINTAGE RED,1
WOODEN FRAME ANTIQUE WHITE,WOODEN PICTURE FRAME WHITE FINISH,5
WOODEN FRAME ANTIQUE WHITE,SCOTTIE DOG HOT WATER BOTTLE,3
WOODEN FRAME ANTIQUE WHITE,SMALL WHITE HEART OF WICKER,3
WOODEN FRAME ANTIQUE WHITE,GARDENERS KNEELING PAD CUP OF TEA,3
WOODEN FRAME ANTIQUE WHITE,FAMILY ALBUM WHITE PICTURE FRAME,3
WOODEN HAPPY BIRTHDAY GARLAND,LUNCH BAG PINK POLKADOT,2
WOODEN HAPPY BIRTHDAY GARLAND,LUNCH BAG RED RETROSPOT,2
WOODEN HAPPY BIRTHDAY GARLAND,LUNCH BAG CARS BLUE,2
WOODEN HAPPY BIRTHDAY GARLAND,LUNCH BAG  BLACK SKULL.,2
WOODEN HAPPY BIRTHDAY GARLAND,JUMBO STORAGE BAG SUKI,2
WOODEN HEART CHRISTMAS SCANDINAVIAN,EGG CUP MILKMAID HEIDI,2
WOODEN HEART CHRISTMAS SCANDINAVIAN,EGG CUP MILKMAID INGRID,2
WOODEN HEART CHRISTMAS SCANDINAVIAN,ANGEL DECORATION 3 BUTTONS,2
WOODEN HEART CHRISTMAS SCANDINAVIAN,ANGEL DECORATION PAINTED ZINC,2
WOODEN HEART CHRISTMAS SCANDINAVIAN,CHRISTMAS RETROSPOT STAR WOOD,2
WOODEN OWLS LIGHT GARLAND,LUNCH BAG WOODLAND,1
WOODEN OWLS LIGHT GARLAND,MAKE YOUR OWN PLAYTIME CARD KIT,1
WOODEN OWLS LIGHT GARLAND,JUNGLE POPSICLES ICE LOLLY MOULDS,1
WOODEN OWLS LIGHT GARLAND,BUNDLE OF 3 ALPHABET EXERCISE BOOKS,1
WOODEN OWLS LIGHT GARLAND,BUNDLE OF 3 RETRO NOTE BOOKS,1
WOODEN PICTURE FRAME WHITE FINISH,WOODEN FRAME ANTIQUE WHITE,5
WOODEN PICTURE FRAME WHITE FINISH,SMALL WHITE HEART OF WICKER,3
WOODEN PICTURE FRAME WHITE FINISH,FAMILY ALBUM WHITE PICTURE FRAME,3
WOODEN PICTURE FRAME WHITE FINISH,LUNCH BAG PINK POLKADOT,2
WOODEN PICTURE FRAME WHITE FINISH,TRIPLE HOOK ANTIQUE IVORY ROSE,2
WOODEN REGATTA BUNTING,COLOUR GLASS T-LIGHT HOLDER HANGING,1
WOODEN REGATTA BUNTING,AREA PATROLLED METAL SIGN,1
WOODEN REGATTA BUNTING,JUMBO BAG CHARLIE AND LOLA TOYS,1
WOODEN REGATTA BUNTING,GARAGE KEY FOB,1
WOODEN REGATTA BUNTING,ALUMINIUM STAMPED HEART,1
WOODEN ROUNDERS GARDEN SET,WOODEN CROQUET GARDEN SET,3
WOODEN ROUNDERS GARDEN SET,6 EGG HOUSE PAINTED WOOD,2
WOODEN ROUNDERS GARDEN SET,IVORY KITCHEN SCALES,2
WOODEN ROUNDERS GARDEN SET,NATURAL SLATE CHALKBOARD LARGE,2
WOODEN ROUNDERS GARDEN SET,ROUND CAKE TIN VINTAGE RED,2
WOODEN SCHOOL COLOURING SET,HOT BATHS METAL SIGN,2
WOODEN SCHOOL COLOURING SET,PACK OF 12 TRADITIONAL CRAYONS,2
WOODEN SCHOOL COLOURING SET,PACK OF 72 RETROSPOT CAKE CASES,2
WOODEN SCHOOL COLOURING SET,SHELF WITH 4 HOOKS HOME SWEET HOME,2
WOODEN SCHOOL COLOURING SET,VINTAGE HEADS AND TAILS CARD GAME,2
WOODEN SKITTLES GARDEN SET,ALPHABET STENCIL CRAFT,1
WOODEN SKITTLES GARDEN SET,HAPPY STENCIL CRAFT,1
WOODEN SKITTLES GARDEN SET,COFFEE MUG PEARS  DESIGN,1
WOODEN SKITTLES GARDEN SET,IVORY GIANT GARDEN THERMOMETER,1
WOODEN SKITTLES GARDEN SET,GREEN GIANT GARDEN THERMOMETER,1
WOODEN STAR CHRISTMAS SCANDINAVIAN,BUBBLEGUM RING ASSORTED,2
WOODEN STAR CHRISTMAS SCANDINAVIAN,JUMBO BAG 50'S CHRISTMAS,2
WOODEN STAR CHRISTMAS SCANDINAVIAN,CHRISTMAS HANGING STAR WITH BELL,2
WOODEN STAR CHRISTMAS SCANDINAVIAN,ANGEL DECORATION 3 BUTTONS,2
WOODEN STAR CHRISTMAS SCANDINAVIAN,ANGEL DECORATION PAINTED ZINC,2
WOODEN TREE CHRISTMAS SCANDINAVIAN,BUBBLEGUM RING ASSORTED,2
WOODEN TREE CHRISTMAS SCANDINAVIAN,JUMBO BAG 50'S CHRISTMAS,2
WOODEN TREE CHRISTMAS SCANDINAVIAN,PAPER CHAIN KIT 50'S CHRISTMAS,2
WOODEN TREE CHRISTMAS SCANDINAVIAN,RED ROCKING HORSE HAND PAINTED,2
WOODEN TREE CHRISTMAS SCANDINAVIAN,SET OF 2 CHRISTMAS DECOUPAGE CANDLE,2
WOODEN UNION JACK BUNTING,ALARM CLOCK BAKELIKE CHOCOLATE,2
WOODEN UNION JACK BUNTING,ALARM CLOCK BAKELIKE GREEN,2
WOODEN UNION JACK BUNTING,BOX OF 24 COCKTAIL PARASOLS,2
WOODEN UNION JACK BUNTING,DOORMAT SPOTTY HOME SWEET HOME,2
WOODEN UNION JACK BUNTING,PAPER CHAIN KIT EMPIRE,2
WOODLAND  STICKERS,PHOTO CUBE,2
WOODLAND  STICKERS,DINOSAURS  WRITING SET,2
WOODLAND  STICKERS,ALARM CLOCK BAKELIKE GREEN,2
WOODLAND  STICKERS,RED RETROSPOT BOWL,2
WOODLAND  STICKERS,RED RETROSPOT CHARLOTTE BAG,2
WOODLAND CHARLOTTE BAG,CHARLOTTE BAG DOLLY GIRL DESIGN,4
WOODLAND CHARLOTTE BAG,STRAWBERRY CHARLOTTE BAG,4
WOODLAND CHARLOTTE BAG,LUNCH BAG PINK POLKADOT,3
WOODLAND CHARLOTTE BAG,LUNCH BAG CARS BLUE,3
WOODLAND CHARLOTTE BAG,CHARLOTTE BAG PINK POLKADOT,3
WOODLAND DESIGN  COTTON TOTE BAG,ABC TREASURE BOOK BOX,1
WOODLAND DESIGN  COTTON TOTE BAG,CREAM SLICE FLANNEL PINK SPOT,1
WOODLAND DESIGN  COTTON TOTE BAG,LARGE CAKE TOWEL PINK SPOTS,1
WOODLAND DESIGN  COTTON TOTE BAG,DOLLY GIRL LUNCH BOX,1
WOODLAND DESIGN  COTTON TOTE BAG,CACTI T-LIGHT CANDLES,1
WOODLAND MINI BACKPACK,ALARM CLOCK BAKELIKE PINK,3
WOODLAND MINI BACKPACK,DOLLY GIRL MINI BACKPACK,3
WOODLAND MINI BACKPACK,ALARM CLOCK BAKELIKE RED,2
WOODLAND MINI BACKPACK,MAGNETS PACK OF 4 RETRO PHOTO,2
WOODLAND MINI BACKPACK,HEART OF WICKER SMALL,2
WOODLAND PARTY BAG + STICKER SET,LUNCH BAG WOODLAND,1
WOODLAND PARTY BAG + STICKER SET,MAKE YOUR OWN PLAYTIME CARD KIT,1
WOODLAND PARTY BAG + STICKER SET,JUNGLE POPSICLES ICE LOLLY MOULDS,1
WOODLAND PARTY BAG + STICKER SET,BUNDLE OF 3 ALPHABET EXERCISE BOOKS,1
WOODLAND PARTY BAG + STICKER SET,BUNDLE OF 3 RETRO NOTE BOOKS,1
WOODLAND STORAGE BOX LARGE,6 RIBBONS SHIMMERING PINKS,1
WOODLAND STORAGE BOX LARGE,DOORMAT SPOTTY HOME SWEET HOME,1
WOODLAND STORAGE BOX LARGE,CHRISTMAS LIGHTS 10 VINTAGE BAUBLES,1
WOODLAND STORAGE BOX LARGE,60 TEATIME FAIRY CAKE CASES,1
WOODLAND STORAGE BOX LARGE,LUNCH BAG PINK POLKADOT,1
WOODLAND STORAGE BOX SMALL,6 RIBBONS SHIMMERING PINKS,1
WOODLAND STORAGE BOX SMALL,DOORMAT SPOTTY HOME SWEET HOME,1
WOODLAND STORAGE BOX SMALL,CHRISTMAS LIGHTS 10 VINTAGE BAUBLES,1
WOODLAND STORAGE BOX SMALL,60 TEATIME FAIRY CAKE CASES,1
WOODLAND STORAGE BOX SMALL,LUNCH BAG PINK POLKADOT,1
WORLD WAR 2 GLIDERS ASSTD DESIGNS,GINGERBREAD MAN COOKIE CUTTER,2
WORLD WAR 2 GLIDERS ASSTD DESIGNS,FRENCH ENAMEL CANDLEHOLDER,2
WORLD WAR 2 GLIDERS ASSTD DESIGNS,FUNKY DIVA PEN,2
WORLD WAR 2 GLIDERS ASSTD DESIGNS,CARAVAN SQUARE TISSUE BOX,2
WORLD WAR 2 GLIDERS ASSTD DESIGNS,ALARM CLOCK BAKELIKE GREEN,2
WOVEN ROSE GARDEN CUSHION COVER,HERB MARKER MINT,1
WOVEN ROSE GARDEN CUSHION COVER,HEART DECORATION PAINTED ZINC,1
WOVEN ROSE GARDEN CUSHION COVER,ALARM CLOCK BAKELIKE CHOCOLATE,1
WOVEN ROSE GARDEN CUSHION COVER,HERB MARKER PARSLEY,1
WOVEN ROSE GARDEN CUSHION COVER,EDWARDIAN PARASOL RED,1
WRAP 50'S  CHRISTMAS,BLUE SCANDINAVIAN PAISLEY WRAP,1
WRAP 50'S  CHRISTMAS,PINK PAISLEY ROSE GIFT WRAP,1
WRAP 50'S  CHRISTMAS,RED RETROSPOT WRAP,1
WRAP 50'S  CHRISTMAS,ROLL WRAP 50'S RED CHRISTMAS,1
WRAP 50'S  CHRISTMAS,ROLL WRAP VINTAGE CHRISTMAS,1
WRAP ALPHABET DESIGN,BAKING SET 9 PIECE RETROSPOT,2
WRAP ALPHABET DESIGN,BAKING SET SPACEBOY DESIGN,2
WRAP ALPHABET DESIGN,PLASTERS IN TIN STRONGMAN,2
WRAP ALPHABET DESIGN,RETROSPOT TEA SET CERAMIC 11 PC,2
WRAP ALPHABET DESIGN,FELTCRAFT BUTTERFLY HEARTS,1
WRAP ALPHABET POSTER,REGENCY CAKESTAND 3 TIER,2
WRAP ALPHABET POSTER,WRAP BIRD GARDEN,2
WRAP ALPHABET POSTER,ALARM CLOCK BAKELIKE RED,1
WRAP ALPHABET POSTER,DOORMAT KEEP CALM AND COME IN,1
WRAP ALPHABET POSTER,GREY HEART HOT WATER BOTTLE,1
WRAP BILLBOARD FONTS DESIGN,CARD GINGHAM ROSE,1
WRAP BILLBOARD FONTS DESIGN,BOX OF 24 COCKTAIL PARASOLS,1
WRAP BILLBOARD FONTS DESIGN,GUMBALL COAT RACK,1
WRAP BILLBOARD FONTS DESIGN,BLUE HAPPY BIRTHDAY BUNTING,1
WRAP BILLBOARD FONTS DESIGN,"FANCY FONT BIRTHDAY CARD,",1
WRAP BIRD GARDEN,GARDENERS KNEELING PAD KEEP CALM,2
WRAP BIRD GARDEN,WRAP ALPHABET POSTER,2
WRAP BIRD GARDEN,JUMBO STORAGE BAG SUKI,1
WRAP BIRD GARDEN,BUBBLEGUM RING ASSORTED,1
WRAP BIRD GARDEN,60 CAKE CASES VINTAGE CHRISTMAS,1
WRAP CHRISTMAS VILLAGE,TREASURE TIN GYMKHANA DESIGN,2
WRAP CHRISTMAS VILLAGE,TRADITIONAL KNITTING NANCY,2
WRAP CHRISTMAS VILLAGE,SMALL WHITE HEART OF WICKER,2
WRAP CHRISTMAS VILLAGE,4 TRADITIONAL SPINNING TOPS,2
WRAP CHRISTMAS VILLAGE,REX CASH+CARRY JUMBO SHOPPER,2
WRAP CIRCUS PARADE,60 CAKE CASES DOLLY GIRL DESIGN,1
WRAP CIRCUS PARADE,FRENCH WC SIGN BLUE METAL,1
WRAP CIRCUS PARADE,60 TEATIME FAIRY CAKE CASES,1
WRAP CIRCUS PARADE,12 PENCIL SMALL TUBE WOODLAND,1
WRAP CIRCUS PARADE,FRIDGE MAGNETS LA VIE EN ROSE,1
WRAP DAISY CARPET,LUNCH BAG WOODLAND,1
WRAP DAISY CARPET,MAKE YOUR OWN PLAYTIME CARD KIT,1
WRAP DAISY CARPET,JUNGLE POPSICLES ICE LOLLY MOULDS,1
WRAP DAISY CARPET,BUNDLE OF 3 ALPHABET EXERCISE BOOKS,1
WRAP DAISY CARPET,BUNDLE OF 3 RETRO NOTE BOOKS,1
WRAP DOLLY GIRL,60 CAKE CASES DOLLY GIRL DESIGN,1
WRAP DOLLY GIRL,FRENCH WC SIGN BLUE METAL,1
WRAP DOLLY GIRL,60 TEATIME FAIRY CAKE CASES,1
WRAP DOLLY GIRL,12 PENCIL SMALL TUBE WOODLAND,1
WRAP DOLLY GIRL,FRIDGE MAGNETS LA VIE EN ROSE,1
WRAP ENGLISH ROSE,CHOCOLATE CALCULATOR,2
WRAP ENGLISH ROSE,KITTY PENCIL ERASERS,2
WRAP ENGLISH ROSE,LUNCH BAG WOODLAND,2
WRAP ENGLISH ROSE,SPACEBOY GIFT WRAP,2
WRAP ENGLISH ROSE,ALPHABET STENCIL CRAFT,1
WRAP FLOWER SHOP,HAND OVER THE CHOCOLATE   SIGN,1
WRAP FLOWER SHOP,CHILDRENS CUTLERY POLKADOT PINK,1
WRAP FLOWER SHOP,CHILDRENS CUTLERY RETROSPOT RED,1
WRAP FLOWER SHOP,CIRCUS PARADE BABY GIFT SET,1
WRAP FLOWER SHOP,HANGING HEART ZINC T-LIGHT HOLDER,1
WRAP GREEN PEARS,HAND OVER THE CHOCOLATE   SIGN,1
WRAP GREEN PEARS,CHILDRENS CUTLERY POLKADOT PINK,1
WRAP GREEN PEARS,CHILDRENS CUTLERY RETROSPOT RED,1
WRAP GREEN PEARS,CIRCUS PARADE BABY GIFT SET,1
WRAP GREEN PEARS,HANGING HEART ZINC T-LIGHT HOLDER,1
WRAP I LOVE LONDON,WRAP RED APPLES,2
WRAP I LOVE LONDON,SET OF 4 PANTRY JELLY MOULDS,2
WRAP I LOVE LONDON,FAIRY TALE COTTAGE NIGHTLIGHT,1
WRAP I LOVE LONDON,COCKTAIL SWORDS 50 PIECES,1
WRAP I LOVE LONDON,HEADS AND TAILS SPORTING FUN,1
WRAP MAGIC FOREST,HAND OVER THE CHOCOLATE   SIGN,1
WRAP MAGIC FOREST,CHILDRENS CUTLERY POLKADOT PINK,1
WRAP MAGIC FOREST,CHILDRENS CUTLERY RETROSPOT RED,1
WRAP MAGIC FOREST,CIRCUS PARADE BABY GIFT SET,1
WRAP MAGIC FOREST,HANGING HEART ZINC T-LIGHT HOLDER,1
WRAP MONSTER FUN,3 RAFFIA RIBBONS VINTAGE CHRISTMAS,1
WRAP MONSTER FUN,6 GIFT TAGS VINTAGE CHRISTMAS,1
WRAP MONSTER FUN,3D VINTAGE CHRISTMAS STICKERS,1
WRAP MONSTER FUN,6 RIBBONS ELEGANT CHRISTMAS,1
WRAP MONSTER FUN,EMPIRE GIFT WRAP,1
WRAP PAISLEY PARK,RED RETROSPOT WRAP,2
WRAP PAISLEY PARK,SET 40 HEART SHAPE PETIT FOUR CASES,2
WRAP PAISLEY PARK,SET OF 12 FAIRY CAKE BAKING CASES,2
WRAP PAISLEY PARK,SET OF 6 SNACK LOAF BAKING CASES,2
WRAP PAISLEY PARK,CIRCUS PARADE BABY GIFT SET,1
WRAP PINK FAIRY CAKES,WHITE HANGING HEART T-LIGHT HOLDER,2
WRAP PINK FAIRY CAKES,LUNCH BAG  BLACK SKULL.,2
WRAP PINK FAIRY CAKES,RECYCLING BAG RETROSPOT,2
WRAP PINK FAIRY CAKES,ASSORTED COLOUR BIRD ORNAMENT,2
WRAP PINK FAIRY CAKES,3D VINTAGE CHRISTMAS STICKERS,1
WRAP POPPIES  DESIGN,WRAP RED APPLES,1
WRAP POPPIES  DESIGN,JAM JAR WITH GREEN LID,1
WRAP POPPIES  DESIGN,6 RIBBONS RUSTIC CHARM,1
WRAP POPPIES  DESIGN,WRAP VINTAGE PETALS  DESIGN,1
WRAP POPPIES  DESIGN,CHOCOLATE BOX RIBBONS,1
WRAP RED APPLES,RETROSPOT TEA SET CERAMIC 11 PC,2
WRAP RED APPLES,SET OF 4 PANTRY JELLY MOULDS,2
WRAP RED APPLES,WRAP I LOVE LONDON,2
WRAP RED APPLES,JUMBO STORAGE BAG SUKI,1
WRAP RED APPLES,JUNGLE POPSICLES ICE LOLLY MOULDS,1
WRAP RED DOILEY,DOORMAT RED RETROSPOT,1
WRAP RED DOILEY,HAND OVER THE CHOCOLATE   SIGN,1
WRAP RED DOILEY,CHILDRENS CUTLERY POLKADOT PINK,1
WRAP RED DOILEY,CHILDRENS CUTLERY RETROSPOT RED,1
WRAP RED DOILEY,CIRCUS PARADE BABY GIFT SET,1
WRAP SUKI AND FRIENDS,BLUE POLKADOT CUP,1
WRAP SUKI AND FRIENDS,CHARLOTTE BAG SUKI DESIGN,1
WRAP SUKI AND FRIENDS,GARLAND WOODEN HAPPY EASTER,1
WRAP SUKI AND FRIENDS,"DECORATION , WOBBLY RABBIT , METAL",1
WRAP SUKI AND FRIENDS,ASSORTED INCENSE PACK,1
WRAP VINTAGE PETALS  DESIGN,6 RIBBONS RUSTIC CHARM,1
WRAP VINTAGE PETALS  DESIGN,FRENCH ENAMEL CANDLEHOLDER,1
WRAP VINTAGE PETALS  DESIGN,CARAVAN SQUARE TISSUE BOX,1
WRAP VINTAGE PETALS  DESIGN,4 TRADITIONAL SPINNING TOPS,1
WRAP VINTAGE PETALS  DESIGN,JAM JAR WITH GREEN LID,1
YELLOW GIANT GARDEN THERMOMETER,BLUE GIANT GARDEN THERMOMETER,2
YELLOW GIANT GARDEN THERMOMETER,GREEN GIANT GARDEN THERMOMETER,2
YELLOW GIANT GARDEN THERMOMETER,FRENCH BLUE METAL DOOR SIGN 2,1
YELLOW GIANT GARDEN THERMOMETER,LUNCH BAG DOLLY GIRL DESIGN,1
YELLOW GIANT GARDEN THERMOMETER,DOORMAT HEARTS,1
YOU'RE CONFUSING ME METAL SIGN,GIN + TONIC DIET METAL SIGN,2
YOU'RE CONFUSING ME METAL SIGN,HAND OVER THE CHOCOLATE   SIGN,2
YOU'RE CONFUSING ME METAL SIGN,GUMBALL COAT RACK,2
YOU'RE CONFUSING ME METAL SIGN,WHITE SKULL HOT WATER BOTTLE,2
YOU'RE CONFUSING ME METAL SIGN,BIRD HOUSE HOT WATER BOTTLE,1
ZINC BOX SIGN HOME,CARDHOLDER GINGHAM CHRISTMAS TREE,1
ZINC BOX SIGN HOME,HAND WARMER RED RETROSPOT,1
ZINC BOX SIGN HOME,6 RIBBONS RUSTIC CHARM,1
ZINC BOX SIGN HOME,GREY HEART HOT WATER BOTTLE,1
ZINC BOX SIGN HOME,HOME BUILDING BLOCK WORD,1
ZINC FOLKART SLEIGH BELLS,CHRISTMAS LIGHTS 10 VINTAGE BAUBLES,2
ZINC FOLKART SLEIGH BELLS,3D CHRISTMAS STAMPS STICKERS,2
ZINC FOLKART SLEIGH BELLS,ANTIQUE SILVER T-LIGHT GLASS,2
ZINC FOLKART SLEIGH BELLS,HANGING HEART ZINC T-LIGHT HOLDER,2
ZINC FOLKART SLEIGH BELLS,DISCO BALL CHRISTMAS DECORATION,2
ZINC HEART LATTICE T-LIGHT HOLDER,FRENCH TOILET SIGN BLUE METAL,1
ZINC HEART LATTICE T-LIGHT HOLDER,60 CAKE CASES DOLLY GIRL DESIGN,1
ZINC HEART LATTICE T-LIGHT HOLDER,FRENCH WC SIGN BLUE METAL,1
ZINC HEART LATTICE T-LIGHT HOLDER,12 PENCIL SMALL TUBE WOODLAND,1
ZINC HEART LATTICE T-LIGHT HOLDER,60 TEATIME FAIRY CAKE CASES,1
ZINC HERB GARDEN CONTAINER,JUMBO BAG ALPHABET,2
ZINC HERB GARDEN CONTAINER,CREAM HEART CARD HOLDER,2
ZINC HERB GARDEN CONTAINER,HEART OF WICKER SMALL,1
ZINC HERB GARDEN CONTAINER,JUMBO BAG SCANDINAVIAN BLUE PAISLEY,1
ZINC HERB GARDEN CONTAINER,LUNCH BAG RED RETROSPOT,1
ZINC METAL HEART DECORATION,SET 2 PANTRY DESIGN TEA TOWELS,3
ZINC METAL HEART DECORATION,SET OF 3 CAKE TINS PANTRY DESIGN,3
ZINC METAL HEART DECORATION,SET OF 3 HEART COOKIE CUTTERS,3
ZINC METAL HEART DECORATION,HEART OF WICKER SMALL,2
ZINC METAL HEART DECORATION,LUNCH BAG PINK POLKADOT,2
ZINC SWEETHEART WIRE LETTER RACK,LUNCH BAG RED RETROSPOT,2
ZINC SWEETHEART WIRE LETTER RACK,LUNCH BAG PINK POLKADOT,2
ZINC SWEETHEART WIRE LETTER RACK,LUNCH BAG SUKI DESIGN,2
ZINC SWEETHEART WIRE LETTER RACK,LUNCH BAG CARS BLUE,2
ZINC SWEETHEART WIRE LETTER RACK,LUNCH BAG WOODLAND,2
ZINC T-LIGHT HOLDER STARS SMALL,HEART TRELLISTRIPLE T-LIGHT HOLDER,1
ZINC T-LIGHT HOLDER STARS SMALL,ZINC FOLKART SLEIGH BELLS,1
ZINC T-LIGHT HOLDER STARS SMALL,JAM JAR WITH PINK LID,1
ZINC T-LIGHT HOLDER STARS SMALL,HANGING HEART ZINC T-LIGHT HOLDER,1
ZINC T-LIGHT HOLDER STARS SMALL,ZINC METAL HEART DECORATION,1
ZINC WILLIE WINKIE  CANDLE STICK,SET OF 3 CAKE TINS PANTRY DESIGN,2
ZINC WILLIE WINKIE  CANDLE STICK,36 DOILIES VINTAGE CHRISTMAS,1
ZINC WILLIE WINKIE  CANDLE STICK,HEART T-LIGHT HOLDER WILLIE WINKIE,1
ZINC WILLIE WINKIE  CANDLE STICK,CHRISTMAS CRAFT TREE TOP ANGEL,1
ZINC WILLIE WINKIE  CANDLE STICK,"BIRTHDAY CARD, RETRO SPOT",1
ZINC WIRE SWEETHEART LETTER TRAY,IVORY KITCHEN SCALES,1
ZINC WIRE SWEETHEART LETTER TRAY,CHRISTMAS CRAFT TREE TOP ANGEL,1
ZINC WIRE SWEETHEART LETTER TRAY,CHRISTMAS CRAFT WHITE FAIRY,1
ZINC WIRE SWEETHEART LETTER TRAY,ENAMEL BREAD BIN CREAM,1
ZINC WIRE SWEETHEART LETTER TRAY,LARGE MEDINA STAMPED METAL BOWL,1
